Vendor ID,IATA,Airport Name,Lounge Name,Normalized Lounge Name,Location,Route Type,Option SubTitle,Option Title,Vendor Terminal,Terminal,Terminal Side (International/Domestic),Direction (Arrival/Departure),Security Type,Security (Pre/Post),Review Notes,status,working_qa_status
N13295,BLR,Kempegowda International Airport,Z Lounge,Z Lounge,"Airside - Level 4, after security check, opposite Irish House, International Departure.",International Departure,"Z Lounge – Terminal 2, International Departures (Post-Security)","Terminal 2, International Departures (Post-Security)",Terminal 2,Terminal 2,International,Departure,Airside,Post Security,,,yes
N13294,BLR,Kempegowda International Airport,T1 Lounge (Kerbside),T1 Lounge,Landside - After the Domestic Arrival Exit Gates of Terminal 1.,International Arrival,"T1 Lounge – Terminal 1, International Arrival (Pre-Security)","Terminal 1, International Arrival (Pre-Security)",Terminal 1,Terminal 1,International,Arrival,Landside,Pre Security,"Lounge Name cleaned: removed '(Kerbside)' [access/location descriptor, not part of name] -> Normalized: 'T1 Lounge'",,yes
N13294,BLR,Kempegowda International Airport,T1 Lounge (Kerbside),T1 Lounge,Landside - After the Domestic Arrival Exit Gates of Terminal 1.,International Departure,"T1 Lounge – Terminal 1, International Departures (Pre-Security)","Terminal 1, International Departures (Pre-Security)",Terminal 1,Terminal 1,International,Departure,Landside,Pre Security,"Lounge Name cleaned: removed '(Kerbside)' [access/location descriptor, not part of name] -> Normalized: 'T1 Lounge'",,yes
N13294,BLR,Kempegowda International Airport,T1 Lounge (Kerbside),T1 Lounge,Landside - After the Domestic Arrival Exit Gates of Terminal 1.,Domestic Departure,"T1 Lounge – Terminal 1, Domestic Departures (Pre-Security)","Terminal 1, Domestic Departures (Pre-Security)",Terminal 1,Terminal 1,Domestic,Departure,Landside,Pre Security,"Lounge Name cleaned: removed '(Kerbside)' [access/location descriptor, not part of name] -> Normalized: 'T1 Lounge'",,yes
N13294,BLR,Kempegowda International Airport,T1 Lounge (Kerbside),T1 Lounge,Landside - After the Domestic Arrival Exit Gates of Terminal 1.,Domestic Arrival,"T1 Lounge – Terminal 1, Domestic Arrival (Pre-Security)","Terminal 1, Domestic Arrival (Pre-Security)",Terminal 1,Terminal 1,Domestic,Arrival,Landside,Pre Security,"Lounge Name cleaned: removed '(Kerbside)' [access/location descriptor, not part of name] -> Normalized: 'T1 Lounge'",,yes
N13263,VTE,Wattay International Airport,Vientiane Airport VIP Lounge,Vientiane Airport VIP Lounge,"To access this lounge, guests must first redeem a lounge voucher at the VIP Express Check-in counter, located before security, directly opposite Check-in Counter 23.
The lounge voucher is then presented to the staff upon entry.
The lounge is located after security. After clearing security and immigration, turn left and walk 50 meters straight to reach the lounge.",International Departure,"Vientiane Airport VIP Lounge – International Terminal, International Departures (Post-Security)","International Terminal, International Departures (Post-Security)",International Terminal,International Terminal,International,Departure,Airside,Post Security,,,yes
N13260,CNF,Tancredo Neves International Airport,BRT Lounges,BRT Lounges,"Landside - Before security check, the lounge is located in front of the central x-ray area.",Domestic Departure,"BRT Lounges – Terminal 1, Domestic Departures (Pre-Security)","Terminal 1, Domestic Departures (Pre-Security)",Terminal 1,Terminal 1,Domestic,Departure,Landside,Pre Security,,,yes
N13260,CNF,Tancredo Neves International Airport,BRT Lounges,BRT Lounges,"Landside - Before security check, the lounge is located in front of the central x-ray area.",International Departure,"BRT Lounges – Terminal 1, International Departures (Pre-Security)","Terminal 1, International Departures (Pre-Security)",Terminal 1,Terminal 1,International,Departure,Landside,Pre Security,,,yes
N13255,PNQ,Pune Airport,Elysian Lounge - International,Elysian Lounge,"Airside - International Departures. After Immigration, turn left and the lounge is located on the 1st Floor, near Departure Gate 1A.",International Departure,"Elysian Lounge – New integrated terminal building, International Departures (Post-Security)","New integrated terminal building, International Departures (Post-Security)",New integrated terminal building,New integrated terminal building,International,Departure,Airside,Post Security,"Lounge Name cleaned: removed ' - International' [route type, duplicates Route Type] -> Normalized: 'Elysian Lounge'",,yes
N13230,DHH,Barkol Dahe Airport,Business VIP Lounge,Business VIP Lounge,Airside - on the right next to Gate 2,Domestic Departure,"Business VIP Lounge – Main Terminal, Domestic Departures (Post-Security)","Main Terminal, Domestic Departures (Post-Security)",Main Terminal,Main Terminal,Domestic,Departure,Airside,Post Security,,,not found
N13247,TRZ,Tiruchchirappalli Airport,O'vetra International Lounge,O'vetra Lounge,"Airside - Level 1, after Security check, International Departure",International Departure,"O'vetra Lounge – Terminal 1, International Departures (Post-Security)","Terminal 1, International Departures (Post-Security)",Terminal 1,Terminal 1,International,Departure,Airside,Post Security,"Lounge Name cleaned: removed 'International' [route type, duplicates Route Type] -> Normalized: 'O'vetra Lounge'",,yes
N13246,TRZ,Tiruchchirappalli Airport,O'vetra Domestic Lounge,O'vetra Lounge,"Airside - Level 1, After Security Hold area Domestic Departure",Domestic Departure,"O'vetra Lounge – Terminal 1, Domestic Departures (Post-Security)","Terminal 1, Domestic Departures (Post-Security)",Terminal 1,Terminal 1,Domestic,Departure,Airside,Post Security,"Lounge Name cleaned: removed 'Domestic' [route type, duplicates Route Type] -> Normalized: 'O'vetra Lounge'",,yes
N12975,URC,Urumqi Tianshan International Airport,China Southern Airlines Members Lounge(Domestic),China Southern Airlines Members Lounge,The lounge is located at the South Triangle after security check.,Domestic Departure,"China Southern Airlines Members Lounge – North Terminal, Domestic Departures (Post-Security)","North Terminal, Domestic Departures (Post-Security)",North Terminal,North Terminal,Domestic,Departure,Airside,Post Security,"Lounge Name cleaned: removed '(Domestic)' [route/terminal metadata, duplicates Route Type / Vendor Terminal] -> Normalized: 'China Southern Airlines Members Lounge'",,yes
N13236,MGF,Silvio Name Jr. Airport,W Cafe Lounge Maringa,W Cafe Lounge Maringa,"Landside - Before security check, the lounge is located on the first floor.",Domestic Departure,"W Cafe Lounge Maringa – Main Terminal, Domestic Departures (Pre-Security)","Main Terminal, Domestic Departures (Pre-Security)",Main Terminal,Main Terminal,Domestic,Departure,Landside,Pre Security,,,yes
N12959,UYN,Yuyang Airport,V22 First Class Lounge,V22 First Class Lounge,"Airside - go straight on the right for 50 meters, diagonally opposite Gate H12",Domestic Departure,"V22 First Class Lounge – Terminal 2, Domestic Departures (Post-Security)","Terminal 2, Domestic Departures (Post-Security)",Terminal 2,Terminal 2,Domestic,Departure,Airside,Post Security,,,yes
N13164,WUX,Sunan Shuofang Airport,International First Class Lounge,First Class Lounge,Airside - the first class lounge on the second floor opposite Gate 3,International Departure,"First Class Lounge – Terminal 1, International Departures (Post-Security)","Terminal 1, International Departures (Post-Security)",Terminal 1,Terminal 1,International,Departure,Airside,Post Security,"Lounge Name cleaned: removed 'International' [route type, duplicates Route Type] -> Normalized: 'First Class Lounge'",,yes
N13215,IST,Istanbul Airport,iGA Shower,iGA Shower,"Airside - After security check, go through passport lanes and turn left. Continue straight ahead and follow the direction signs for the IGA Lounge.",International Departure,"iGA Shower – International Terminal, International Departures (Post-Security)","International Terminal, International Departures (Post-Security)",International Terminal,International Terminal,International,Departure,Airside,Post Security,,,yes
N13205,KTM,Tribhuvan International Airport,Executive Lounge,Executive Lounge,"Landside - Before Security Check, 3rd floor, near Duty Paid Shop",International Departure,"Executive Lounge – Terminal 1, International Departures (Pre-Security)","Terminal 1, International Departures (Pre-Security)",Terminal 1,Terminal 1,International,Departure,Landside,Pre Security,,,not found
N13201,NUM,Neom Bay Airport,The Lounge,The Lounge,"Airside - After security check, the lounge is located on the right.",International Departure,"The Lounge – Terminal A, International Departures (Post-Security)","Terminal A, International Departures (Post-Security)",Terminal A,Terminal A,International,Departure,Airside,Post Security,,,yes
N13199,DMM,King Fahd International Airport,Cozaya Lounge,Cozaya Lounge,Airside - After security check the lounge is located adjacent to Popeyes Chicken and opposite to Alinma Bank.,International Departure,"Cozaya Lounge – Main Terminal, International Departures (Post-Security)","Main Terminal, International Departures (Post-Security)",Main Terminal,Main Terminal,International,Departure,Airside,Post Security,,,yes
N13189,ORK,Cork International Airport,The Kinsale,The Kinsale,"Airside - After passport control and security check, proceed through duty free and turn right. At the end of the walkway turn right and the lounge will be located on the right.",Domestic Departure,"The Kinsale – Main Terminal, Domestic Departures (Post-Security)","Main Terminal, Domestic Departures (Post-Security)",Main Terminal,Main Terminal,Domestic,Departure,Airside,Post Security,,,yes
N13189,ORK,Cork International Airport,The Kinsale,The Kinsale,"Airside - After passport control and security check, proceed through duty free and turn right. At the end of the walkway turn right and the lounge will be located on the right.",International Departure,"The Kinsale – Main Terminal, International Departures (Post-Security)","Main Terminal, International Departures (Post-Security)",Main Terminal,Main Terminal,International,Departure,Airside,Post Security,,,yes
N13063,WXN,Wuqiao Airport,First Class/Business Class Lounge (T2 Domestic),First Class/Business Class Lounge,Airside - take the elevator to the second floor and walk straight out of the elevator,Domestic Departure,"First Class/Business Class Lounge – Terminal 2, Domestic Departures (Post-Security)","Terminal 2, Domestic Departures (Post-Security)",Terminal 2,Terminal 2,Domestic,Departure,Airside,Post Security,"Lounge Name cleaned: removed '(T2 Domestic)' [route/terminal metadata, duplicates Route Type / Vendor Terminal] -> Normalized: 'First Class/Business Class Lounge'",,yes
N13167,PMO,Punta Raisi Airport,Prima Vista Lounge,Prima Vista Lounge,"Landside - As soon as you enter the main terminal from executive parking side to the right, near fast track.",Domestic Arrival,"Prima Vista Lounge – Main Terminal, Domestic Arrival (Pre-Security)","Main Terminal, Domestic Arrival (Pre-Security)",Main Terminal,Main Terminal,Domestic,Arrival,Landside,Pre Security,,,yes
N13167,PMO,Punta Raisi Airport,Prima Vista Lounge,Prima Vista Lounge,"Landside - As soon as you enter the main terminal from executive parking side to the right, near fast track.",Domestic Departure,"Prima Vista Lounge – Main Terminal, Domestic Departures (Pre-Security)","Main Terminal, Domestic Departures (Pre-Security)",Main Terminal,Main Terminal,Domestic,Departure,Landside,Pre Security,,,yes
N13167,PMO,Punta Raisi Airport,Prima Vista Lounge,Prima Vista Lounge,"Landside - As soon as you enter the main terminal from executive parking side to the right, near fast track.",Domestic Transit,"Prima Vista Lounge – Main Terminal, Domestic Transits (Pre-Security)","Main Terminal, Domestic Transits (Pre-Security)",Main Terminal,Main Terminal,Domestic,Transit,Landside,Pre Security,,,yes
N13167,PMO,Punta Raisi Airport,Prima Vista Lounge,Prima Vista Lounge,"Landside - As soon as you enter the main terminal from executive parking side to the right, near fast track.",International Arrival,"Prima Vista Lounge – Main Terminal, International Arrival (Pre-Security)","Main Terminal, International Arrival (Pre-Security)",Main Terminal,Main Terminal,International,Arrival,Landside,Pre Security,,,yes
N13167,PMO,Punta Raisi Airport,Prima Vista Lounge,Prima Vista Lounge,"Landside - As soon as you enter the main terminal from executive parking side to the right, near fast track.",International Departure,"Prima Vista Lounge – Main Terminal, International Departures (Pre-Security)","Main Terminal, International Departures (Pre-Security)",Main Terminal,Main Terminal,International,Departure,Landside,Pre Security,,,yes
N13137,NDR,Nador-AI Aaroui International Airport,Budas Premium Lounge (Domestic),Budas Premium Lounge,"Airside - After passport control and security check, the lounge is located in the corner of the departure area.",Domestic Departure,"Budas Premium Lounge – Main Terminal, Domestic Departures (Post-Security)","Main Terminal, Domestic Departures (Post-Security)",Main Terminal,Main Terminal,Domestic,Departure,Airside,Post Security,"Lounge Name cleaned: removed '(Domestic)' [route/terminal metadata, duplicates Route Type / Vendor Terminal] -> Normalized: 'Budas Premium Lounge'",,yes
N13136,NDR,Nador-AI Aaroui International Airport,Budas Premium Lounge (International),Budas Premium Lounge,"Airside - After passport control and security check, the lounge is located in the corner of the departure area.",International Departure,"Budas Premium Lounge – Main Terminal, International Departures (Post-Security)","Main Terminal, International Departures (Post-Security)",Main Terminal,Main Terminal,International,Departure,Airside,Post Security,"Lounge Name cleaned: removed '(International)' [route/terminal metadata, duplicates Route Type / Vendor Terminal] -> Normalized: 'Budas Premium Lounge'",,yes
N13134,PNQ,Pune Airport,Elysian Executive Lounge - Domestic,Elysian Executive Lounge,"Airside - After security check, the lounge is located in Gate 6 on level 0,next to Kids Play Zone",Domestic Departure,"Elysian Executive Lounge – Terminal 1, Domestic Departures (Post-Security)","Terminal 1, Domestic Departures (Post-Security)",Terminal 1,Terminal 1,Domestic,Departure,Airside,Post Security,"Lounge Name cleaned: removed ' - Domestic' [route type, duplicates Route Type] -> Normalized: 'Elysian Executive Lounge'",,yes
N13132,PNQ,Pune Airport,Elysian Lounge - Domestic,Elysian Lounge,"Airside - After security check, the lounge is located in Gate 2 & 3 on level 1, Lounge Is behined KFC",Domestic Departure,"Elysian Lounge – Terminal 1, Domestic Departures (Post-Security)","Terminal 1, Domestic Departures (Post-Security)",Terminal 1,Terminal 1,Domestic,Departure,Airside,Post Security,"Lounge Name cleaned: removed ' - Domestic' [route type, duplicates Route Type] -> Normalized: 'Elysian Lounge'",,yes
N13130,LKO,Chaudhary Charan Singh Airport,Budweiser Bar,Budweiser Bar,"Airside - After security check, the lounge is located in Gate 20 on level 2, Near Chappan Bhog.",International Departure,"Budweiser Bar – Terminal 3, International Departures (Post-Security)","Terminal 3, International Departures (Post-Security)",Terminal 3,Terminal 3,International,Departure,Airside,Post Security,,,yes
N13122,LHR,Heathrow Airport,My Lounge (Pre-book Only),My Lounge,"Airisde - After passport control and security check, follow signs to Gates 1-42 and ""All Airport Lounges"". Keep left, the follow signs to Gates 1-22 and ""Lounges B-J"". Turn left toward Gate 9 and ""Lounge D"".",Domestic Departure,"My Lounge – Terminal 3, Domestic Departures (Post-Security)","Terminal 3, Domestic Departures (Post-Security)",Terminal 3,Terminal 3,Domestic,Departure,Airside,Post Security,"Lounge Name cleaned: removed '(Pre-book Only)' [access/location descriptor, not part of name] -> Normalized: 'My Lounge'",,not found
N13122,LHR,Heathrow Airport,My Lounge (Pre-book Only),My Lounge,"Airisde - After passport control and security check, follow signs to Gates 1-42 and ""All Airport Lounges"". Keep left, the follow signs to Gates 1-22 and ""Lounges B-J"". Turn left toward Gate 9 and ""Lounge D"".",International Departure,"My Lounge – Terminal 3, International Departures (Post-Security)","Terminal 3, International Departures (Post-Security)",Terminal 3,Terminal 3,International,Departure,Airside,Post Security,"Lounge Name cleaned: removed '(Pre-book Only)' [access/location descriptor, not part of name] -> Normalized: 'My Lounge'",,yes
N05259,BOM,Chhatrapati Shivaji Maharaj Airport,Meghavi Air SpaLounge,Meghavi Air SpaLounge,"After security on Level 4 - take the escalator to Level 3. Head toward Gate 85, then turn left. Pass Superdry and Replay you'll find the spa near Coco Cart.",Domestic Departure,"Meghavi Air SpaLounge – Terminal 2, Domestic Departures (Post-Security)","Terminal 2, Domestic Departures (Post-Security)",Terminal 2,Terminal 2,Domestic,Departure,Airside,Post Security,,,yes
N05258,BOM,Chhatrapati Shivaji Maharaj Airport,Meghavi Air SpaLounge,Meghavi Air SpaLounge,"After security - go to Level 4, then take the escalator to Level 3. Head toward Gate 49, turn left, and walk past Armani, Irish Coffee, McDonald's, and The Face Shop. We're right beside Indie Tapas.",Domestic Departure,"Meghavi Air SpaLounge – Terminal 2, Domestic Departures (Post-Security)","Terminal 2, Domestic Departures (Post-Security)",Terminal 2,Terminal 2,Domestic,Departure,Airside,Post Security,,,yes
N13116,FEN,Fernando de Noronha Airport,Blue Lounge,Blue Lounge,Landside - The lounge is located next to the main entrance of the terminal.,Domestic Departure,"Blue Lounge – Main Terminal, Domestic Departures (Pre-Security)","Main Terminal, Domestic Departures (Pre-Security)",Main Terminal,Main Terminal,Domestic,Departure,Landside,Pre Security,,,yes
N13115,KWI,Kuwait International Airport,Jazeera Business Lounge,Jazeera Business Lounge,Airside - The lounge is located immediately after passport control and security check.,International Departure,"Jazeera Business Lounge – Terminal 5, International Departures (Post-Security)","Terminal 5, International Departures (Post-Security)",Terminal 5,Terminal 5,International,Departure,Airside,Post Security,,,yes
N13094,FOC,Changle International Airport,German Business Club,German Business Club,"Landside - enter through Gate 3 of the Departure Hall, the lounge is located slightly on the right (below Juchunyuan restaurant)",Domestic Departure,"German Business Club – Main Terminal, Domestic Departures (Pre-Security)","Main Terminal, Domestic Departures (Pre-Security)",Main Terminal,Main Terminal,Domestic,Departure,Landside,Pre Security,,,yes
N13108,JER,Jersey Airport,No1 Lounge,No1 Lounge,"Airside - After passport control and security check, proceed through Duty Free, the stairs and elevator for the lounge are located on the left side after exiting Duty Free.",Domestic Departure,"No1 Lounge – Main Terminal, Domestic Departures (Post-Security)","Main Terminal, Domestic Departures (Post-Security)",Main Terminal,Main Terminal,Domestic,Departure,Airside,Post Security,,,yes
N13108,JER,Jersey Airport,No1 Lounge,No1 Lounge,"Airside - After passport control and security check, proceed through Duty Free, the stairs and elevator for the lounge are located on the left side after exiting Duty Free.",International Departure,"No1 Lounge – Main Terminal, International Departures (Post-Security)","Main Terminal, International Departures (Post-Security)",Main Terminal,Main Terminal,International,Departure,Airside,Post Security,,,yes
N13106,LBA,Leeds/Bradford Airport,The Avro Lounge,The Avro Lounge,"Airside - After passport control and security check, proceed through Duty Free, the lounge is located between Gate 8 and 9.",Domestic Departure,"The Avro Lounge – Main Terminal, Domestic Departures (Post-Security)","Main Terminal, Domestic Departures (Post-Security)",Main Terminal,Main Terminal,Domestic,Departure,Airside,Post Security,,,yes
N13106,LBA,Leeds/Bradford Airport,The Avro Lounge,The Avro Lounge,"Airside - After passport control and security check, proceed through Duty Free, the lounge is located between Gate 8 and 9.",International Departure,"The Avro Lounge – Main Terminal, International Departures (Post-Security)","Main Terminal, International Departures (Post-Security)",Main Terminal,Main Terminal,International,Departure,Airside,Post Security,,,yes
N13105,SFO,San Francisco International Airport,Maple Leaf Lounge,Maple Leaf Lounge,"Airside - After passport control and security check, the lounge is located in sector 4 on level 4.",Domestic Departure,"Maple Leaf Lounge – Terminal 2, Domestic Departures (Post-Security)","Terminal 2, Domestic Departures (Post-Security)",Terminal 2,Terminal 2,Domestic,Departure,Airside,Post Security,,,yes
N13105,SFO,San Francisco International Airport,Maple Leaf Lounge,Maple Leaf Lounge,"Airside - After passport control and security check, the lounge is located in sector 4 on level 4.",International Departure,"Maple Leaf Lounge – Terminal 2, International Departures (Post-Security)","Terminal 2, International Departures (Post-Security)",Terminal 2,Terminal 2,International,Departure,Airside,Post Security,,,yes
N13099,MAD,Adolfo Suarez-Barajas Airport,Sala VIP Retiro,Sala VIP Retiro,Airside - After passport control the lounge is located besides the fast track area of Terminal 4.,Domestic Departure,"Sala VIP Retiro – Terminal 4, Domestic Departures (Post-Security)","Terminal 4, Domestic Departures (Post-Security)",Terminal 4,Terminal 4,Domestic,Departure,Airside,Post Security,,,yes
N13099,MAD,Adolfo Suarez-Barajas Airport,Sala VIP Retiro,Sala VIP Retiro,Airside - After passport control the lounge is located besides the fast track area of Terminal 4.,International Departure,"Sala VIP Retiro – Terminal 4, International Departures (Post-Security)","Terminal 4, International Departures (Post-Security)",Terminal 4,Terminal 4,International,Departure,Airside,Post Security,,,yes
N13086,BTS,M.R. Stefanik Airport,Pearl Lounge,Pearl Lounge,Airside - After passport control and security check.,International Departure,"Pearl Lounge – Main Terminal, International Departures (Post-Security)","Main Terminal, International Departures (Post-Security)",Main Terminal,Main Terminal,International,Departure,Airside,Post Security,,,yes
N13046,PMI,Palma de Mallorca Airport,Mestral VIP Lounge,Mestral VIP Lounge,"Airside - After passport control and security check, the lounge is located opposite Gate B32.",Domestic Departure,"Mestral VIP Lounge – Main Terminal, Domestic Departures (Post-Security)","Main Terminal, Domestic Departures (Post-Security)",Main Terminal,Main Terminal,Domestic,Departure,Airside,Post Security,,,yes
N13037,GBE,Sir Seretse Khama International Airport,Softlanding Concierge Lounge,Softlanding Concierge Lounge,"Landside - Before security checks, the lounge is located next to the Airport Prayer Room.",Domestic Departure,"Softlanding Concierge Lounge – Main Terminal, Domestic Departures (Pre-Security)","Main Terminal, Domestic Departures (Pre-Security)",Main Terminal,Main Terminal,Domestic,Departure,Landside,Pre Security,,,yes
N13037,GBE,Sir Seretse Khama International Airport,Softlanding Concierge Lounge,Softlanding Concierge Lounge,"Landside - Before security checks, the lounge is located next to the Airport Prayer Room.",International Departure,"Softlanding Concierge Lounge – Main Terminal, International Departures (Pre-Security)","Main Terminal, International Departures (Pre-Security)",Main Terminal,Main Terminal,International,Departure,Landside,Pre Security,,,yes
N05390,TUL,Tulsa International Airport,Escape Lounge,Escape Lounge,"Airside - After security check, the lounge is located on the left.",Domestic Departure,"Escape Lounge – Terminal B, Domestic Departures (Post-Security)","Terminal B, Domestic Departures (Post-Security)",Terminal B,Terminal B,Domestic,Departure,Airside,Post Security,,,yes
N05390,TUL,Tulsa International Airport,Escape Lounge,Escape Lounge,"Airside - After security check, the lounge is located on the left.",International Departure,"Escape Lounge – Terminal B, International Departures (Post-Security)","Terminal B, International Departures (Post-Security)",Terminal B,Terminal B,International,Departure,Airside,Post Security,,,yes
N05389,YUL,Pierre Elliott Trudeau International Airport,Aspire Lounge,Aspire Lounge,"Airside - After security checkpoint A, turn left and cross the international customs checkpoint. The lounge is located near Gate 52.",International Departure,"Aspire Lounge – Main Terminal, International Departures (Post-Security)","Main Terminal, International Departures (Post-Security)",Main Terminal,Main Terminal,International,Departure,Airside,Post Security,,,yes
N05388,YUL,Pierre Elliott Trudeau International Airport,Aspire Lounge,Aspire Lounge,"Airside - After security checkpoint A, turn right and proceed to the Domestic Terminal Gate 1, the lounge is located behind Starbucks.",Domestic Departure,"Aspire Lounge – Main Terminal, Domestic Departures (Post-Security)","Main Terminal, Domestic Departures (Post-Security)",Main Terminal,Main Terminal,Domestic,Departure,Airside,Post Security,"TERMINAL/VENDOR CHECK: Vendor Terminal vs Location check: Location says 'Domestic Terminal Gate 1' but Vendor Terminal is 'Main Terminal' - likely fine (single-terminal airport, domestic pier), but worth confirming.",,yes
N13008,DPS,Ngurah Rai Airport,Concordia Lounge(International),Concordia Lounge,"Airside - After security check, the lounge is located on the 2nd floor mezzanine.",International Departure,"Concordia Lounge – International Terminal, International Departures (Post-Security)","International Terminal, International Departures (Post-Security)",International Terminal,International Terminal,International,Departure,Airside,Post Security,"Lounge Name cleaned: removed '(International)' [route/terminal metadata, duplicates Route Type / Vendor Terminal] -> Normalized: 'Concordia Lounge'",,yes
N12956,PLM,S M Badaruddin II Airport,Saphire Lounge,Saphire Lounge,"Landside - Before security check, the lounge is located on the 1 floor near Gate 1",Domestic Departure,"Saphire Lounge – Domestic Terminal, Domestic Departures (Pre-Security)","Domestic Terminal, Domestic Departures (Pre-Security)",Domestic Terminal,Domestic Terminal,Domestic,Departure,Landside,Pre Security,,,yes
N12955,YIA,Yogyakarta International Airport,Concordia Lounge(Domestic),Concordia Lounge,"Landside - Before security check, the lounge is located on the 3 floor near Gate 3",Domestic Departure,"Concordia Lounge – Terminal 1, Domestic Departures (Pre-Security)","Terminal 1, Domestic Departures (Pre-Security)",Terminal 1,Terminal 1,Domestic,Departure,Landside,Pre Security,"Lounge Name cleaned: removed '(Domestic)' [route/terminal metadata, duplicates Route Type / Vendor Terminal] -> Normalized: 'Concordia Lounge'",,yes
N12954,SRG,Ahmad Yani Airport,Concordia Lounge(Domestic),Concordia Lounge,"Landside - Before security check, the lounge is located on the 3 floor near Gate 1B.",Domestic Departure,"Concordia Lounge – Terminal 1, Domestic Departures (Pre-Security)","Terminal 1, Domestic Departures (Pre-Security)",Terminal 1,Terminal 1,Domestic,Departure,Landside,Pre Security,"Lounge Name cleaned: removed '(Domestic)' [route/terminal metadata, duplicates Route Type / Vendor Terminal] -> Normalized: 'Concordia Lounge'",,yes
N12952,MDC,Sam Ratulangi Airport,Concordia Lounge(Domestic),Concordia Lounge,"Airside - After security check, the lounge is located on the 2 floor near Gate 1A",Domestic Departure,"Concordia Lounge – Terminal 1, Domestic Departures (Post-Security)","Terminal 1, Domestic Departures (Post-Security)",Terminal 1,Terminal 1,Domestic,Departure,Airside,Post Security,"Lounge Name cleaned: removed '(Domestic)' [route/terminal metadata, duplicates Route Type / Vendor Terminal] -> Normalized: 'Concordia Lounge'",,yes
N12953,LOP,Lombok International,Concordia Lounge(Domestic),Concordia Lounge,"Landside - Before security check, the lounge is located on the 3 floor near Gate 5",Domestic Departure,"Concordia Lounge – Terminal 1, Domestic Departures (Pre-Security)","Terminal 1, Domestic Departures (Pre-Security)",Terminal 1,Terminal 1,Domestic,Departure,Landside,Pre Security,"Lounge Name cleaned: removed '(Domestic)' [route/terminal metadata, duplicates Route Type / Vendor Terminal] -> Normalized: 'Concordia Lounge'",,yes
N12951,AMQ,Pattimura Airport,Concordia Lounge(Domestic),Concordia Lounge,"Landside - Before security check, the lounge is located on the 1 floor near Gate 2",Domestic Departure,"Concordia Lounge – Terminal 1, Domestic Departures (Pre-Security)","Terminal 1, Domestic Departures (Pre-Security)",Terminal 1,Terminal 1,Domestic,Departure,Landside,Pre Security,"Lounge Name cleaned: removed '(Domestic)' [route/terminal metadata, duplicates Route Type / Vendor Terminal] -> Normalized: 'Concordia Lounge'",,yes
N12950,UPG,Sultan Hasanuddin Airport,Concordia Lounge(Domestic),Concordia Lounge,"Landside - Before security check, the lounge is located on the 2 floor near Gate 6&7",Domestic Departure,"Concordia Lounge – Terminal 1, Domestic Departures (Pre-Security)","Terminal 1, Domestic Departures (Pre-Security)",Terminal 1,Terminal 1,Domestic,Departure,Landside,Pre Security,"Lounge Name cleaned: removed '(Domestic)' [route/terminal metadata, duplicates Route Type / Vendor Terminal] -> Normalized: 'Concordia Lounge'",,yes
N12949,KOE,El Tari Airport,Concordia Lounge(Domestic),Concordia Lounge,"Landside - Before security check, the lounge is located on the 2 floor near Gate 1",Domestic Departure,"Concordia Lounge – Terminal 1, Domestic Departures (Pre-Security)","Terminal 1, Domestic Departures (Pre-Security)",Terminal 1,Terminal 1,Domestic,Departure,Landside,Pre Security,"Lounge Name cleaned: removed '(Domestic)' [route/terminal metadata, duplicates Route Type / Vendor Terminal] -> Normalized: 'Concordia Lounge'",,yes
N12948,SUB,Juanda Airport,Concordia Lounge(T1),Concordia Lounge,"Landside - Before security check, the lounge is located on the 2 floor near Gate 9",Domestic Departure,"Concordia Lounge – Terminal 1, Domestic Departures (Pre-Security)","Terminal 1, Domestic Departures (Pre-Security)",Terminal 1,Terminal 1,Domestic,Departure,Landside,Pre Security,"Lounge Name cleaned: removed '(T1)' [route/terminal metadata, duplicates Route Type / Vendor Terminal] -> Normalized: 'Concordia Lounge'",,yes
N12947,BDJ,Syamsudin Noor Airport,Concordia Lounge(Domestic),Concordia Lounge,"Landside - Before security check, the lounge is located on the second floor near Gate 6",International Departure,"Concordia Lounge – T1, International Departures (Pre-Security)","T1, International Departures (Pre-Security)",Terminal 1,Terminal 1,International,Departure,Landside,Pre Security,"Lounge Name cleaned: removed '(Domestic)' [route/terminal metadata, duplicates Route Type / Vendor Terminal] -> Normalized: 'Concordia Lounge' | TERMINAL/VENDOR CHECK: Route Type check: this row is 'International Departure' but Lounge Name says '(Domestic)' and every other 'Concordia Lounge(Domestic)' row is 'Domestic Departure' - likely a data entry error, should probably be Domestic Departure. Also Vendor Terminal is 'T1' here vs 'Terminal 1' used on sibling rows (formatting inconsistency only).",,yes
N12946,BPN,Sepinggan Airport,Concordia Lounge (Domestic),Concordia Lounge,"Landside - Before security check, the lounge is located on the 2nd floor near Gate 3.",Domestic Departure,"Concordia Lounge – Terminal 1, Domestic Departures (Pre-Security)","Terminal 1, Domestic Departures (Pre-Security)",Terminal 1,Terminal 1,Domestic,Departure,Landside,Pre Security,"Lounge Name cleaned: removed '(Domestic)' [route/terminal metadata, duplicates Route Type / Vendor Terminal] -> Normalized: 'Concordia Lounge'",,yes
N12945,SOC,Adi Sumarmo Airport,Concordia Lounge (Domestic),Concordia Lounge,"Landside - Before the security check, the lounge is located on the 2nd floor.",Domestic Departure,"Concordia Lounge – Terminal 1, Domestic Departures (Pre-Security)","Terminal 1, Domestic Departures (Pre-Security)",Terminal 1,Terminal 1,Domestic,Departure,Landside,Pre Security,"Lounge Name cleaned: removed '(Domestic)' [route/terminal metadata, duplicates Route Type / Vendor Terminal] -> Normalized: 'Concordia Lounge'",,yes
N12944,SUB,Juanda Airport,Concordia Premier Lounge (T2),Concordia Premier Lounge,"Landside - Before the security check, the lounge is located in Terminal 2.",International Departure,"Concordia Premier Lounge – Terminal 2, International Departures (Pre-Security)","Terminal 2, International Departures (Pre-Security)",Terminal 2,Terminal 2,International,Departure,Landside,Pre Security,"Lounge Name cleaned: removed '(T2)' [route/terminal metadata, duplicates Route Type / Vendor Terminal] -> Normalized: 'Concordia Premier Lounge'",,yes
N12943,DPS,Ngurah Rai Airport,Concordia Lounge(Domestic),Concordia Lounge,"Airside - After security check, the lounge is located on the 2 floor near Gate 2.",Domestic Departure,"Concordia Lounge – Domestic Terminal, Domestic Departures (Post-Security)","Domestic Terminal, Domestic Departures (Post-Security)",Domestic Terminal,Domestic Terminal,Domestic,Departure,Airside,Post Security,"Lounge Name cleaned: removed '(Domestic)' [route/terminal metadata, duplicates Route Type / Vendor Terminal] -> Normalized: 'Concordia Lounge'",,yes
N12942,SIN,Changi Airport,Hub & Spoke,Hub & Spoke,"Landside - From Terminal 2 Level 1 via the exit to Coach Bay, follow on-ground signs to Hub & Spoke.",Domestic Departure,"Hub & Spoke – Terminal 2, Domestic Departures (Pre-Security)","Terminal 2, Domestic Departures (Pre-Security)",Terminal 2,Terminal 2,Domestic,Departure,Landside,Pre Security,,,yes
N12942,SIN,Changi Airport,Hub & Spoke,Hub & Spoke,"Landside - From Terminal 2 Level 1 via the exit to Coach Bay, follow on-ground signs to Hub & Spoke.",International Departure,"Hub & Spoke – Terminal 2, International Departures (Pre-Security)","Terminal 2, International Departures (Pre-Security)",Terminal 2,Terminal 2,International,Departure,Landside,Pre Security,,,yes
N12942,SIN,Changi Airport,Hub & Spoke,Hub & Spoke,"Landside - From Terminal 2 Level 1 via the exit to Coach Bay, follow on-ground signs to Hub & Spoke.",International Arrival,"Hub & Spoke – Terminal 2, International Arrival (Pre-Security)","Terminal 2, International Arrival (Pre-Security)",Terminal 2,Terminal 2,International,Arrival,Landside,Pre Security,,,yes
N12942,SIN,Changi Airport,Hub & Spoke,Hub & Spoke,"Landside - From Terminal 2 Level 1 via the exit to Coach Bay, follow on-ground signs to Hub & Spoke.",Domestic Arrival,"Hub & Spoke – Terminal 2, Domestic Arrival (Pre-Security)","Terminal 2, Domestic Arrival (Pre-Security)",Terminal 2,Terminal 2,Domestic,Arrival,Landside,Pre Security,,,yes
N12934,BOM,Chhatrapati Shivaji Maharaj Airport,Adani East Lounge,Adani East Lounge,"Airside - After immigration on the left, next to McDonald's",International Departure,"Adani East Lounge – Terminal 2, International Departures (Post-Security)","Terminal 2, International Departures (Post-Security)",Terminal 2,Terminal 2,International,Departure,Airside,Post Security,,,yes
N05382,SJU,Luis Munoz Marin International Airport,Escape Lounge,Escape Lounge,"Airside - After the security check and duty free, turn right and head towards the concourse where the gates are located. The lounge is located on the left, after the gift shop.",Domestic Departure,"Escape Lounge – Terminal B, Domestic Departures (Post-Security)","Terminal B, Domestic Departures (Post-Security)",Terminal B,Terminal B,Domestic,Departure,Airside,Post Security,,,yes
N05382,SJU,Luis Munoz Marin International Airport,Escape Lounge,Escape Lounge,"Airside - After the security check and duty free, turn right and head towards the concourse where the gates are located. The lounge is located on the left, after the gift shop.",International Departure,"Escape Lounge – Terminal B, International Departures (Post-Security)","Terminal B, International Departures (Post-Security)",Terminal B,Terminal B,International,Departure,Airside,Post Security,,,yes
N12921,SKT,Sialkot International Airport,IQBAL LOUNGE,IQBAL LOUNGE,"Airside - After passing through ASF Counter. Follow the directions / signs and turn right, the Lounge is is located at your right.",International Departure,"IQBAL LOUNGE – International Terminal, International Departures (Post-Security)","International Terminal, International Departures (Post-Security)",International Terminal,International Terminal,International,Departure,Airside,Post Security,,,yes
N12902,KGF,Sary-Arka Airport,CIP Lounge,CIP Lounge,Landside - Separate entrance on the right side of the departure terminal.,Domestic Arrival,"CIP Lounge – Main Terminal, Domestic Arrival (Pre-Security)","Main Terminal, Domestic Arrival (Pre-Security)",Main Terminal,Main Terminal,Domestic,Arrival,Landside,Pre Security,,,yes
N12902,KGF,Sary-Arka Airport,CIP Lounge,CIP Lounge,Landside - Separate entrance on the right side of the departure terminal.,Domestic Departure,"CIP Lounge – Main Terminal, Domestic Departures (Pre-Security)","Main Terminal, Domestic Departures (Pre-Security)",Main Terminal,Main Terminal,Domestic,Departure,Landside,Pre Security,,,yes
N12902,KGF,Sary-Arka Airport,CIP Lounge,CIP Lounge,Landside - Separate entrance on the right side of the departure terminal.,International Arrival,"CIP Lounge – Main Terminal, International Arrival (Pre-Security)","Main Terminal, International Arrival (Pre-Security)",Main Terminal,Main Terminal,International,Arrival,Landside,Pre Security,,,yes
N12902,KGF,Sary-Arka Airport,CIP Lounge,CIP Lounge,Landside - Separate entrance on the right side of the departure terminal.,International Departure,"CIP Lounge – Main Terminal, International Departures (Pre-Security)","Main Terminal, International Departures (Pre-Security)",Main Terminal,Main Terminal,International,Departure,Landside,Pre Security,,,yes
N12898,CIT,Shymkent International Airport,Sky Hall Lounge,Sky Hall Lounge,Airside - After passport control use the escalator or elevator to go up to the 3rd floor.,International Departure,"Sky Hall Lounge – International Terminal, International Departures (Post-Security)","International Terminal, International Departures (Post-Security)",International Terminal,International Terminal,International,Departure,Airside,Post Security,,,yes
N05375,WMI,Modlin Airport,Mazovia Premium Lounge,Mazovia Premium Lounge,"Airside - After passport control and security check, take the lift or stairs to Level 1, the lounge is located on the left.",Domestic Departure,"Mazovia Premium Lounge – Main Terminal, Domestic Departures (Post-Security)","Main Terminal, Domestic Departures (Post-Security)",Main Terminal,Main Terminal,Domestic,Departure,Airside,Post Security,,,yes
N05375,WMI,Modlin Airport,Mazovia Premium Lounge,Mazovia Premium Lounge,"Airside - After passport control and security check, take the lift or stairs to Level 1, the lounge is located on the left.",International Departure,"Mazovia Premium Lounge – Main Terminal, International Departures (Post-Security)","Main Terminal, International Departures (Post-Security)",Main Terminal,Main Terminal,International,Departure,Airside,Post Security,,,yes
N05374,REC,Guararapes International Airport,W Airport Rooms Recife,W Airport Rooms Recife,Landside - The W Airport Rooms are located between the Domestic Arrivals areas.,Domestic Departure,"W Airport Rooms Recife – Main Terminal, Domestic Departures (Pre-Security)","Main Terminal, Domestic Departures (Pre-Security)",Main Terminal,Main Terminal,Domestic,Departure,Landside,Pre Security,,,yes
N05374,REC,Guararapes International Airport,W Airport Rooms Recife,W Airport Rooms Recife,Landside - The W Airport Rooms are located between the Domestic Arrivals areas.,International Departure,"W Airport Rooms Recife – Main Terminal, International Departures (Pre-Security)","Main Terminal, International Departures (Pre-Security)",Main Terminal,Main Terminal,International,Departure,Landside,Pre Security,,,yes
N05419,VNS,Lal Bahadur Shastri Airport,TAKE OFF BAR & LOUNGE,TAKE OFF BAR & LOUNGE,"Airside-SHA Ground Floor, near Gate No. 2",Domestic Departure,"TAKE OFF BAR & LOUNGE – Terminal 1, Domestic Departures (Post-Security)","Terminal 1, Domestic Departures (Post-Security)",Terminal 1,Terminal 1,Domestic,Departure,Airside,Post Security,,,not found
N05366,IXB,Bagdogra Airport,TAKE OF BAR & LOUNGE,TAKE OF BAR & LOUNGE,Airside- Near Boarding Gate No. 5 first floor,Domestic Departure,"TAKE OF BAR & LOUNGE – Terminal 1, Domestic Departures (Post-Security)","Terminal 1, Domestic Departures (Post-Security)",Terminal 1,Terminal 1,Domestic,Departure,Airside,Post Security,,,not found
N05351,BOM,Chhatrapati Shivaji Maharaj Airport,Good times Bar,Good times Bar,Airside - Near Gate Number 10,Domestic Departure,"Good times Bar – Terminal 1, Domestic Departures (Post-Security)","Terminal 1, Domestic Departures (Post-Security)",Terminal 1,Terminal 1,Domestic,Departure,Airside,Post Security,,,yes
N05322,SYX,Phoenix International Airport,V5 First Class Lounge (T1 Domestic),V5 First Class Lounge,"Airside-From Gate 211 to Level 1, ""V5 First Class Lounge"" opposite Gate 106",Domestic Departure,"V5 First Class Lounge – Terminal 1, Domestic Departures (Post-Security)","Terminal 1, Domestic Departures (Post-Security)",Terminal 1,Terminal 1,Domestic,Departure,Airside,Post Security,"Lounge Name cleaned: removed '(T1 Domestic)' [route/terminal metadata, duplicates Route Type / Vendor Terminal] -> Normalized: 'V5 First Class Lounge'",,yes
N05104,EDI,Edinburgh Airport,Escape Lounge,Escape Lounge,"Airside - After passport control and security check, proceed through duty free, turn left and follow the signs for gates 4 & 5.",Domestic Departure,"Escape Lounge – Main Terminal, Domestic Departures (Post-Security)","Main Terminal, Domestic Departures (Post-Security)",Main Terminal,Main Terminal,Domestic,Departure,Airside,Post Security,,,yes
N05104,EDI,Edinburgh Airport,Escape Lounge,Escape Lounge,"Airside - After passport control and security check, proceed through duty free, turn left and follow the signs for gates 4 & 5.",International Departure,"Escape Lounge – Main Terminal, International Departures (Post-Security)","Main Terminal, International Departures (Post-Security)",Main Terminal,Main Terminal,International,Departure,Airside,Post Security,,,yes
N05021,ARK,Arusha Airport,Kilimeru Lounge,Kilimeru Lounge,"Airside - After passport control and security check, the lounge is located on the left.",Domestic Departure,"Kilimeru Lounge – Main Terminal, Domestic Departures (Post-Security)","Main Terminal, Domestic Departures (Post-Security)",Main Terminal,Main Terminal,Domestic,Departure,Airside,Post Security,,,yes
N04967,TRV,Thiruvananthapuram International Airport,The Lounge (Domestic),The Lounge,Airside - After security check Near Malabar express Outlet,Domestic Departure,"The Lounge – Terminal 1, Domestic Departures (Post-Security)","Terminal 1, Domestic Departures (Post-Security)",Terminal 1,Terminal 1,Domestic,Departure,Airside,Post Security,"Lounge Name cleaned: removed '(Domestic)' [route/terminal metadata, duplicates Route Type / Vendor Terminal] -> Normalized: 'The Lounge'",,yes
N05076,IXR,Birsa Munda Airport,AIRR LOUNGE,AIRR LOUNGE,"Airside - SECURITY AREA 1ST FLOOR, NEAR BOARDING GATE 5",Domestic Departure,"AIRR LOUNGE – Terminal 1, Domestic Departures (Post-Security)","Terminal 1, Domestic Departures (Post-Security)",Terminal 1,Terminal 1,Domestic,Departure,Airside,Post Security,,,yes
N04923,HAK,Meilan International Airport,Easy Travel Lounge 2 (T1 Domestic),Easy Travel Lounge 2,Airside - Across from gate 19,Domestic Departure,"Easy Travel Lounge 2 – Terminal 1, Domestic Departures (Post-Security)","Terminal 1, Domestic Departures (Post-Security)",Terminal 1,Terminal 1,Domestic,Departure,Airside,Post Security,"Lounge Name cleaned: removed '(T1 Domestic)' [route/terminal metadata, duplicates Route Type / Vendor Terminal] -> Normalized: 'Easy Travel Lounge 2'",,yes
N04966,VTZ,Vishakhapatnam Airport,The Airr Bar,The Airr Bar,"Airside - After passport control and security check, the lounge is located near to gate 4.",Domestic Departure,"The Airr Bar – Terminal 1, Domestic Departures (Post-Security)","Terminal 1, Domestic Departures (Post-Security)",Terminal 1,Terminal 1,Domestic,Departure,Airside,Post Security,,,yes
N04964,ATQ,Sri Guru Ram Dass Jee Airport,The Airr Lounge,The Airr Lounge,"Airside - After passport control and security check, the lounge is located on Level 1 next to gate 6.",International Departure,"The Airr Lounge – Terminal 2, International Departures (Post-Security)","Terminal 2, International Departures (Post-Security)",Terminal 2,Terminal 2,International,Departure,Airside,Post Security,,,yes
N04970,LKO,Chaudhary Charan Singh Airport,Adani Lounge,Adani Lounge,"Airside - After passport control and security check, the lounge is located next to the boarding area.",Domestic Departure,"Adani Lounge – Terminal 3, Domestic Departures (Post-Security)","Terminal 3, Domestic Departures (Post-Security)",Terminal 3,Terminal 3,Domestic,Departure,Airside,Post Security,,,yes
N04969,AMD,Sardar VallabhBhai Patel Airport,The Lounge (Domestic),The Lounge,"Airside - After Security, the lounge is located pass the Food Court on Level 1.",Domestic Departure,"The Lounge – Terminal 1, Domestic Departures (Post-Security)","Terminal 1, Domestic Departures (Post-Security)",Terminal 1,Terminal 1,Domestic,Departure,Airside,Post Security,"Lounge Name cleaned: removed '(Domestic)' [route/terminal metadata, duplicates Route Type / Vendor Terminal] -> Normalized: 'The Lounge'",,yes
N04832,JAI,Jaipur International Airport,Adani Domestic Lounge,Adani Lounge,"Airside - Domestic Departures. The lounge is located on the level 1, next to the Pranam Lounge, opposite Gate M1.",Domestic Departure,"Adani Lounge – Terminal 2, Domestic Departures (Post-Security)","Terminal 2, Domestic Departures (Post-Security)",Terminal 2,Terminal 2,Domestic,Departure,Airside,Post Security,"Lounge Name cleaned: removed 'Domestic' [route type, duplicates Route Type] -> Normalized: 'Adani Lounge'",,yes
N04831,GWL,Gwalior Airport,Paahun Executive Lounge,Paahun Executive Lounge,"Airside - After passport control and security check, the lounge is located on level 1 next to gate 3 and 4.",Domestic Departure,"Paahun Executive Lounge – Terminal 1, Domestic Departures (Post-Security)","Terminal 1, Domestic Departures (Post-Security)",Terminal 1,Terminal 1,Domestic,Departure,Airside,Post Security,,,yes
N04824,NAG,Dr.Ambedkar International Airport,Airr Lounge,Airr Lounge,"Airside - After passport control and security check, the lounge is located on level 1.",Domestic Departure,"Airr Lounge – Terminal 1, Domestic Departures (Post-Security)","Terminal 1, Domestic Departures (Post-Security)",Terminal 1,Terminal 1,Domestic,Departure,Airside,Post Security,,,yes
N04252,BOM,Chhatrapati Shivaji Maharaj Airport,Aviserv Lounge (East Wing),Aviserv Lounge (East Wing),"The lounge is located on Level 2, adjacent to Gate C.",International Arrival,"Aviserv Lounge (East Wing) – Terminal 2, International Arrival (Pre-Security)","Terminal 2, International Arrival (Pre-Security)",Terminal 2,Terminal 2,International,Arrival,Landside,Pre Security,,,yes
N04237,IXJ,Satwari Airport,Paahun Lounge,Paahun Lounge,Lounge is located on the 1st Floor near Gate 5.,Domestic Departure,"Paahun Lounge – Terminal 1, Domestic Departures (Post-Security)","Terminal 1, Domestic Departures (Post-Security)",Domestic,Terminal 1,Domestic,Departure,Airside,Post Security,"TERMINAL/VENDOR CHECK: Vendor Terminal check: value is 'Domestic' (a route type, not a terminal name/number) - likely should be the airport's actual terminal name (e.g. 'Main Terminal').",,not found
N04238,SXR,Sheikh ul Alam Airport,Paahun Lounge,Paahun Lounge,"Airside - 1st Floor, near Gate 2,3",Domestic Departure,"Paahun Lounge – Terminal 1, Domestic Departures (Post-Security)","Terminal 1, Domestic Departures (Post-Security)",Domestic,Terminal 1,Domestic,Departure,Airside,Post Security,"TERMINAL/VENDOR CHECK: Vendor Terminal check: value is 'Domestic' (a route type, not a terminal name/number) - likely should be the airport's actual terminal name (e.g. 'Main Terminal').",,not found
N04241,IXD,Prayagraj Airport,Food Hanger,Food Hanger,"Domestic Departures, 1st Floor, near Gate 3.",Domestic Departure,"Food Hanger – Terminal 1, Domestic Departures (Post-Security)","Terminal 1, Domestic Departures (Post-Security)",Domestic,Terminal 1,Domestic,Departure,Airside,Post Security,"TERMINAL/VENDOR CHECK: Vendor Terminal check: value is 'Domestic' (a route type, not a terminal name/number) - likely should be the airport's actual terminal name (e.g. 'Main Terminal').",,not found
N04212,IXC,Chandigarh Airport,Primus Lounge (Int),Primus Lounge,"After Security Hold Area, International Departures, 1st Floor.",International Departure,"Primus Lounge – International Departures, International Departures (Post-Security)","International Departures, International Departures (Post-Security)",International Departures,Terminal 1,International,Departure,Airside,Post Security,"Lounge Name cleaned: removed '(Int)' [route/terminal metadata, duplicates Route Type / Vendor Terminal] -> Normalized: 'Primus Lounge' | TERMINAL/VENDOR CHECK: Vendor Terminal check: value is 'International Departures' (a route/direction, not a terminal name/number) - likely should be the airport's actual terminal name (e.g. 'Main Terminal').",,not found
N04213,IXC,Chandigarh Airport,Primus Lounge (Dom),Primus Lounge,"After Security Hold Area, Domestic Departure",Domestic Departure,"Primus Lounge – Domestic Terminal, Domestic Departures (Post-Security)","Domestic Terminal, Domestic Departures (Post-Security)",Domestic Terminal,Domestic Terminal,Domestic,Departure,Airside,Post Security,"Lounge Name cleaned: removed '(Dom)' [route/terminal metadata, duplicates Route Type / Vendor Terminal] -> Normalized: 'Primus Lounge'",,yes
N04025,DIB,Dibrugarh Airport,Primus Lounge,Primus Lounge,"Lounge is located on ground floor, after security check.",Domestic Departure,"Primus Lounge – Domestic Terminal, Domestic Departures (Post-Security)","Domestic Terminal, Domestic Departures (Post-Security)",Domestic,Domestic Terminal,Domestic,Departure,Airside,Post Security,"TERMINAL/VENDOR CHECK: Vendor Terminal check: value is 'Domestic' (a route type, not a terminal name/number) - likely should be the airport's actual terminal name (e.g. 'Main Terminal').",,yes
N04024,BHO,Raja Bhoj Airport,Primus Lounge,Primus Lounge,"The lounge is located on Level 1, after Security Hold Area",Domestic Departure,"Primus Lounge – Domestic Terminal, Domestic Departures (Post-Security)","Domestic Terminal, Domestic Departures (Post-Security)",Domestic,Domestic Terminal,Domestic,Departure,Airside,Post Security,"TERMINAL/VENDOR CHECK: Vendor Terminal check: value is 'Domestic' (a route type, not a terminal name/number) - likely should be the airport's actual terminal name (e.g. 'Main Terminal').",,yes
N04023,IXA,Agartala Airport,Primus Lounge,Primus Lounge,"The lounge is located on the ground level, after security.",Domestic Departure,"Primus Lounge – Domestic Terminal, Domestic Departures (Post-Security)","Domestic Terminal, Domestic Departures (Post-Security)",Domestic Terminal,Domestic Terminal,Domestic,Departure,Airside,Post Security,,,yes
N04007,BOM,Chhatrapati Shivaji Maharaj Airport,Travel Club Lounge,Travel Club Lounge,"Domestic Departure Level 3, next to Elevators, towards Gates 40 to 45",Domestic Departure,"Travel Club Lounge – Terminal 2, Domestic Departures (Post-Security)","Terminal 2, Domestic Departures (Post-Security)",Terminal 2,Terminal 2,Domestic,Departure,Airside,Post Security,,,yes
N04000,GAU,Gopinath Bordoloi International Airport,THE Lounge FF,THE Lounge FF,"Airside - Departure Upper Level, in front of the Smoking Zone (1st Floor).",Domestic Departure,"THE Lounge FF – Terminal 1, Domestic Departures (Post-Security)","Terminal 1, Domestic Departures (Post-Security)",Terminal 1,Terminal 1,Domestic,Departure,Airside,Post Security,,,not found
N04006,AMD,Sardar VallabhBhai Patel Airport,The Lounge (International),The Lounge,"Terminal 2, First Floor, opposite to Boarding gate 3",International Departure,"The Lounge – Terminal 2, International Departures (Post-Security)","Terminal 2, International Departures (Post-Security)",Terminal 2,Terminal 2,International,Departure,Airside,Post Security,"Lounge Name cleaned: removed '(International)' [route/terminal metadata, duplicates Route Type / Vendor Terminal] -> Normalized: 'The Lounge'",,not found
N03072,NAG,Dr.Ambedkar International Airport,Mandarin Lounge,Mandarin Lounge,"Landside - Before passport control and security check, the lounge is located in Departure Terminal.",Domestic Departure,"Mandarin Lounge – Domestic Terminal, Domestic Departures (Pre-Security)","Domestic Terminal, Domestic Departures (Pre-Security)",Domestic Departure,Domestic Terminal,Domestic,Departure,Landside,Pre Security,"TERMINAL/VENDOR CHECK: Vendor Terminal check: value is 'Domestic Departure' (a route/direction, not a terminal name/number) - likely should be the airport's actual terminal name (e.g. 'Main Terminal' - Location just says 'Departure Terminal', also generic).",,not found
N02711,IXM,Madurai Airport,Primus Lounge,Primus Lounge,"Airside - After Security Check, it is located in the ground floor.",Domestic Departure,"Primus Lounge – Terminal 1, Domestic Departures (Post-Security)","Terminal 1, Domestic Departures (Post-Security)",Terminal 1,Terminal 1,Domestic,Departure,Airside,Post Security,,,yes
N02711,IXM,Madurai Airport,Primus Lounge,Primus Lounge,"Airside - After Security Check, it is located in the ground floor.",International Departure,"Primus Lounge – Terminal 1, International Departures (Post-Security)","Terminal 1, International Departures (Post-Security)",Terminal 1,Terminal 1,International,Departure,Airside,Post Security,,,yes
N02343,IDR,Devi Ahilya Bai Holkar Airport,Primus Lounge,Primus Lounge,"Airside - After passport control and security check, the lounge is located on level 1.",Domestic Departure,"Primus Lounge – Terminal 1, Domestic Departures (Post-Security)","Terminal 1, Domestic Departures (Post-Security)",Terminal 1,Terminal 1,Domestic,Departure,Airside,Post Security,,,yes
N02341,ATQ,Sri Guru Ram Dass Jee Airport,Primus Lounge,Primus Lounge,"Airside - After passport control and security check, the lounge is located on the mezzanine level.",Domestic Departure,"Primus Lounge – Domestic Terminal, Domestic Departures (Post-Security)","Domestic Terminal, Domestic Departures (Post-Security)",Domestic Terminal,Domestic Terminal,Domestic,Departure,Airside,Post Security,,,yes
N02249,CTA,Fontanarossa Airport,Angelo D'Arrigo VIP Lounge,Angelo D'Arrigo VIP Lounge,"Airside - After Passport Control & Security Check, the lounge is located near Boarding Gates 5 & 6.",Domestic Departure,"Angelo D'Arrigo VIP Lounge – Terminal A, Domestic Departures (Post-Security)","Terminal A, Domestic Departures (Post-Security)",Terminal A,Terminal A,Domestic,Departure,Airside,Post Security,,,yes
N02249,CTA,Fontanarossa Airport,Angelo D'Arrigo VIP Lounge,Angelo D'Arrigo VIP Lounge,"Airside - After Passport Control & Security Check, the lounge is located near Boarding Gates 5 & 6.",International Departure,"Angelo D'Arrigo VIP Lounge – Terminal A, International Departures (Post-Security)","Terminal A, International Departures (Post-Security)",Terminal A,Terminal A,International,Departure,Airside,Post Security,,,yes
N02095,PMI,Palma de Mallorca Airport,Sala VIP Llevant,Sala VIP Llevant,"Airside - After passport control and security check, the lounge is located in the boarding area of module A, floor 0. Lounge reserved for non-Schengen flights only.",Domestic Departure,"Sala VIP Llevant – Main Terminal, Domestic Departures (Post-Security)","Main Terminal, Domestic Departures (Post-Security)",Main Terminal,Main Terminal,Domestic,Departure,Airside,Post Security,,,yes
N02095,PMI,Palma de Mallorca Airport,Sala VIP Llevant,Sala VIP Llevant,"Airside - After passport control and security check, the lounge is located in the boarding area of module A, floor 0. Lounge reserved for non-Schengen flights only.",International Departure,"Sala VIP Llevant – Main Terminal, International Departures (Post-Security)","Main Terminal, International Departures (Post-Security)",Main Terminal,Main Terminal,International,Departure,Airside,Post Security,,,yes
N02038,TRV,Thiruvananthapuram International Airport,The Lounge (International),The Lounge,"Airside - After passport control and security check, the lounge is located beside smoking zone and near gate no. 5.",International Departure,"The Lounge – Terminal 2, International Departures (Post-Security)","Terminal 2, International Departures (Post-Security)",Terminal 2,Terminal 2,International,Departure,Airside,Post Security,"Lounge Name cleaned: removed '(International)' [route/terminal metadata, duplicates Route Type / Vendor Terminal] -> Normalized: 'The Lounge'",,yes
N02004,BOM,Chhatrapati Shivaji Maharaj Airport,Adani Lounge(Terminal 1),Adani Lounge,"Airside - After passport control and security check, the lounge is located on the first floor, above Coffee Day.",Domestic Departure,"Adani Lounge – Terminal 1, Domestic Departures (Post-Security)","Terminal 1, Domestic Departures (Post-Security)",Terminal 1,Terminal 1,Domestic,Departure,Airside,Post Security,"Lounge Name cleaned: removed '(Terminal 1)' [route/terminal metadata, duplicates Route Type / Vendor Terminal] -> Normalized: 'Adani Lounge'",,yes
N01893,MRS,Provence Airport,VIP Lounge - International Flights,VIP Lounge,"Airside - After passport control, you will find the lounge on your right, just after exiting the duty free shop.",International Departure,"VIP Lounge – Terminal 1, International Departures (Post-Security)","Terminal 1, International Departures (Post-Security)",Terminal 1,Terminal 1,International,Departure,Airside,Post Security,"Lounge Name cleaned: removed ' - International Flights' [route type, duplicates Route Type] -> Normalized: 'VIP Lounge'",,yes
N01873,BOM,Chhatrapati Shivaji Maharaj Airport,Travel Club (Domestic Terminal 1C),Travel Club,"Airside - Terminal 1C, level 1, the lounge is located oppsite A2, on the east side of Santa Cruz.",Domestic Departure,"Travel Club – Terminal 1C, Domestic Departures (Post-Security)","Terminal 1C, Domestic Departures (Post-Security)",Terminal 1C,Terminal 1C,Domestic,Departure,Airside,Post Security,"Lounge Name cleaned: removed '(Domestic Terminal 1C)' [route/terminal metadata, duplicates Route Type / Vendor Terminal] -> Normalized: 'Travel Club'",,not found
N01800,BDQ,Vadodara Airport,Premium Lounge,Premium Lounge,"Airside - After passport control and security check, the lounge is located on the 1st floor, next to the Club One Class Lounge.",Domestic Departure,"Premium Lounge – Terminal 1, Domestic Departures (Post-Security)","Terminal 1, Domestic Departures (Post-Security)",Terminal 1,Terminal 1,Domestic,Departure,Airside,Post Security,,,yes
N01791,CJB,Coimbatore International Airport,Black Berry Lounge,Black Berry Lounge,"Airside - Domestic Departures, after Security Hold Area, 1st Floor.",Domestic Departure,"Black Berry Lounge – Main Terminal, Domestic Departures (Post-Security)","Main Terminal, Domestic Departures (Post-Security)",Main Terminal,Main Terminal,Domestic,Departure,Airside,Post Security,,,yes
N01648,BOM,Chhatrapati Shivaji Maharaj Airport,Aviserv Lounge (West Wing),Aviserv Lounge (West Wing),"Landside - Before passport control and security check, on the arrival floor, proceed through customs and baggage claim then turn left. The lounge is located near gate A.",International Arrival,"Aviserv Lounge (West Wing) – Terminal 2, International Arrival (Pre-Security)","Terminal 2, International Arrival (Pre-Security)",Terminal 2,Terminal 2,International,Arrival,Landside,Pre Security,,,yes
N01223,YTY,Taizhou Airport,International First Class Lounge,First Class Lounge,Airside - The lounge is located on the left,International Departure,"First Class Lounge – Main Terminal, International Departures (Post-Security)","Main Terminal, International Departures (Post-Security)",Main Terminal,Main Terminal,International,Departure,Airside,Post Security,"Lounge Name cleaned: removed 'International' [route type, duplicates Route Type] -> Normalized: 'First Class Lounge'",,yes
N01175,COK,Kochi International Airport,Earth Lounge (Domestic),Earth Lounge,"Terminal 1, Domestic Departures, Airside, 2nd Floor.",Domestic Departure,"Earth Lounge – Terminal 1, Domestic Departures (Post-Security)","Terminal 1, Domestic Departures (Post-Security)",Terminal 1,Terminal 1,Domestic,Departure,Airside,Post Security,"Lounge Name cleaned: removed '(Domestic)' [route/terminal metadata, duplicates Route Type / Vendor Terminal] -> Normalized: 'Earth Lounge'",,yes
N01121,BOS,Edward L. Logan International Airport,Air France Lounge,Air France Lounge,"Airside - After passport control and security check, turn right towards gate 4. Take the dedicated lounge elevator or stairs to where the lounge is located.",International Departure,"Air France Lounge – Terminal E, International Departures (Post-Security)","Terminal E, International Departures (Post-Security)",Terminal E,Terminal E,International,Departure,Airside,Post Security,,,yes
N01103,BOM,Chhatrapati Shivaji Maharaj Airport,Adani Lounge (Terminal 2),Adani Lounge,"Airside - After passport control and security check, proceed towards gates 45 - 41, past the relay store.",Domestic Departure,"Adani Lounge – Terminal 2, Domestic Departures (Post-Security)","Terminal 2, Domestic Departures (Post-Security)",Terminal 2,Terminal 2,Domestic,Departure,Airside,Post Security,"Lounge Name cleaned: removed '(Terminal 2)' [route/terminal metadata, duplicates Route Type / Vendor Terminal] -> Normalized: 'Adani Lounge'",,yes
N00743,COK,Kochi International Airport,Earth Lounge (International),Earth Lounge,"Airside - After passport control and security check, take the lift to level 2 where the lounge is located.",International Departure,"Earth Lounge – Terminal 3, International Departures (Post-Security)","Terminal 3, International Departures (Post-Security)",Terminal 3,Terminal 3,International,Departure,Airside,Post Security,"Lounge Name cleaned: removed '(International)' [route/terminal metadata, duplicates Route Type / Vendor Terminal] -> Normalized: 'Earth Lounge'",,yes
N00580,DUR,King Shaka International Airport,Bidvest Premier Lounge,Bidvest Premier Lounge,"Airside - After security check, turn right. Proceed straight ahead and take the lift or stairs up to the level 3. The lounge is located on the right - hand side.",Domestic Departure,"Bidvest Premier Lounge – Domestic Terminal, Domestic Departures (Post-Security)","Domestic Terminal, Domestic Departures (Post-Security)",Domestic Terminal,Domestic Terminal,Domestic,Departure,Airside,Post Security,,,yes
N00574,ELS,East London Airport,Bidvest Premier Lounge,Bidvest Premier Lounge,"Airside - After security check on the ground floor, turn right and the lounge is located at the end of the corridor.",Domestic Departure,"Bidvest Premier Lounge – Main Terminal, Domestic Departures (Post-Security)","Main Terminal, Domestic Departures (Post-Security)",Main Terminal,Main Terminal,Domestic,Departure,Airside,Post Security,,,yes
N13451,CAN,Baiyun International Airport,L34 Lounge (T3 Domestic),L34 Lounge,"Airside - turn right and proceed to the ""L34 Lounge"" opposite gate B917.",Domestic Departure,"L34 Lounge – Terminal 3, Domestic Departures (Post-Security)","Terminal 3, Domestic Departures (Post-Security)",Terminal 3,Terminal 3,Domestic,Departure,Airside,Post Security,"Lounge Name cleaned: removed '(T3 Domestic)' [route/terminal metadata, duplicates Route Type / Vendor Terminal] -> Normalized: 'L34 Lounge'",,yes
N13343,PKX,Daxing International Airport,"Meichen VIP Lounge (Domestic, Landside)",Meichen VIP Lounge,"The lounge is located in the northeast corridor of the terminal. After entering the main terminal at Gate 20 on the first floor, take the elevator to the second floor and walk 100 meters east to the entrance of the Grand Hyatt Hotel. After entering the hotel, walk about 100 meters and take the elevator or stairs inside the hotel to the Grand Hyatt VIP Lounge on the first floor.",Domestic Departure,"Meichen VIP Lounge – Main Terminal, Domestic Departures (Pre-Security)","Main Terminal, Domestic Departures (Pre-Security)",Main Terminal,Main Terminal,Domestic,Departure,Landside,Pre Security,"Lounge Name cleaned: removed '(Domestic, Landside)' [access/location descriptor, not part of name] -> Normalized: 'Meichen VIP Lounge'",,yes
N13459,CWB,Afonso Pena International Airport,W Premium Lounge Curitiba,W Premium Lounge Curitiba,"Airside - After security check, proceed towards Gate 5. The lounge is located in front of Gate 5.",Domestic Departure,"W Premium Lounge Curitiba – Main Terminal, Domestic Departures (Post-Security)","Main Terminal, Domestic Departures (Post-Security)",Main Terminal,Main Terminal,Domestic,Departure,Airside,Post Security,,,yes
N13456,MPM,Maputo International Airport,Bomgarfo Lounge,Bomgarfo Lounge,"Airside - After security check, the lounge is located immediately after immigration control.",International Departure,"Bomgarfo Lounge – Terminal B, International Departures (Post-Security)","Terminal B, International Departures (Post-Security)",Terminal B,Terminal B,International,Departure,Airside,Post Security,,,yes
N13452,TAK,Takamatsu Airport,Lounge Sanuki,Lounge Sanuki,"Landside-Located on the 2nd floor of the Passenger Terminal Building, East Side of the Domestic Departure Lobby.",Domestic Arrival,"Lounge Sanuki – Main Terminal, Domestic Arrival (Pre-Security)","Main Terminal, Domestic Arrival (Pre-Security)",Main Terminal,Main Terminal,Domestic,Arrival,Landside,Pre Security,,,yes
N13452,TAK,Takamatsu Airport,Lounge Sanuki,Lounge Sanuki,"Landside-Located on the 2nd floor of the Passenger Terminal Building, East Side of the Domestic Departure Lobby.",Domestic Departure,"Lounge Sanuki – Main Terminal, Domestic Departures (Pre-Security)","Main Terminal, Domestic Departures (Pre-Security)",Main Terminal,Main Terminal,Domestic,Departure,Landside,Pre Security,,,yes
N13452,TAK,Takamatsu Airport,Lounge Sanuki,Lounge Sanuki,"Landside-Located on the 2nd floor of the Passenger Terminal Building, East Side of the Domestic Departure Lobby.",International Arrival,"Lounge Sanuki – Main Terminal, International Arrival (Pre-Security)","Main Terminal, International Arrival (Pre-Security)",Main Terminal,Main Terminal,International,Arrival,Landside,Pre Security,,,yes
N13452,TAK,Takamatsu Airport,Lounge Sanuki,Lounge Sanuki,"Landside-Located on the 2nd floor of the Passenger Terminal Building, East Side of the Domestic Departure Lobby.",International Departure,"Lounge Sanuki – Main Terminal, International Departures (Pre-Security)","Main Terminal, International Departures (Pre-Security)",Main Terminal,Main Terminal,International,Departure,Landside,Pre Security,,,yes
N13446,FEZ,Saiss Airport,Fez Aspire Executive Lounge,Fez Aspire Executive Lounge,"Airside - After security check, the lounge is located next to gate A1.",International Departure,"Fez Aspire Executive Lounge – Main Terminal, International Departures (Post-Security)","Main Terminal, International Departures (Post-Security)",Main Terminal,Main Terminal,International,Departure,Airside,Post Security,,,yes
N13445,OUD,Angads Airport,Oujda Aspire Executive Lounge,Oujda Aspire Executive Lounge,"Airside - After security check, the lounge is located next to gate A1.",International Departure,"Oujda Aspire Executive Lounge – Main Terminal, International Departures (Post-Security)","Main Terminal, International Departures (Post-Security)",Main Terminal,Main Terminal,International,Departure,Airside,Post Security,,,yes
N13378,SZB,Sultan Abdul Aziz Shah Airport,SKY LOUNGE XPRESS,SKY LOUNGE XPRESS,"Airside - After security check, walk straight to gate 7 you can see the lounge Skylounge Xpress",Domestic Departure,"SKY LOUNGE XPRESS – Skypark Terminal, Domestic Departures (Post-Security)","Skypark Terminal, Domestic Departures (Post-Security)",Skypark Terminal,Skypark Terminal,Domestic,Departure,Airside,Post Security,,,yes
N13377,DAD,Da Nang International Airport,SH Premium Lounge Da Nang,SH Premium Lounge Da Nang,"Airside - After security check, turn right and move to the third floor",International Departure,"SH Premium Lounge Da Nang – Terminal 1, International Departures (Post-Security)","Terminal 1, International Departures (Post-Security)",Terminal 1,Terminal 1,International,Departure,Airside,Post Security,,,yes
N13340,OKA,Naha Airport,First Cabin Naha Airport,First Cabin Naha Airport,Landside-Located on the 1st and 2nd floors of the Passenger Terminal Building (Front Desk on the 2nd floor).,Domestic Arrival,"First Cabin Naha Airport – Main Terminal, Domestic Arrival (Pre-Security)","Main Terminal, Domestic Arrival (Pre-Security)",Main Terminal,Main Terminal,Domestic,Arrival,Landside,Pre Security,,,yes
N13340,OKA,Naha Airport,First Cabin Naha Airport,First Cabin Naha Airport,Landside-Located on the 1st and 2nd floors of the Passenger Terminal Building (Front Desk on the 2nd floor).,Domestic Departure,"First Cabin Naha Airport – Main Terminal, Domestic Departures (Pre-Security)","Main Terminal, Domestic Departures (Pre-Security)",Main Terminal,Main Terminal,Domestic,Departure,Landside,Pre Security,,,yes
N13340,OKA,Naha Airport,First Cabin Naha Airport,First Cabin Naha Airport,Landside-Located on the 1st and 2nd floors of the Passenger Terminal Building (Front Desk on the 2nd floor).,International Arrival,"First Cabin Naha Airport – Main Terminal, International Arrival (Pre-Security)","Main Terminal, International Arrival (Pre-Security)",Main Terminal,Main Terminal,International,Arrival,Landside,Pre Security,,,yes
N13340,OKA,Naha Airport,First Cabin Naha Airport,First Cabin Naha Airport,Landside-Located on the 1st and 2nd floors of the Passenger Terminal Building (Front Desk on the 2nd floor).,International Departure,"First Cabin Naha Airport – Main Terminal, International Departures (Pre-Security)","Main Terminal, International Departures (Pre-Security)",Main Terminal,Main Terminal,International,Departure,Landside,Pre Security,,,yes
N13310,JIC,Jinchuan Airport,First Class Lounge (Domestic),First Class Lounge,"Airside - turn right and go straight for 15 meters to the ""First Class Lounge""",Domestic Departure,"First Class Lounge – Main Terminal, Domestic Departures (Post-Security)","Main Terminal, Domestic Departures (Post-Security)",Main Terminal,Main Terminal,Domestic,Departure,Airside,Post Security,"Lounge Name cleaned: removed '(Domestic)' [route/terminal metadata, duplicates Route Type / Vendor Terminal] -> Normalized: 'First Class Lounge'",,yes
N13334,VCP,Viracopos-Campinas International Airport,BRT Lounge,BRT Lounge,Airside - After security check the lounge is located on Pier A of the International Departure Area in front of gates 6 - 8.,International Departure,"BRT Lounge – Main Terminal, International Departures (Post-Security)","Main Terminal, International Departures (Post-Security)",Main Terminal,Main Terminal,International,Departure,Airside,Post Security,,,yes
N13321,BLQ,Guglielmo Marconi Airport,Prima Vista Lounge,Prima Vista Lounge,"Landside - Before security check, the lounge is located near the fast track security lane.",Domestic Departure,"Prima Vista Lounge – Main Terminal, Domestic Departures (Pre-Security)","Main Terminal, Domestic Departures (Pre-Security)",Main Terminal,Main Terminal,Domestic,Departure,Landside,Pre Security,,,yes
N13321,BLQ,Guglielmo Marconi Airport,Prima Vista Lounge,Prima Vista Lounge,"Landside - Before security check, the lounge is located near the fast track security lane.",International Departure,"Prima Vista Lounge – Main Terminal, International Departures (Pre-Security)","Main Terminal, International Departures (Pre-Security)",Main Terminal,Main Terminal,International,Departure,Landside,Pre Security,,,yes
N13319,FCO,Fiumicino Airport,Prima Vista Lounge,Prima Vista Lounge,Airside - After security check the lounge is located on the Mezzanine Level of Boarding Area A.,Domestic Departure,"Prima Vista Lounge – Terminal 1, Domestic Departures (Post-Security)","Terminal 1, Domestic Departures (Post-Security)",Terminal 1,Terminal 1,Domestic,Departure,Airside,Post Security,,,yes
N13319,FCO,Fiumicino Airport,Prima Vista Lounge,Prima Vista Lounge,Airside - After security check the lounge is located on the Mezzanine Level of Boarding Area A.,International Departure,"Prima Vista Lounge – Terminal 1, International Departures (Post-Security)","Terminal 1, International Departures (Post-Security)",Terminal 1,Terminal 1,International,Departure,Airside,Post Security,,,yes
N13318,AGA,Al Massira Airport,Agadir Aspire Executive Lounge,Agadir Aspire Executive Lounge,"Airside - After security check, the lounge is located after immigration.",International Departure,"Agadir Aspire Executive Lounge – Main Terminal, International Departures (Post-Security)","Main Terminal, International Departures (Post-Security)",Main Terminal,Main Terminal,International,Departure,Airside,Post Security,,,yes
N13305,GYS,Panlong Airport,First Class/Business Class Lounge,First Class/Business Class Lounge,Airside - take the escalator to Floor 2 and First Class/Business Class Lounge 1 and 2 are located 10 meters opposite the door,Domestic Departure,"First Class/Business Class Lounge – Main Terminal, Domestic Departures (Post-Security)","Main Terminal, Domestic Departures (Post-Security)",Main Terminal,Main Terminal,Domestic,Departure,Airside,Post Security,,,yes
N13296,TNA,Yaoqiang International Airport,Guest Reception Counter (Domestic Departures),Guest Reception Counter,"For domestic departures, please check in at the counter opposite to Check-in Counter 36 before security check.",Domestic Departure,"Guest Reception Counter – Main Terminal, Domestic Departures (Pre-Security)","Main Terminal, Domestic Departures (Pre-Security)",Main Terminal,Main Terminal,Domestic,Departure,Landside,Pre Security,"Lounge Name cleaned: removed '(Domestic Departures)' [route/terminal metadata, duplicates Route Type / Vendor Terminal] -> Normalized: 'Guest Reception Counter'",,yes
N13313,VIL,Dakhla Airport,Dakhla Aspire Executive Lounge,Dakhla Aspire Executive Lounge,"Airside - After security check, the lounge is located after immigration.",International Departure,"Dakhla Aspire Executive Lounge – Main Terminal, International Departures (Post-Security)","Main Terminal, International Departures (Post-Security)",Main Terminal,Main Terminal,International,Departure,Airside,Post Security,,,yes
N13312,TNG,Ibn Batouta Airport,Tangier Aspire Executive Lounge,Tangier Aspire Executive Lounge,"Airside - After security check, the lounge is located after immigration.",International Departure,"Tangier Aspire Executive Lounge – Main Terminal, International Departures (Post-Security)","Main Terminal, International Departures (Post-Security)",Main Terminal,Main Terminal,International,Departure,Airside,Post Security,,,yes
N13307,SCY,San Cristobal Airport,Magma Lounge,Magma Lounge,"Airside - After security check, the lounge is located in the main terminal.",Domestic Arrival,"Magma Lounge – Main Terminal, Domestic Arrival (Pre-Security)","Main Terminal, Domestic Arrival (Pre-Security)",Main Terminal,Main Terminal,Domestic,Arrival,Landside,Pre Security,,,yes
N13307,SCY,San Cristobal Airport,Magma Lounge,Magma Lounge,"Airside - After security check, the lounge is located in the main terminal.",Domestic Departure,"Magma Lounge – Main Terminal, Domestic Departures (Pre-Security)","Main Terminal, Domestic Departures (Pre-Security)",Main Terminal,Main Terminal,Domestic,Departure,Landside,Pre Security,,,yes
N13307,SCY,San Cristobal Airport,Magma Lounge,Magma Lounge,"Airside - After security check, the lounge is located in the main terminal.",International Arrival,"Magma Lounge – Main Terminal, International Arrival (Pre-Security)","Main Terminal, International Arrival (Pre-Security)",Main Terminal,Main Terminal,International,Arrival,Landside,Pre Security,,,yes
N13307,SCY,San Cristobal Airport,Magma Lounge,Magma Lounge,"Airside - After security check, the lounge is located in the main terminal.",International Departure,"Magma Lounge – Main Terminal, International Departures (Pre-Security)","Main Terminal, International Departures (Pre-Security)",Main Terminal,Main Terminal,International,Departure,Landside,Pre Security,,,yes
N13304,NGO,Chubu Centrair International Airport,The Coral Finest Business Class Lounge B,The Coral Finest Business Class Lounge B,"Airside -The lounge is located next to Gate 19. The elevator is located next to Centrair Plaza, directly opposite the cigarette and alcohol store. Please take the elevator to the 2nd floor to find the lounge. The Korean Air Lounge is located next to the lounge.",International Departure,"The Coral Finest Business Class Lounge B – Terminal 1, International Departures (Post-Security)","Terminal 1, International Departures (Post-Security)",Terminal 1,Terminal 1,International,Departure,Airside,Post Security,,,yes
N13298,VCE,Marco Polo Airport,Aspire Executive Lounge,Aspire Executive Lounge,"Landside - The lounge is located on level 2, before security control, above check-in desks 1-56. The lounge is accessible by elevator.",Domestic Departure,"Aspire Executive Lounge – Main Terminal, Domestic Departures (Pre-Security)","Main Terminal, Domestic Departures (Pre-Security)",Main Terminal,Main Terminal,Domestic,Departure,Landside,Pre Security,,,yes
N13298,VCE,Marco Polo Airport,Aspire Executive Lounge,Aspire Executive Lounge,"Landside - The lounge is located on level 2, before security control, above check-in desks 1-56. The lounge is accessible by elevator.",International Departure,"Aspire Executive Lounge – Main Terminal, International Departures (Pre-Security)","Main Terminal, International Departures (Pre-Security)",Main Terminal,Main Terminal,International,Departure,Landside,Pre Security,,,yes
N13258,CMN,Mohammed V Airport,Casablanca Aspire Lounge,Casablanca Aspire Lounge,Airside - After security check the lounge is located next to La Table du Marche.,International Departure,"Casablanca Aspire Lounge – Terminal 1, International Departures (Post-Security)","Terminal 1, International Departures (Post-Security)",Terminal 1,Terminal 1,International,Departure,Airside,Post Security,,,yes
N13256,CMN,Mohammed V Airport,Casablanca Aspire Lounge,Casablanca Aspire Lounge,"Airside - After security check, the lounge is located near gate A7-A8.",International Departure,"Casablanca Aspire Lounge – Terminal 2, International Departures (Post-Security)","Terminal 2, International Departures (Post-Security)",Terminal 2,Terminal 2,International,Departure,Airside,Post Security,,,yes
N13250,AMD,Sardar VallabhBhai Patel Airport,Adani Lounge,Adani Lounge,Airside-First floor near gate 1,Domestic Departure,"Adani Lounge – Terminal 1, Domestic Departures (Post-Security)","Terminal 1, Domestic Departures (Post-Security)",Terminal 1,Terminal 1,Domestic,Departure,Airside,Post Security,,,yes
N12900,CIT,Shymkent International Airport,Sky Hall Lounge,Sky Hall Lounge,"Airside - After check-in and security control, on the left.",Domestic Departure,"Sky Hall Lounge – Main Terminal, Domestic Departures (Post-Security)","Main Terminal, Domestic Departures (Post-Security)",Main Terminal,Main Terminal,Domestic,Departure,Airside,Post Security,,,yes
N03538,LVI,Livingstone Airport,ConnieK Livingstone Lounge,ConnieK Livingstone Lounge,"Airside - After passport control and security check, the lounge is located on the first floor.",International Departure,"ConnieK Livingstone Lounge – Terminal 2, International Departures (Post-Security)","Terminal 2, International Departures (Post-Security)",Terminal 2,Terminal 2,International,Departure,Airside,Post Security,,,yes
N02211,DAD,Da Nang International Airport,Vanda Lounge,Vanda Lounge,"Airside - After passport control and security check, the lounge is located at the left side and on the mezzanine floor.",International Departure,"Vanda Lounge – International Terminal, International Departures (Post-Security)","International Terminal, International Departures (Post-Security)",International Terminal,International Terminal,International,Departure,Airside,Post Security,,,yes
N00423,MBA,Moi International Airport,Safari Comfort Lounge,Safari Comfort Lounge,"Airside - After passport control and security check, take the lift or escalator to level 1, turn left and follow signs to the lounge.",Domestic Departure,"Safari Comfort Lounge – Terminal 1, Domestic Departures (Post-Security)","Terminal 1, Domestic Departures (Post-Security)",Terminal 1,Terminal 1,Domestic,Departure,Airside,Post Security,,,yes
N13626,NMI,Navi Mumbai International Airport,Adani Silver Lounge,Adani Silver Lounge,"Airside - Domestic Departures, Above Bombay Brew Bar towards gate no.1",Domestic Departure,"Adani Silver Lounge – Terminal 1, Domestic Departures (Post-Security)","Terminal 1, Domestic Departures (Post-Security)",Terminal 1,Terminal 1,Domestic,Departure,Airside,Post Security,,,yes
N13612,BOM,Chhatrapati Shivaji Maharaj Airport,Adani Silver Lounge,Adani Silver Lounge,"Airside - International Departures, After Duty Free, Next to Superdry store at extreme right",International Departure,"Adani Silver Lounge – Terminal 2, International Departures (Post-Security)","Terminal 2, International Departures (Post-Security)",Terminal 2,Terminal 2,International,Departure,Airside,Post Security,,,yes
N13005,TNA,Yaoqiang International Airport,First Class Lounge No. 10 (T1 International),First Class Lounge No. 10,"Second floor, international departures, opposite gate 36 inside security checkpoint.",International Departure,"First Class Lounge No. 10 – Main Terminal, International Departures (Post-Security)","Main Terminal, International Departures (Post-Security)",Main Terminal,Main Terminal,International,Departure,Airside,Post Security,"Lounge Name cleaned: removed '(T1 International)' [route/terminal metadata, duplicates Route Type / Vendor Terminal] -> Normalized: 'First Class Lounge No. 10' | TERMINAL MISMATCH: Lounge Name mentions Terminal 1 but Vendor Terminal is 'Main Terminal'",,not found
N13007,TNA,Yaoqiang International Airport,First Class Lounge No. 1 (T1 Domestic),First Class Lounge No. 1,"Airside - On the second floor, for domestic departures, opposite Gate 12 in the south concourse.",Domestic Departure,"First Class Lounge No. 1 – Main Terminal, Domestic Departures (Post-Security)","Main Terminal, Domestic Departures (Post-Security)",Main Terminal,Main Terminal,Domestic,Departure,Airside,Post Security,"Lounge Name cleaned: removed '(T1 Domestic)' [route/terminal metadata, duplicates Route Type / Vendor Terminal] -> Normalized: 'First Class Lounge No. 1' | TERMINAL MISMATCH: Lounge Name mentions Terminal 1 but Vendor Terminal is 'Main Terminal'",,not found
N13077,HCZ,Chenzhou Beihu Airport,First Class Lounge,First Class Lounge,Airside - take the escalator on the right to the second floor to reach the First Class Lounge.,Domestic Departure,"First Class Lounge – Main Terminal, Domestic Departures (Post-Security)","Main Terminal, Domestic Departures (Post-Security)",Main Terminal,Main Terminal,Domestic,Departure,Airside,Post Security,,,yes
N13079,URC,Urumqi Tianshan International Airport,VIP lounge (domestic),VIP lounge,"Airside - go down to the second floor, towards Gate A, the lounge is located next to Terun Dairy.",Domestic Departure,"VIP lounge – North Terminal, Domestic Departures (Post-Security)","North Terminal, Domestic Departures (Post-Security)",North Terminal,North Terminal,Domestic,Departure,Airside,Post Security,"Lounge Name cleaned: removed '(domestic)' [route/terminal metadata, duplicates Route Type / Vendor Terminal] -> Normalized: 'VIP lounge'",,yes
N13139,TAO,Qingdao Jiaodong International Airport,Caesars Airport VIP Reception (Landside),Caesars Airport VIP Reception,"Landside - in the domestic departure hall, opposite N Island, is the Caesars Airport VIP Reception Area (after passengers show their vouchers to the on-site staff for successful verification, they will be provided with a fast security check voucher. Passengers can use the fast security lane and the Universal Airport VIP Lounge V3 service after security check by following the on-site staff's instructions).",Domestic Departure,"Caesars Airport VIP Reception – Main Terminal, Domestic Departures (Pre-Security)","Main Terminal, Domestic Departures (Pre-Security)",Main Terminal,Main Terminal,Domestic,Departure,Landside,Pre Security,"Lounge Name cleaned: removed '(Landside)' [access/location descriptor, not part of name] -> Normalized: 'Caesars Airport VIP Reception'",,yes
N13265,LZO,Yunlong Airport,Second class lounge 3,Second class lounge 3,Airside - turn right and walk straight for about 50 meters.,Domestic Departure,"Second class lounge 3 – Main Terminal, Domestic Departures (Post-Security)","Main Terminal, Domestic Departures (Post-Security)",Main Terminal,Main Terminal,Domestic,Departure,Airside,Post Security,,,yes
N13375,WMT,ZunYi MaoTai Airport,First Class Waiting Room No. 2,First Class Waiting Room No. 2,Airside - next to Gate 2 on the 2nd floor,Domestic Departure,"First Class Waiting Room No. 2 – Main Terminal, Domestic Departures (Post-Security)","Main Terminal, Domestic Departures (Post-Security)",Main Terminal,Main Terminal,Domestic,Departure,Airside,Post Security,,,yes
N13486,LZO,Yunlong Airport,VIP Customer Reception Room (Landside),VIP Customer Reception Room,Landside - turn left after entering the domestic departure hall and walk straight for about 50 meters. The VIP Customer Reception room is next to the water dispenser in the Luzhou Specialty Gift Shop.,Domestic Departure,"VIP Customer Reception Room – Main Terminal, Domestic Departures (Pre-Security)","Main Terminal, Domestic Departures (Pre-Security)",Main Terminal,Main Terminal,Domestic,Departure,Landside,Pre Security,"Lounge Name cleaned: removed '(Landside)' [access/location descriptor, not part of name] -> Normalized: 'VIP Customer Reception Room'",,yes
N13598,CUN,Cancun International Airport,VIP lounge by MERA T3 Roof,VIP lounge by MERA,"Airside - After security check and the duty free area, turn left. The Lounge is located between the Sushi Tequila Restaurant and the Ray-Ban Store.",International Departure,"VIP lounge by MERA – Terminal 3, International Departures (Post-Security)","Terminal 3, International Departures (Post-Security)",Terminal 3,Terminal 3,International,Departure,Airside,Post Security,"Lounge Name cleaned: removed 'T3 Roof' [terminal/location descriptor, duplicates Vendor Terminal] -> Normalized: 'VIP lounge by MERA'",,yes
N13551,PZI,Bao'angong Airport,First and second class lounge,First and second class lounge,"Airside - turn right and walk 10 meters to the ""First and Second Class Lounge"".",Domestic Departure,"First and second class lounge – Main Terminal, Domestic Departures (Post-Security)","Main Terminal, Domestic Departures (Post-Security)",Main Terminal,Main Terminal,Domestic,Departure,Airside,Post Security,,,yes
N13125,TAO,Qingdao Jiaodong International Airport,Huan Ya Airport VIP Lounge V3,Huan Ya Airport VIP Lounge V3,Airside - on the left side of the C concourse entrance.,Domestic Departure,"Huan Ya Airport VIP Lounge V3 – Main Terminal, Domestic Departures (Post-Security)","Main Terminal, Domestic Departures (Post-Security)",Main Terminal,Main Terminal,Domestic,Departure,Airside,Post Security,,,yes
N13126,TAO,Qingdao Jiaodong International Airport,Huan Ya Airport VIP Lounge V1,Huan Ya Airport VIP Lounge V1,"Airside - go to gate 01, concourse A (diagonally opposite).",Domestic Departure,"Huan Ya Airport VIP Lounge V1 – Main Terminal, Domestic Departures (Post-Security)","Main Terminal, Domestic Departures (Post-Security)",Main Terminal,Main Terminal,Domestic,Departure,Airside,Post Security,,,yes
N13565,BBI,Biju Patnaik Airport,O'vetra Lounge (BBI),O'vetra Lounge,"Airside - Level 1, After Security Hold area Domestic Departure",Domestic Departure,"O'vetra Lounge – Terminal 1, Domestic Departures (Post-Security)","Terminal 1, Domestic Departures (Post-Security)",Terminal 1,Terminal 1,Domestic,Departure,Airside,Post Security,Lounge Name cleaned: removed '(BBI)' [duplicates IATA code] -> Normalized: 'O'vetra Lounge',,yes
N13454,BHY,Fucheng Airport,First Class Check-in Counter No. 1,First Class Check-in Counter No. 1,"Landside - go to check-in counter #1 on the first floor of the terminal (after successful verification, follow the staff's instructions to use the express service, and then proceed to the first-class lounge after security to use the lounge services).",Domestic Departure,"First Class Check-in Counter No. 1 – Main Terminal, Domestic Departures (Pre-Security)","Main Terminal, Domestic Departures (Pre-Security)",Main Terminal,Main Terminal,Domestic,Departure,Landside,Pre Security,,,yes
N13520,HIJ,Hiroshima Airport,Yamanami Villa,Yamanami Villa,Airside-Located on the 3rd floor of the domestic departures area.,Domestic Departure,"Yamanami Villa – Main Terminal, Domestic Departures (Post-Security)","Main Terminal, Domestic Departures (Post-Security)",Main Terminal,Main Terminal,Domestic,Departure,Airside,Post Security,,,yes
N13485,BAR,Qionghai Boao Airport,Guest Service Counter (landside),Guest Service Counter,"Landside - at the ""Check-in Counter"" opposite Gate 2 in the Departure Hall (passengers go to the check-in counter with their Longteng Card and present it to the staff for verification. After successful verification, they will be given a service voucher. Passengers can follow the staff's instructions and use the service voucher to use the Express Pass service and go to the ""First Class Lounge"" next to Gate 2 on the second floor after security check)",Domestic Departure,"Guest Service Counter – Main Terminal, Domestic Departures (Pre-Security)","Main Terminal, Domestic Departures (Pre-Security)",Main Terminal,Main Terminal,Domestic,Departure,Landside,Pre Security,"Lounge Name cleaned: removed '(landside)' [access/location descriptor, not part of name] -> Normalized: 'Guest Service Counter'",,yes
N13484,ETR,Santa Rosa International Airport,Sala VIP,Sala VIP,"Airside - After passport control and security check, the lounge is located on the left near the domestic boarding gates.",Domestic Departure,"Sala VIP – Main Terminal, Domestic Departures (Post-Security)","Main Terminal, Domestic Departures (Post-Security)",Main Terminal,Main Terminal,Domestic,Departure,Airside,Post Security,,,yes
N13483,SEZ,Seychelles International Airport,Salon Vallee de Mai,Salon Vallee de Mai,"Airside - After security check, the lounge is located on the first floor",Domestic Departure,"Salon Vallee de Mai – Domestic Terminal, Domestic Departures (Post-Security)","Domestic Terminal, Domestic Departures (Post-Security)",Domestic Terminal,Domestic Terminal,Domestic,Departure,Airside,Post Security,,,yes
N13483,SEZ,Seychelles International Airport,Salon Vallee de Mai,Salon Vallee de Mai,"Airside - After security check, the lounge is located on the first floor",International Departure,"Salon Vallee de Mai – Domestic Terminal, International Departures (Post-Security)","Domestic Terminal, International Departures (Post-Security)",Domestic Terminal,Domestic Terminal,International,Departure,Airside,Post Security,,,yes
N13462,MAD,Adolfo Suarez-Barajas Airport,GettSleep Madrid,GettSleep Madrid,"Airside - After security check, GettSleep is located on the first floor.",Domestic Departure,"GettSleep Madrid – Terminal 4S, Domestic Departures (Post-Security)","Terminal 4S, Domestic Departures (Post-Security)",Terminal 4S,Terminal 4S,Domestic,Departure,Airside,Post Security,,,not found
N13462,MAD,Adolfo Suarez-Barajas Airport,GettSleep Madrid,GettSleep Madrid,"Airside - After security check, GettSleep is located on the first floor.",International Departure,"GettSleep Madrid – Terminal 4S, International Departures (Post-Security)","Terminal 4S, International Departures (Post-Security)",Terminal 4S,Terminal 4S,International,Departure,Airside,Post Security,,,not found
N13320,SKG,Makedonia Airport,Prima Vista Lounge,Prima Vista Lounge,Airside - After security checks the lounge is located on the Mezzanine Level above Gate 12.,Domestic Departure,"Prima Vista Lounge – Main Terminal, Domestic Departures (Post-Security)","Main Terminal, Domestic Departures (Post-Security)",Main Terminal,Main Terminal,Domestic,Departure,Airside,Post Security,,,yes
N13320,SKG,Makedonia Airport,Prima Vista Lounge,Prima Vista Lounge,Airside - After security checks the lounge is located on the Mezzanine Level above Gate 12.,International Departure,"Prima Vista Lounge – Main Terminal, International Departures (Post-Security)","Main Terminal, International Departures (Post-Security)",Main Terminal,Main Terminal,International,Departure,Airside,Post Security,,,yes
N13302,URC,Urumqi Tianshan International Airport,China Southern Airlines Kapok Lounge (International),China Southern Airlines Kapok Lounge,"Airside - After border control, go downstairs and turn right to China Southern Airlines Kapok Lounge",International Departure,"China Southern Airlines Kapok Lounge – North Terminal, International Departures (Post-Security)","North Terminal, International Departures (Post-Security)",North Terminal,North Terminal,International,Departure,Airside,Post Security,"Lounge Name cleaned: removed '(International)' [route/terminal metadata, duplicates Route Type / Vendor Terminal] -> Normalized: 'China Southern Airlines Kapok Lounge'",,yes
N05260,BOM,Chhatrapati Shivaji Maharaj Airport,Meghavi Air SpaLounge,Meghavi Air SpaLounge,"After security and immigration - Level 4, walk straight through Duty Free, then turn left. Pass Forest Essentials and Kama Ayurveda - the spa is beside McDonald's.",International Departure,"Meghavi Air SpaLounge – Terminal 1, International Departures (Post-Security)","Terminal 1, International Departures (Post-Security)",Terminal 1,Terminal 1,International,Departure,Airside,Post Security,,,yes
N04624,HKT,Phuket International Airport,The Coral First Class lounge,The Coral First Class lounge,"Airside - After passport control and security check, the lounge is located on level 4.",International Departure,"The Coral First Class lounge – International Terminal, International Departures (Post-Security)","International Terminal, International Departures (Post-Security)",International Terminal,International Terminal,International,Departure,Airside,Post Security,,,yes
N02293,MDL,Mandalay International Airport,MJAS CIP Lounge,MJAS CIP Lounge,"Airside - After passport control and security check, please turn left, proceed to 2nd floor, departure level.",International Departure,"MJAS CIP Lounge – Main Terminal, International Departures (Post-Security)","Main Terminal, International Departures (Post-Security)",Main Terminal,Main Terminal,International,Departure,Airside,Post Security,,,yes
N02293,MDL,Mandalay International Airport,MJAS CIP Lounge,MJAS CIP Lounge,"Airside - After passport control and security check, please turn left, proceed to 2nd floor, departure level.",Domestic Departure,"MJAS CIP Lounge – Main Terminal, Domestic Departures (Post-Security)","Main Terminal, Domestic Departures (Post-Security)",Main Terminal,Main Terminal,Domestic,Departure,Airside,Post Security,,,yes
N02293,MDL,Mandalay International Airport,MJAS CIP Lounge,MJAS CIP Lounge,"Airside - After passport control and security check, please turn left, proceed to 2nd floor, departure level.",International Arrival,"MJAS CIP Lounge – Main Terminal, International Arrival (Post-Security)","Main Terminal, International Arrival (Post-Security)",Main Terminal,Main Terminal,International,Arrival,Airside,Post Security,,,yes
N02293,MDL,Mandalay International Airport,MJAS CIP Lounge,MJAS CIP Lounge,"Airside - After passport control and security check, please turn left, proceed to 2nd floor, departure level.",Domestic Arrival,"MJAS CIP Lounge – Main Terminal, Domestic Arrival (Post-Security)","Main Terminal, Domestic Arrival (Post-Security)",Main Terminal,Main Terminal,Domestic,Arrival,Airside,Post Security,,,yes
N00443,PMI,Palma de Mallorca Airport,Sala VIP Valldemossa,Sala VIP Valldemossa,Airside - Pass through security control and take the escalators to the 4th Floor.,Domestic Departure,"Sala VIP Valldemossa – Main Terminal, Domestic Departures (Post-Security)","Main Terminal, Domestic Departures (Post-Security)",Main Terminal,Main Terminal,Domestic,Departure,Airside,Post Security,,,yes
N00443,PMI,Palma de Mallorca Airport,Sala VIP Valldemossa,Sala VIP Valldemossa,Airside - Pass through security control and take the escalators to the 4th Floor.,International Departure,"Sala VIP Valldemossa – Main Terminal, International Departures (Post-Security)","Main Terminal, International Departures (Post-Security)",Main Terminal,Main Terminal,International,Departure,Airside,Post Security,,,yes
N00437,MAD,Adolfo Suarez-Barajas Airport,Sala VIP Cibeles,Sala VIP Cibeles,"Airside - After passport control, proceed to level 2. The lounge is located between gates B26 and B29 on the right hand side. Follow the signs to 'Sala VIP'.",International Departure,"Sala VIP Cibeles – Terminal 1, International Departures (Post-Security)","Terminal 1, International Departures (Post-Security)",Terminal 1,Terminal 1,International,Departure,Airside,Post Security,,,yes
N13902,DMK,Don Mueang International Airport,TRAVEL CLUB LOUNGE (TCL),TRAVEL CLUB LOUNGE,5 Minutes walk after security check of International hall and 50 metre walk after Pier 2 (Gate #21-26).,International Arrival,"TRAVEL CLUB LOUNGE – Terminal 1, International Arrival (Post-Security)","Terminal 1, International Arrival (Post-Security)",Terminal 1,Terminal 1,International,Arrival,Airside,Post Security,Lounge Name cleaned: removed '(TCL)' [redundant abbreviation of the name] -> Normalized: 'TRAVEL CLUB LOUNGE',,yes
N13902,DMK,Don Mueang International Airport,TRAVEL CLUB LOUNGE (TCL),TRAVEL CLUB LOUNGE,5 Minutes walk after security check of International hall and 50 metre walk after Pier 2 (Gate #21-26).,International Departure,"TRAVEL CLUB LOUNGE – Terminal 1, International Departures (Post-Security)","Terminal 1, International Departures (Post-Security)",Terminal 1,Terminal 1,International,Departure,Airside,Post Security,Lounge Name cleaned: removed '(TCL)' [redundant abbreviation of the name] -> Normalized: 'TRAVEL CLUB LOUNGE',,yes
N13836,AMD,Sardar VallabhBhai Patel Airport,Adani Silver,Adani Silver,Airside (After security check),Domestic Departure,"Adani Silver – Terminal 2, Domestic Departures (Post-Security)","Terminal 2, Domestic Departures (Post-Security)",Terminal 2,Terminal 2,Domestic,Departure,Airside,Post Security,,,yes
N13823,OKJ,Okayama Momotaro Airport,ラウンジマスカット,ラウンジマスカット,"Landside - From the departure lobby (2nd floor)
(The check-in counters are on the 2nd floor)
take the escalator or elevator to the 3rd floor.

The lounge is located on the 3rd floor of the terminal building.
Head toward the Observation Deck (Viewing Deck),
and it will be on the left.",Domestic Departure,"ラウンジマスカット – Main Terminal, Domestic Departures (Pre-Security)","Main Terminal, Domestic Departures (Pre-Security)",Main Terminal,Main Terminal,Domestic,Departure,Landside,Pre Security,,,yes
N13823,OKJ,Okayama Momotaro Airport,ラウンジマスカット,ラウンジマスカット,"Landside - From the departure lobby (2nd floor)
(The check-in counters are on the 2nd floor)
take the escalator or elevator to the 3rd floor.

The lounge is located on the 3rd floor of the terminal building.
Head toward the Observation Deck (Viewing Deck),
and it will be on the left.",International Departure,"ラウンジマスカット – Main Terminal, International Departures (Pre-Security)","Main Terminal, International Departures (Pre-Security)",Main Terminal,Main Terminal,International,Departure,Landside,Pre Security,,,yes
N13823,OKJ,Okayama Momotaro Airport,ラウンジマスカット,ラウンジマスカット,"Landside - From the departure lobby (2nd floor)
(The check-in counters are on the 2nd floor)
take the escalator or elevator to the 3rd floor.

The lounge is located on the 3rd floor of the terminal building.
Head toward the Observation Deck (Viewing Deck),
and it will be on the left.",International Arrival,"ラウンジマスカット – Main Terminal, International Arrival (Pre-Security)","Main Terminal, International Arrival (Pre-Security)",Main Terminal,Main Terminal,International,Arrival,Landside,Pre Security,,,yes
N13823,OKJ,Okayama Momotaro Airport,ラウンジマスカット,ラウンジマスカット,"Landside - From the departure lobby (2nd floor)
(The check-in counters are on the 2nd floor)
take the escalator or elevator to the 3rd floor.

The lounge is located on the 3rd floor of the terminal building.
Head toward the Observation Deck (Viewing Deck),
and it will be on the left.",Domestic Arrival,"ラウンジマスカット – Main Terminal, Domestic Arrival (Pre-Security)","Main Terminal, Domestic Arrival (Pre-Security)",Main Terminal,Main Terminal,Domestic,Arrival,Landside,Pre Security,,,yes
N13811,SOF,Sofia Airport,Primeclass Lounge,Primeclass Lounge,"Airside - Terminal 2, opposite Duty Free.",Domestic Departure,"Primeclass Lounge – Terminal 2, Domestic Departures (Post-Security)","Terminal 2, Domestic Departures (Post-Security)",Terminal 2,Terminal 2,Domestic,Departure,Airside,Post Security,,,yes
N13811,SOF,Sofia Airport,Primeclass Lounge,Primeclass Lounge,"Airside - Terminal 2, opposite Duty Free.",International Departure,"Primeclass Lounge – Terminal 2, International Departures (Post-Security)","Terminal 2, International Departures (Post-Security)",Terminal 2,Terminal 2,International,Departure,Airside,Post Security,,,yes
N13805,RUH,King Khalid International Airport,CATRION Lounge,CATRION Lounge,"Airside - after completing check-in, please proceed through the security checkpoint to the duty-free area. While facing the duty-free section, turn left-you will find the escalator leading up to the CATRION Lounge.",Domestic Departure,"CATRION Lounge – Terminal 4, Domestic Departures (Post-Security)","Terminal 4, Domestic Departures (Post-Security)",Terminal 4,Terminal 4,Domestic,Departure,Airside,Post Security,,,yes
N13794,HAN,Noi Bai International Airport,SH Premium Lounge Ha Noi 3,SH Premium Lounge Ha Noi 3,"4F, Airside, West Wing, International Departures, Noi Bai International Airport (near gate 36&37)",International Arrival,"SH Premium Lounge Ha Noi 3 – Terminal 2, International Arrival (Post-Security)","Terminal 2, International Arrival (Post-Security)",Terminal 2,Terminal 2,International,Arrival,Airside,Post Security,,,yes
N13794,HAN,Noi Bai International Airport,SH Premium Lounge Ha Noi 3,SH Premium Lounge Ha Noi 3,"4F, Airside, West Wing, International Departures, Noi Bai International Airport (near gate 36&37)",International Departure,"SH Premium Lounge Ha Noi 3 – Terminal 2, International Departures (Post-Security)","Terminal 2, International Departures (Post-Security)",Terminal 2,Terminal 2,International,Departure,Airside,Post Security,,,yes
N13786,NLA,Simon M. Kapwepwe lntl Ndola Airport,Paragon Premium Lounge,Paragon Premium Lounge,"Airside - After security check, the lounge is located on the right.",International Departure,"Paragon Premium Lounge – Main Terminal, International Departures (Post-Security)","Main Terminal, International Departures (Post-Security)",Main Terminal,Main Terminal,International,Departure,Airside,Post Security,,,yes
N13783,PPK,Petropavlovsk Airport,CIP Lounge,CIP Lounge,Airside- A separate entrance to the lounge is located on the right side of the airport building.,Domestic Departure,"CIP Lounge – Main Terminal, Domestic Departures (Post-Security)","Main Terminal, Domestic Departures (Post-Security)",Main Terminal,Main Terminal,Domestic,Departure,Airside,Post Security,,,yes
N13783,PPK,Petropavlovsk Airport,CIP Lounge,CIP Lounge,Airside- A separate entrance to the lounge is located on the right side of the airport building.,International Departure,"CIP Lounge – Main Terminal, International Departures (Post-Security)","Main Terminal, International Departures (Post-Security)",Main Terminal,Main Terminal,International,Departure,Airside,Post Security,,,yes
N13783,PPK,Petropavlovsk Airport,CIP Lounge,CIP Lounge,Airside- A separate entrance to the lounge is located on the right side of the airport building.,International Arrival,"CIP Lounge – Main Terminal, International Arrival (Post-Security)","Main Terminal, International Arrival (Post-Security)",Main Terminal,Main Terminal,International,Arrival,Airside,Post Security,,,yes
N13783,PPK,Petropavlovsk Airport,CIP Lounge,CIP Lounge,Airside- A separate entrance to the lounge is located on the right side of the airport building.,Domestic Arrival,"CIP Lounge – Main Terminal, Domestic Arrival (Post-Security)","Main Terminal, Domestic Arrival (Post-Security)",Main Terminal,Main Terminal,Domestic,Arrival,Airside,Post Security,,,yes
N13782,TLV,Ben Gurion International Airport,Jetex C Lounge,Jetex C Lounge,Airside - After security check the lounge is located in the Duty Free area of Concourse C.,International Departure,"Jetex C Lounge – Terminal 3, International Departures (Post-Security)","Terminal 3, International Departures (Post-Security)",Terminal 3,Terminal 3,International,Departure,Airside,Post Security,,,not found
N13778,SLL,Salalah Airport,Majan Lounge,Majan Lounge,"Airside - After security check turn right, the lounge is located on Level 1.",Domestic Departure,"Majan Lounge – Main Terminal, Domestic Departures (Post-Security)","Main Terminal, Domestic Departures (Post-Security)",Main Terminal,Main Terminal,Domestic,Departure,Airside,Post Security,,,yes
N13778,SLL,Salalah Airport,Majan Lounge,Majan Lounge,"Airside - After security check turn right, the lounge is located on Level 1.",International Departure,"Majan Lounge – Main Terminal, International Departures (Post-Security)","Main Terminal, International Departures (Post-Security)",Main Terminal,Main Terminal,International,Departure,Airside,Post Security,,,yes
N13777,VRN,Verona Villafranca Airport,Valerio Catullo Lounge by Aspire,Valerio Catullo Lounge by Aspire,"Airside - After security check, the lounge is located before the boarding gates.",Domestic Departure,"Valerio Catullo Lounge by Aspire – Main Terminal, Domestic Departures (Post-Security)","Main Terminal, Domestic Departures (Post-Security)",Main Terminal,Main Terminal,Domestic,Departure,Airside,Post Security,,,yes
N13777,VRN,Verona Villafranca Airport,Valerio Catullo Lounge by Aspire,Valerio Catullo Lounge by Aspire,"Airside - After security check, the lounge is located before the boarding gates.",International Departure,"Valerio Catullo Lounge by Aspire – Main Terminal, International Departures (Post-Security)","Main Terminal, International Departures (Post-Security)",Main Terminal,Main Terminal,International,Departure,Airside,Post Security,,,yes
N13767,RUH,King Khalid International Airport,Cozaya Lounge,Cozaya Lounge,"Airside - After security check the lounge is located on the first floor in front of gate 508 A/B, adjacent to Dunkin Donuts and Burger King.",International Departure,"Cozaya Lounge – Terminal 5, International Departures (Post-Security)","Terminal 5, International Departures (Post-Security)",Terminal 5,Terminal 5,International,Departure,Airside,Post Security,,,yes
N13638,CAN,Baiyun International Airport,L35 Lounge(T3 International ),L35 Lounge,"Airside - After passport control and security check, go straight 30m, turn right to L35 Lounge.",International Departure,"L35 Lounge – Terminal 3, International Departures (Post-Security)","Terminal 3, International Departures (Post-Security)",Terminal 3,Terminal 3,International,Departure,Airside,Post Security,"Lounge Name cleaned: removed '(T3 International)' [route/terminal metadata, duplicates Route Type / Vendor Terminal] -> Normalized: 'L35 Lounge'",,yes
N13685,VKG,Rach Gia Airport,SH Premium Lounge Rach Gia,SH Premium Lounge Rach Gia,"Airside - 2F, Domestic Departures, Rach Gia Airport",Domestic Arrival,"SH Premium Lounge Rach Gia – Main Terminal, Domestic Arrival (Post-Security)","Main Terminal, Domestic Arrival (Post-Security)",Main Terminal,Main Terminal,Domestic,Arrival,Airside,Post Security,,,yes
N13685,VKG,Rach Gia Airport,SH Premium Lounge Rach Gia,SH Premium Lounge Rach Gia,"Airside - 2F, Domestic Departures, Rach Gia Airport",Domestic Departure,"SH Premium Lounge Rach Gia – Main Terminal, Domestic Departures (Post-Security)","Main Terminal, Domestic Departures (Post-Security)",Main Terminal,Main Terminal,Domestic,Departure,Airside,Post Security,,,yes
N13674,KWI,Kuwait International Airport,Al Kout,Al Kout,"Airside - After passport control and security check, turn left. The lounge is located opposite Gate 2.",International Departure,"Al Kout – Terminal 1, International Departures (Post-Security)","Terminal 1, International Departures (Post-Security)",Terminal 1,Terminal 1,International,Departure,Airside,Post Security,,,yes
N13669,CWB,Afonso Pena International Airport,Comfort Zone CWB,Comfort Zone CWB,"Landside - Before security check, located on the second floor next to Giraffas.",Domestic Arrival,"Comfort Zone CWB – Main Terminal, Domestic Arrival (Pre-Security)","Main Terminal, Domestic Arrival (Pre-Security)",Main Terminal,Main Terminal,Domestic,Arrival,Landside,Pre Security,,,yes
N13669,CWB,Afonso Pena International Airport,Comfort Zone CWB,Comfort Zone CWB,"Landside - Before security check, located on the second floor next to Giraffas.",Domestic Departure,"Comfort Zone CWB – Main Terminal, Domestic Departures (Pre-Security)","Main Terminal, Domestic Departures (Pre-Security)",Main Terminal,Main Terminal,Domestic,Departure,Landside,Pre Security,,,yes
N13669,CWB,Afonso Pena International Airport,Comfort Zone CWB,Comfort Zone CWB,"Landside - Before security check, located on the second floor next to Giraffas.",International Arrival,"Comfort Zone CWB – Main Terminal, International Arrival (Pre-Security)","Main Terminal, International Arrival (Pre-Security)",Main Terminal,Main Terminal,International,Arrival,Landside,Pre Security,,,yes
N13669,CWB,Afonso Pena International Airport,Comfort Zone CWB,Comfort Zone CWB,"Landside - Before security check, located on the second floor next to Giraffas.",International Departure,"Comfort Zone CWB – Main Terminal, International Departures (Pre-Security)","Main Terminal, International Departures (Pre-Security)",Main Terminal,Main Terminal,International,Departure,Landside,Pre Security,,,yes
N13668,POA,Salgado Filho International Airport,Comfort Zone POA,Comfort Zone POA,Landside - Before security check located on the first floor next to the International Arrival,Domestic Arrival,"Comfort Zone POA – Main Terminal, Domestic Arrival (Pre-Security)","Main Terminal, Domestic Arrival (Pre-Security)",Main Terminal,Main Terminal,Domestic,Arrival,Landside,Pre Security,,,yes
N13668,POA,Salgado Filho International Airport,Comfort Zone POA,Comfort Zone POA,Landside - Before security check located on the first floor next to the International Arrival,Domestic Departure,"Comfort Zone POA – Main Terminal, Domestic Departures (Pre-Security)","Main Terminal, Domestic Departures (Pre-Security)",Main Terminal,Main Terminal,Domestic,Departure,Landside,Pre Security,,,yes
N13668,POA,Salgado Filho International Airport,Comfort Zone POA,Comfort Zone POA,Landside - Before security check located on the first floor next to the International Arrival,International Arrival,"Comfort Zone POA – Main Terminal, International Arrival (Pre-Security)","Main Terminal, International Arrival (Pre-Security)",Main Terminal,Main Terminal,International,Arrival,Landside,Pre Security,,,yes
N13668,POA,Salgado Filho International Airport,Comfort Zone POA,Comfort Zone POA,Landside - Before security check located on the first floor next to the International Arrival,International Departure,"Comfort Zone POA – Main Terminal, International Departures (Pre-Security)","Main Terminal, International Departures (Pre-Security)",Main Terminal,Main Terminal,International,Departure,Landside,Pre Security,,,yes
N13648,AJF,Jouf Airport,Hayyak VIP Lounge,Hayyak VIP Lounge,"Airside - After passport control and security check, the lounge is located on the ground level close to gate 5.",International Departure,"Hayyak VIP Lounge – Main Terminal, International Departures (Post-Security)","Main Terminal, International Departures (Post-Security)",Main Terminal,Main Terminal,International,Departure,Airside,Post Security,,,yes
N13627,FOR,Pinto Martins International Airport,W Premium Lounge Fortaleza International II,W Premium Lounge Fortaleza II,"Airside - After security check, pass through Duty Free, proceed to the left. The lounge is located in front of Boarding Gate 2.",International Departure,"W Premium Lounge Fortaleza II – Main Terminal, International Departures (Post-Security)","Main Terminal, International Departures (Post-Security)",Main Terminal,Main Terminal,International,Departure,Airside,Post Security,"Lounge Name cleaned: removed 'International' [route type, duplicates Route Type] -> Normalized: 'W Premium Lounge Fortaleza II'",,yes
N13600,FNC,Madeira Airport,Lounge ANA,Lounge ANA,Airside - After security check the lounge is located on the upper level next to Starbucks,Domestic Departure,"Lounge ANA – Main Terminal, Domestic Departures (Post-Security)","Main Terminal, Domestic Departures (Post-Security)",Main Terminal,Main Terminal,Domestic,Departure,Airside,Post Security,,,yes
N13600,FNC,Madeira Airport,Lounge ANA,Lounge ANA,Airside - After security check the lounge is located on the upper level next to Starbucks,International Departure,"Lounge ANA – Main Terminal, International Departures (Post-Security)","Main Terminal, International Departures (Post-Security)",Main Terminal,Main Terminal,International,Departure,Airside,Post Security,,,yes
N13259,PEK,Beijing Capital International Airport,悦宿怡雅休息室 lounge（T3 International）,悦宿怡雅休息室 lounge,"Airside - at Terminal 3's international departures, opposite gate E10.",International Departure,"悦宿怡雅休息室 lounge – Terminal 3, International Departures (Post-Security)","Terminal 3, International Departures (Post-Security)",Terminal 3,Terminal 3,International,Departure,Airside,Post Security,"Lounge Name cleaned: removed '(T3 International)' [route/terminal metadata, duplicates Route Type / Vendor Terminal] -> Normalized: '悦宿怡雅休息室 lounge'",,yes
N13591,IGU,Cataratas International Airport,Emerald Lounge - Foz do Iguacu,Emerald Lounge - Foz do Iguacu,"Airside - After passport control and security check, proceed through Duty Free. The lounge is located at the end of the boarding aisle.",Domestic Departure,"Emerald Lounge - Foz do Iguacu – Main Terminal, Domestic Departures (Post-Security)","Main Terminal, Domestic Departures (Post-Security)",Main Terminal,Main Terminal,Domestic,Departure,Airside,Post Security,,,yes
N13591,IGU,Cataratas International Airport,Emerald Lounge - Foz do Iguacu,Emerald Lounge - Foz do Iguacu,"Airside - After passport control and security check, proceed through Duty Free. The lounge is located at the end of the boarding aisle.",International Departure,"Emerald Lounge - Foz do Iguacu – Main Terminal, International Departures (Post-Security)","Main Terminal, International Departures (Post-Security)",Main Terminal,Main Terminal,International,Departure,Airside,Post Security,,,yes
N13590,SDU,Santos Dumont Airport,Emerald Lounge - Rio De Janeiro,Emerald Lounge - Rio De Janeiro,"Landside - The lounge is located before passport control and security check, on the right before the entrance to the boarding gates.",Domestic Departure,"Emerald Lounge - Rio De Janeiro – Terminal 2, Domestic Departures (Pre-Security)","Terminal 2, Domestic Departures (Pre-Security)",Terminal 2,Terminal 2,Domestic,Departure,Landside,Pre Security,,,yes
N13590,SDU,Santos Dumont Airport,Emerald Lounge - Rio De Janeiro,Emerald Lounge - Rio De Janeiro,"Landside - The lounge is located before passport control and security check, on the right before the entrance to the boarding gates.",International Departure,"Emerald Lounge - Rio De Janeiro – Terminal 2, International Departures (Pre-Security)","Terminal 2, International Departures (Pre-Security)",Terminal 2,Terminal 2,International,Departure,Landside,Pre Security,,,yes
N13589,CGH,Congonhas Airport,Emerald Lounge - Sao Paulo,Emerald Lounge - Sao Paulo,"Landside - Before security check and passport control, the lounge is located next to the pharmacy.",Domestic Arrival,"Emerald Lounge - Sao Paulo – Main Terminal, Domestic Arrival (Pre-Security)","Main Terminal, Domestic Arrival (Pre-Security)",Main Terminal,Main Terminal,Domestic,Arrival,Landside,Pre Security,,,yes
N13589,CGH,Congonhas Airport,Emerald Lounge - Sao Paulo,Emerald Lounge - Sao Paulo,"Landside - Before security check and passport control, the lounge is located next to the pharmacy.",Domestic Departure,"Emerald Lounge - Sao Paulo – Main Terminal, Domestic Departures (Pre-Security)","Main Terminal, Domestic Departures (Pre-Security)",Main Terminal,Main Terminal,Domestic,Departure,Landside,Pre Security,,,yes
N13572,VCP,Viracopos-Campinas International Airport,Aero Sleep,Aero Sleep,"Landside - Before security check, located in the building directly across from the access points to the departure and arrival terminals.",Domestic Arrival,"Aero Sleep – Main Terminal, Domestic Arrival (Pre-Security)","Main Terminal, Domestic Arrival (Pre-Security)",Main Terminal,Main Terminal,Domestic,Arrival,Landside,Pre Security,,,yes
N13572,VCP,Viracopos-Campinas International Airport,Aero Sleep,Aero Sleep,"Landside - Before security check, located in the building directly across from the access points to the departure and arrival terminals.",Domestic Departure,"Aero Sleep – Main Terminal, Domestic Departures (Pre-Security)","Main Terminal, Domestic Departures (Pre-Security)",Main Terminal,Main Terminal,Domestic,Departure,Landside,Pre Security,,,yes
N13572,VCP,Viracopos-Campinas International Airport,Aero Sleep,Aero Sleep,"Landside - Before security check, located in the building directly across from the access points to the departure and arrival terminals.",International Arrival,"Aero Sleep – Main Terminal, International Arrival (Pre-Security)","Main Terminal, International Arrival (Pre-Security)",Main Terminal,Main Terminal,International,Arrival,Landside,Pre Security,,,yes
N13572,VCP,Viracopos-Campinas International Airport,Aero Sleep,Aero Sleep,"Landside - Before security check, located in the building directly across from the access points to the departure and arrival terminals.",International Departure,"Aero Sleep – Main Terminal, International Departures (Pre-Security)","Main Terminal, International Departures (Pre-Security)",Main Terminal,Main Terminal,International,Departure,Landside,Pre Security,,,yes
N13457,BEL,Val de Cans International Airport,W Premium Lounge Belem,W Premium Lounge Belem,Airside - After security check the lounge is located near gate 4.,Domestic Departure,"W Premium Lounge Belem – Main Terminal, Domestic Departures (Post-Security)","Main Terminal, Domestic Departures (Post-Security)",Main Terminal,Main Terminal,Domestic,Departure,Airside,Post Security,,,yes
N13032,LYS,Saint Exupery Airport,Mont-Blanc Lounge,Mont-Blanc Lounge,"Airside - After security check, the lounge is located on the left.",International Departure,"Mont-Blanc Lounge – Terminal 1, International Departures (Post-Security)","Terminal 1, International Departures (Post-Security)",Terminal 1,Terminal 1,International,Departure,Airside,Post Security,,,yes
N13031,LYS,Saint Exupery Airport,Confluence Lounge,Confluence Lounge,"Airside - After security check, pass the Duty Free and the lounge is located straight ahead.",Domestic Departure,"Confluence Lounge – Terminal 1, Domestic Departures (Post-Security)","Terminal 1, Domestic Departures (Post-Security)",Terminal 1,Terminal 1,Domestic,Departure,Airside,Post Security,,,yes
N12958,DDG,Langtou Airport,Light Meal and Coffee Lounge Area (Main Terminal Domestic),Light Meal and Coffee Lounge Area,"After security check, take the escalator upstairs and you will see ""Coffee and Snacks"" on the left.",Domestic Departure,"Light Meal and Coffee Lounge Area – Main Terminal, Domestic Departures (Post-Security)","Main Terminal, Domestic Departures (Post-Security)",Main Terminal,Main Terminal,Domestic,Departure,Airside,Post Security,"Lounge Name cleaned: removed '(Main Terminal Domestic)' [route/terminal metadata, duplicates Route Type / Vendor Terminal] -> Normalized: 'Light Meal and Coffee Lounge Area'",,yes
N00616,NQY,Cornwall Airport,Executive Lounge*,Executive Lounge,"Airside - Do not proceed past security control to the lounge directly, but register first as a customer at the airport information desk, located landside, near check-in counter No1. The information desk staff will provide the door code to enter on the lounge door keypad for access. After security checks & passport control, the lounge is located in the main departure lounge, East Wing.",International Departure,"Executive Lounge – Main Terminal, International Departures (Pre-Security)","Main Terminal, International Departures (Pre-Security)",Main Terminal,Main Terminal,International,Departure,Landside,Pre Security,,,not found
N00135,SGN,Tan Son Nhat International Airport,Apricot Business Lounge,Apricot Business Lounge,"Airside -Lift to lounge located inside the beauty duty free shop, between gate 17 and 18. Opposite Sungalsses Dutyfree shop.",International Departure,"Apricot Business Lounge – Terminal 2, International Departures (Post-Security)","Terminal 2, International Departures (Post-Security)",Terminal 2,Terminal 2,International,Departure,Airside,Post Security,,,yes
,,,,,,,,,,,,,,,,,
,,,,,,,,,,,,,,,,,
,,,,,,,,,,,,,,,,,
,,,,,,,,,,,,,,,,,
,,,,,,,,,,,,,,,,,
,,,,,,,,,,,,,,,,,
,,,,,,,,,,,,,,,,,
,,,,,,,,,,,,,,,,,
,,,,,,,,,,,,,,,,,
,,,,,,,,,,,,,,,,,
,,,,,,,,,,,,,,,,,
,,,,,,,,,,,,,,,,,
,,,,,,,,,,,,,,,,,
,,,,,,,,,,,,,,,,,
,,,,,,,,,,,,,,,,,
,,,,,,,,,,,,,,,,,
,,,,,,,,,,,,,,,,,
,,,,,,,,,,,,,,,,,
,,,,,,,,,,,,,,,,,
,,,,,,,,,,,,,,,,,
,,,,,,,,,,,,,,,,,
,,,,,,,,,,,,,,,,,
,,,,,,,,,,,,,,,,,
,,,,,,,,,,,,,,,,,
,,,,,,,,,,,,,,,,,
,,,,,,,,,,,,,,,,,
,,,,,,,,,,,,,,,,,
,,,,,,,,,,,,,,,,,
,,,,,,,,,,,,,,,,,
,,,,,,,,,,,,,,,,,
,,,,,,,,,,,,,,,,,
,,,,,,,,,,,,,,,,,
,,,,,,,,,,,,,,,,,
,,,,,,,,,,,,,,,,,
,,,,,,,,,,,,,,,,,
,,,,,,,,,,,,,,,,,
,,,,,,,,,,,,,,,,,
,,,,,,,,,,,,,,,,,
,,,,,,,,,,,,,,,,,
,,,,,,,,,,,,,,,,,
,,,,,,,,,,,,,,,,,
,,,,,,,,,,,,,,,,,
,,,,,,,,,,,,,,,,,
,,,,,,,,,,,,,,,,,
,,,,,,,,,,,,,,,,,
,,,,,,,,,,,,,,,,,
,,,,,,,,,,,,,,,,,
,,,,,,,,,,,,,,,,,
,,,,,,,,,,,,,,,,,
,,,,,,,,,,,,,,,,,
,,,,,,,,,,,,,,,,,
,,,,,,,,,,,,,,,,,
,,,,,,,,,,,,,,,,,
,,,,,,,,,,,,,,,,,
,,,,,,,,,,,,,,,,,
,,,,,,,,,,,,,,,,,
,,,,,,,,,,,,,,,,,
,,,,,,,,,,,,,,,,,
,,,,,,,,,,,,,,,,,
,,,,,,,,,,,,,,,,,
,,,,,,,,,,,,,,,,,
,,,,,,,,,,,,,,,,,
,,,,,,,,,,,,,,,,,
,,,,,,,,,,,,,,,,,
,,,,,,,,,,,,,,,,,
,,,,,,,,,,,,,,,,,
,,,,,,,,,,,,,,,,,
,,,,,,,,,,,,,,,,,
,,,,,,,,,,,,,,,,,
,,,,,,,,,,,,,,,,,
,,,,,,,,,,,,,,,,,
,,,,,,,,,,,,,,,,,
,,,,,,,,,,,,,,,,,
,,,,,,,,,,,,,,,,,
,,,,,,,,,,,,,,,,,
,,,,,,,,,,,,,,,,,
,,,,,,,,,,,,,,,,,
,,,,,,,,,,,,,,,,,
,,,,,,,,,,,,,,,,,
,,,,,,,,,,,,,,,,,
,,,,,,,,,,,,,,,,,
,,,,,,,,,,,,,,,,,
,,,,,,,,,,,,,,,,,
,,,,,,,,,,,,,,,,,
,,,,,,,,,,,,,,,,,
,,,,,,,,,,,,,,,,,
,,,,,,,,,,,,,,,,,
,,,,,,,,,,,,,,,,,
,,,,,,,,,,,,,,,,,
,,,,,,,,,,,,,,,,,
,,,,,,,,,,,,,,,,,
,,,,,,,,,,,,,,,,,
,,,,,,,,,,,,,,,,,
,,,,,,,,,,,,,,,,,
,,,,,,,,,,,,,,,,,
,,,,,,,,,,,,,,,,,
,,,,,,,,,,,,,,,,,
,,,,,,,,,,,,,,,,,
,,,,,,,,,,,,,,,,,
,,,,,,,,,,,,,,,,,
,,,,,,,,,,,,,,,,,
,,,,,,,,,,,,,,,,,
,,,,,,,,,,,,,,,,,
,,,,,,,,,,,,,,,,,
,,,,,,,,,,,,,,,,,
,,,,,,,,,,,,,,,,,
,,,,,,,,,,,,,,,,,
,,,,,,,,,,,,,,,,,
,,,,,,,,,,,,,,,,,
,,,,,,,,,,,,,,,,,
,,,,,,,,,,,,,,,,,
,,,,,,,,,,,,,,,,,
,,,,,,,,,,,,,,,,,
,,,,,,,,,,,,,,,,,
,,,,,,,,,,,,,,,,,
,,,,,,,,,,,,,,,,,
,,,,,,,,,,,,,,,,,
,,,,,,,,,,,,,,,,,
,,,,,,,,,,,,,,,,,
,,,,,,,,,,,,,,,,,
,,,,,,,,,,,,,,,,,
,,,,,,,,,,,,,,,,,
,,,,,,,,,,,,,,,,,
,,,,,,,,,,,,,,,,,
,,,,,,,,,,,,,,,,,
,,,,,,,,,,,,,,,,,
,,,,,,,,,,,,,,,,,
,,,,,,,,,,,,,,,,,
,,,,,,,,,,,,,,,,,
,,,,,,,,,,,,,,,,,
,,,,,,,,,,,,,,,,,
,,,,,,,,,,,,,,,,,
,,,,,,,,,,,,,,,,,
,,,,,,,,,,,,,,,,,
,,,,,,,,,,,,,,,,,
,,,,,,,,,,,,,,,,,
,,,,,,,,,,,,,,,,,
,,,,,,,,,,,,,,,,,
,,,,,,,,,,,,,,,,,
,,,,,,,,,,,,,,,,,
,,,,,,,,,,,,,,,,,
,,,,,,,,,,,,,,,,,
,,,,,,,,,,,,,,,,,
,,,,,,,,,,,,,,,,,
,,,,,,,,,,,,,,,,,
,,,,,,,,,,,,,,,,,
,,,,,,,,,,,,,,,,,
,,,,,,,,,,,,,,,,,
,,,,,,,,,,,,,,,,,
,,,,,,,,,,,,,,,,,
,,,,,,,,,,,,,,,,,
,,,,,,,,,,,,,,,,,
,,,,,,,,,,,,,,,,,
,,,,,,,,,,,,,,,,,
,,,,,,,,,,,,,,,,,
,,,,,,,,,,,,,,,,,
,,,,,,,,,,,,,,,,,
,,,,,,,,,,,,,,,,,
,,,,,,,,,,,,,,,,,
,,,,,,,,,,,,,,,,,
,,,,,,,,,,,,,,,,,
,,,,,,,,,,,,,,,,,
,,,,,,,,,,,,,,,,,
,,,,,,,,,,,,,,,,,
,,,,,,,,,,,,,,,,,
,,,,,,,,,,,,,,,,,
,,,,,,,,,,,,,,,,,
,,,,,,,,,,,,,,,,,
,,,,,,,,,,,,,,,,,
,,,,,,,,,,,,,,,,,
,,,,,,,,,,,,,,,,,
,,,,,,,,,,,,,,,,,
,,,,,,,,,,,,,,,,,
,,,,,,,,,,,,,,,,,
,,,,,,,,,,,,,,,,,
,,,,,,,,,,,,,,,,,
,,,,,,,,,,,,,,,,,
,,,,,,,,,,,,,,,,,
,,,,,,,,,,,,,,,,,
,,,,,,,,,,,,,,,,,
,,,,,,,,,,,,,,,,,
,,,,,,,,,,,,,,,,,
,,,,,,,,,,,,,,,,,
,,,,,,,,,,,,,,,,,
,,,,,,,,,,,,,,,,,
,,,,,,,,,,,,,,,,,
,,,,,,,,,,,,,,,,,
,,,,,,,,,,,,,,,,,
,,,,,,,,,,,,,,,,,
,,,,,,,,,,,,,,,,,
,,,,,,,,,,,,,,,,,
,,,,,,,,,,,,,,,,,
,,,,,,,,,,,,,,,,,
,,,,,,,,,,,,,,,,,
,,,,,,,,,,,,,,,,,
,,,,,,,,,,,,,,,,,
,,,,,,,,,,,,,,,,,
,,,,,,,,,,,,,,,,,
,,,,,,,,,,,,,,,,,
,,,,,,,,,,,,,,,,,
,,,,,,,,,,,,,,,,,
,,,,,,,,,,,,,,,,,
,,,,,,,,,,,,,,,,,
,,,,,,,,,,,,,,,,,
,,,,,,,,,,,,,,,,,
,,,,,,,,,,,,,,,,,
,,,,,,,,,,,,,,,,,
,,,,,,,,,,,,,,,,,
,,,,,,,,,,,,,,,,,
,,,,,,,,,,,,,,,,,
,,,,,,,,,,,,,,,,,
,,,,,,,,,,,,,,,,,
,,,,,,,,,,,,,,,,,
,,,,,,,,,,,,,,,,,
,,,,,,,,,,,,,,,,,
,,,,,,,,,,,,,,,,,
,,,,,,,,,,,,,,,,,
,,,,,,,,,,,,,,,,,
,,,,,,,,,,,,,,,,,
,,,,,,,,,,,,,,,,,
,,,,,,,,,,,,,,,,,
,,,,,,,,,,,,,,,,,
,,,,,,,,,,,,,,,,,
,,,,,,,,,,,,,,,,,
,,,,,,,,,,,,,,,,,
,,,,,,,,,,,,,,,,,
,,,,,,,,,,,,,,,,,
,,,,,,,,,,,,,,,,,
,,,,,,,,,,,,,,,,,
,,,,,,,,,,,,,,,,,
,,,,,,,,,,,,,,,,,
,,,,,,,,,,,,,,,,,
,,,,,,,,,,,,,,,,,
,,,,,,,,,,,,,,,,,
,,,,,,,,,,,,,,,,,
,,,,,,,,,,,,,,,,,
,,,,,,,,,,,,,,,,,
,,,,,,,,,,,,,,,,,
,,,,,,,,,,,,,,,,,
,,,,,,,,,,,,,,,,,
,,,,,,,,,,,,,,,,,
,,,,,,,,,,,,,,,,,
,,,,,,,,,,,,,,,,,
,,,,,,,,,,,,,,,,,
,,,,,,,,,,,,,,,,,
,,,,,,,,,,,,,,,,,
,,,,,,,,,,,,,,,,,
,,,,,,,,,,,,,,,,,
,,,,,,,,,,,,,,,,,
,,,,,,,,,,,,,,,,,
,,,,,,,,,,,,,,,,,
,,,,,,,,,,,,,,,,,
,,,,,,,,,,,,,,,,,
,,,,,,,,,,,,,,,,,
,,,,,,,,,,,,,,,,,
,,,,,,,,,,,,,,,,,
,,,,,,,,,,,,,,,,,
,,,,,,,,,,,,,,,,,
,,,,,,,,,,,,,,,,,
,,,,,,,,,,,,,,,,,
,,,,,,,,,,,,,,,,,
,,,,,,,,,,,,,,,,,
,,,,,,,,,,,,,,,,,
,,,,,,,,,,,,,,,,,
,,,,,,,,,,,,,,,,,
,,,,,,,,,,,,,,,,,
,,,,,,,,,,,,,,,,,
,,,,,,,,,,,,,,,,,
,,,,,,,,,,,,,,,,,
,,,,,,,,,,,,,,,,,
,,,,,,,,,,,,,,,,,
,,,,,,,,,,,,,,,,,
,,,,,,,,,,,,,,,,,
,,,,,,,,,,,,,,,,,
,,,,,,,,,,,,,,,,,
,,,,,,,,,,,,,,,,,
,,,,,,,,,,,,,,,,,
,,,,,,,,,,,,,,,,,
,,,,,,,,,,,,,,,,,
,,,,,,,,,,,,,,,,,
,,,,,,,,,,,,,,,,,
,,,,,,,,,,,,,,,,,
,,,,,,,,,,,,,,,,,
,,,,,,,,,,,,,,,,,
,,,,,,,,,,,,,,,,,
,,,,,,,,,,,,,,,,,
,,,,,,,,,,,,,,,,,
,,,,,,,,,,,,,,,,,
,,,,,,,,,,,,,,,,,
,,,,,,,,,,,,,,,,,
,,,,,,,,,,,,,,,,,
,,,,,,,,,,,,,,,,,
,,,,,,,,,,,,,,,,,
,,,,,,,,,,,,,,,,,
,,,,,,,,,,,,,,,,,
,,,,,,,,,,,,,,,,,
,,,,,,,,,,,,,,,,,
,,,,,,,,,,,,,,,,,
,,,,,,,,,,,,,,,,,
,,,,,,,,,,,,,,,,,
,,,,,,,,,,,,,,,,,
,,,,,,,,,,,,,,,,,
,,,,,,,,,,,,,,,,,
,,,,,,,,,,,,,,,,,
,,,,,,,,,,,,,,,,,
,,,,,,,,,,,,,,,,,
,,,,,,,,,,,,,,,,,
,,,,,,,,,,,,,,,,,
,,,,,,,,,,,,,,,,,
,,,,,,,,,,,,,,,,,
,,,,,,,,,,,,,,,,,
,,,,,,,,,,,,,,,,,
,,,,,,,,,,,,,,,,,
,,,,,,,,,,,,,,,,,
,,,,,,,,,,,,,,,,,
,,,,,,,,,,,,,,,,,
,,,,,,,,,,,,,,,,,
,,,,,,,,,,,,,,,,,
,,,,,,,,,,,,,,,,,
,,,,,,,,,,,,,,,,,
,,,,,,,,,,,,,,,,,
,,,,,,,,,,,,,,,,,
,,,,,,,,,,,,,,,,,
,,,,,,,,,,,,,,,,,
,,,,,,,,,,,,,,,,,
,,,,,,,,,,,,,,,,,
,,,,,,,,,,,,,,,,,
,,,,,,,,,,,,,,,,,
,,,,,,,,,,,,,,,,,
,,,,,,,,,,,,,,,,,
,,,,,,,,,,,,,,,,,
,,,,,,,,,,,,,,,,,
,,,,,,,,,,,,,,,,,
,,,,,,,,,,,,,,,,,
,,,,,,,,,,,,,,,,,
,,,,,,,,,,,,,,,,,
,,,,,,,,,,,,,,,,,
,,,,,,,,,,,,,,,,,
,,,,,,,,,,,,,,,,,
,,,,,,,,,,,,,,,,,
,,,,,,,,,,,,,,,,,
,,,,,,,,,,,,,,,,,
,,,,,,,,,,,,,,,,,
,,,,,,,,,,,,,,,,,
,,,,,,,,,,,,,,,,,
,,,,,,,,,,,,,,,,,
,,,,,,,,,,,,,,,,,
,,,,,,,,,,,,,,,,,
,,,,,,,,,,,,,,,,,
,,,,,,,,,,,,,,,,,
,,,,,,,,,,,,,,,,,
,,,,,,,,,,,,,,,,,
,,,,,,,,,,,,,,,,,
,,,,,,,,,,,,,,,,,
,,,,,,,,,,,,,,,,,
,,,,,,,,,,,,,,,,,
,,,,,,,,,,,,,,,,,
,,,,,,,,,,,,,,,,,
,,,,,,,,,,,,,,,,,
,,,,,,,,,,,,,,,,,
,,,,,,,,,,,,,,,,,
,,,,,,,,,,,,,,,,,
,,,,,,,,,,,,,,,,,
,,,,,,,,,,,,,,,,,
,,,,,,,,,,,,,,,,,
,,,,,,,,,,,,,,,,,
,,,,,,,,,,,,,,,,,
,,,,,,,,,,,,,,,,,
,,,,,,,,,,,,,,,,,
,,,,,,,,,,,,,,,,,
,,,,,,,,,,,,,,,,,
,,,,,,,,,,,,,,,,,
,,,,,,,,,,,,,,,,,
,,,,,,,,,,,,,,,,,
,,,,,,,,,,,,,,,,,
,,,,,,,,,,,,,,,,,
,,,,,,,,,,,,,,,,,
,,,,,,,,,,,,,,,,,
,,,,,,,,,,,,,,,,,
,,,,,,,,,,,,,,,,,
,,,,,,,,,,,,,,,,,
,,,,,,,,,,,,,,,,,
,,,,,,,,,,,,,,,,,
,,,,,,,,,,,,,,,,,
,,,,,,,,,,,,,,,,,
,,,,,,,,,,,,,,,,,
,,,,,,,,,,,,,,,,,
,,,,,,,,,,,,,,,,,
,,,,,,,,,,,,,,,,,
,,,,,,,,,,,,,,,,,
,,,,,,,,,,,,,,,,,
,,,,,,,,,,,,,,,,,
,,,,,,,,,,,,,,,,,
,,,,,,,,,,,,,,,,,
,,,,,,,,,,,,,,,,,
,,,,,,,,,,,,,,,,,
,,,,,,,,,,,,,,,,,
,,,,,,,,,,,,,,,,,
,,,,,,,,,,,,,,,,,
,,,,,,,,,,,,,,,,,
,,,,,,,,,,,,,,,,,
,,,,,,,,,,,,,,,,,
,,,,,,,,,,,,,,,,,
,,,,,,,,,,,,,,,,,
,,,,,,,,,,,,,,,,,
,,,,,,,,,,,,,,,,,
,,,,,,,,,,,,,,,,,
,,,,,,,,,,,,,,,,,
,,,,,,,,,,,,,,,,,
,,,,,,,,,,,,,,,,,
,,,,,,,,,,,,,,,,,
,,,,,,,,,,,,,,,,,
,,,,,,,,,,,,,,,,,
,,,,,,,,,,,,,,,,,
,,,,,,,,,,,,,,,,,
,,,,,,,,,,,,,,,,,
,,,,,,,,,,,,,,,,,
,,,,,,,,,,,,,,,,,
,,,,,,,,,,,,,,,,,
,,,,,,,,,,,,,,,,,
,,,,,,,,,,,,,,,,,
,,,,,,,,,,,,,,,,,
,,,,,,,,,,,,,,,,,
,,,,,,,,,,,,,,,,,
,,,,,,,,,,,,,,,,,
,,,,,,,,,,,,,,,,,
,,,,,,,,,,,,,,,,,
,,,,,,,,,,,,,,,,,
,,,,,,,,,,,,,,,,,
,,,,,,,,,,,,,,,,,
,,,,,,,,,,,,,,,,,
,,,,,,,,,,,,,,,,,
,,,,,,,,,,,,,,,,,
,,,,,,,,,,,,,,,,,
,,,,,,,,,,,,,,,,,
,,,,,,,,,,,,,,,,,
,,,,,,,,,,,,,,,,,
,,,,,,,,,,,,,,,,,
,,,,,,,,,,,,,,,,,
,,,,,,,,,,,,,,,,,
,,,,,,,,,,,,,,,,,
,,,,,,,,,,,,,,,,,
,,,,,,,,,,,,,,,,,
,,,,,,,,,,,,,,,,,
,,,,,,,,,,,,,,,,,
,,,,,,,,,,,,,,,,,
,,,,,,,,,,,,,,,,,
,,,,,,,,,,,,,,,,,
,,,,,,,,,,,,,,,,,
,,,,,,,,,,,,,,,,,
,,,,,,,,,,,,,,,,,
,,,,,,,,,,,,,,,,,
,,,,,,,,,,,,,,,,,
,,,,,,,,,,,,,,,,,
,,,,,,,,,,,,,,,,,
,,,,,,,,,,,,,,,,,
,,,,,,,,,,,,,,,,,
,,,,,,,,,,,,,,,,,
,,,,,,,,,,,,,,,,,
,,,,,,,,,,,,,,,,,
,,,,,,,,,,,,,,,,,
,,,,,,,,,,,,,,,,,
,,,,,,,,,,,,,,,,,
,,,,,,,,,,,,,,,,,
,,,,,,,,,,,,,,,,,
,,,,,,,,,,,,,,,,,
,,,,,,,,,,,,,,,,,
,,,,,,,,,,,,,,,,,
,,,,,,,,,,,,,,,,,
,,,,,,,,,,,,,,,,,
,,,,,,,,,,,,,,,,,
,,,,,,,,,,,,,,,,,
,,,,,,,,,,,,,,,,,
,,,,,,,,,,,,,,,,,
,,,,,,,,,,,,,,,,,
,,,,,,,,,,,,,,,,,
,,,,,,,,,,,,,,,,,
,,,,,,,,,,,,,,,,,
,,,,,,,,,,,,,,,,,
,,,,,,,,,,,,,,,,,
,,,,,,,,,,,,,,,,,
,,,,,,,,,,,,,,,,,
,,,,,,,,,,,,,,,,,
,,,,,,,,,,,,,,,,,
,,,,,,,,,,,,,,,,,
,,,,,,,,,,,,,,,,,
,,,,,,,,,,,,,,,,,
,,,,,,,,,,,,,,,,,
,,,,,,,,,,,,,,,,,
,,,,,,,,,,,,,,,,,
,,,,,,,,,,,,,,,,,
,,,,,,,,,,,,,,,,,
,,,,,,,,,,,,,,,,,
,,,,,,,,,,,,,,,,,
,,,,,,,,,,,,,,,,,
,,,,,,,,,,,,,,,,,
,,,,,,,,,,,,,,,,,
,,,,,,,,,,,,,,,,,
,,,,,,,,,,,,,,,,,
,,,,,,,,,,,,,,,,,
,,,,,,,,,,,,,,,,,
,,,,,,,,,,,,,,,,,
,,,,,,,,,,,,,,,,,
,,,,,,,,,,,,,,,,,
,,,,,,,,,,,,,,,,,
,,,,,,,,,,,,,,,,,
,,,,,,,,,,,,,,,,,
,,,,,,,,,,,,,,,,,
,,,,,,,,,,,,,,,,,
,,,,,,,,,,,,,,,,,
,,,,,,,,,,,,,,,,,
,,,,,,,,,,,,,,,,,
,,,,,,,,,,,,,,,,,
,,,,,,,,,,,,,,,,,
,,,,,,,,,,,,,,,,,
,,,,,,,,,,,,,,,,,
,,,,,,,,,,,,,,,,,
,,,,,,,,,,,,,,,,,
,,,,,,,,,,,,,,,,,
,,,,,,,,,,,,,,,,,
,,,,,,,,,,,,,,,,,
,,,,,,,,,,,,,,,,,
,,,,,,,,,,,,,,,,,
,,,,,,,,,,,,,,,,,
,,,,,,,,,,,,,,,,,
,,,,,,,,,,,,,,,,,
,,,,,,,,,,,,,,,,,
,,,,,,,,,,,,,,,,,
,,,,,,,,,,,,,,,,,
,,,,,,,,,,,,,,,,,
,,,,,,,,,,,,,,,,,
,,,,,,,,,,,,,,,,,
,,,,,,,,,,,,,,,,,
,,,,,,,,,,,,,,,,,
,,,,,,,,,,,,,,,,,
,,,,,,,,,,,,,,,,,
,,,,,,,,,,,,,,,,,
,,,,,,,,,,,,,,,,,
,,,,,,,,,,,,,,,,,
,,,,,,,,,,,,,,,,,
,,,,,,,,,,,,,,,,,
,,,,,,,,,,,,,,,,,
,,,,,,,,,,,,,,,,,
,,,,,,,,,,,,,,,,,
,,,,,,,,,,,,,,,,,
,,,,,,,,,,,,,,,,,
,,,,,,,,,,,,,,,,,
,,,,,,,,,,,,,,,,,
,,,,,,,,,,,,,,,,,
,,,,,,,,,,,,,,,,,
,,,,,,,,,,,,,,,,,
,,,,,,,,,,,,,,,,,
,,,,,,,,,,,,,,,,,
,,,,,,,,,,,,,,,,,
,,,,,,,,,,,,,,,,,
,,,,,,,,,,,,,,,,,
,,,,,,,,,,,,,,,,,
,,,,,,,,,,,,,,,,,
,,,,,,,,,,,,,,,,,
,,,,,,,,,,,,,,,,,
,,,,,,,,,,,,,,,,,
,,,,,,,,,,,,,,,,,
,,,,,,,,,,,,,,,,,
,,,,,,,,,,,,,,,,,
,,,,,,,,,,,,,,,,,
,,,,,,,,,,,,,,,,,
,,,,,,,,,,,,,,,,,
,,,,,,,,,,,,,,,,,
,,,,,,,,,,,,,,,,,
,,,,,,,,,,,,,,,,,
,,,,,,,,,,,,,,,,,
,,,,,,,,,,,,,,,,,
,,,,,,,,,,,,,,,,,
,,,,,,,,,,,,,,,,,
,,,,,,,,,,,,,,,,,
,,,,,,,,,,,,,,,,,
,,,,,,,,,,,,,,,,,
,,,,,,,,,,,,,,,,,
,,,,,,,,,,,,,,,,,
,,,,,,,,,,,,,,,,,
,,,,,,,,,,,,,,,,,
,,,,,,,,,,,,,,,,,
,,,,,,,,,,,,,,,,,
,,,,,,,,,,,,,,,,,
,,,,,,,,,,,,,,,,,
,,,,,,,,,,,,,,,,,
,,,,,,,,,,,,,,,,,
,,,,,,,,,,,,,,,,,
,,,,,,,,,,,,,,,,,
,,,,,,,,,,,,,,,,,
,,,,,,,,,,,,,,,,,
,,,,,,,,,,,,,,,,,
,,,,,,,,,,,,,,,,,
,,,,,,,,,,,,,,,,,
,,,,,,,,,,,,,,,,,
,,,,,,,,,,,,,,,,,
,,,,,,,,,,,,,,,,,
,,,,,,,,,,,,,,,,,
,,,,,,,,,,,,,,,,,
,,,,,,,,,,,,,,,,,
,,,,,,,,,,,,,,,,,
,,,,,,,,,,,,,,,,,
,,,,,,,,,,,,,,,,,
,,,,,,,,,,,,,,,,,
,,,,,,,,,,,,,,,,,
,,,,,,,,,,,,,,,,,
,,,,,,,,,,,,,,,,,
,,,,,,,,,,,,,,,,,
,,,,,,,,,,,,,,,,,
,,,,,,,,,,,,,,,,,
,,,,,,,,,,,,,,,,,
,,,,,,,,,,,,,,,,,
,,,,,,,,,,,,,,,,,
,,,,,,,,,,,,,,,,,
,,,,,,,,,,,,,,,,,
,,,,,,,,,,,,,,,,,
,,,,,,,,,,,,,,,,,
,,,,,,,,,,,,,,,,,
,,,,,,,,,,,,,,,,,
,,,,,,,,,,,,,,,,,
,,,,,,,,,,,,,,,,,
,,,,,,,,,,,,,,,,,
,,,,,,,,,,,,,,,,,
,,,,,,,,,,,,,,,,,
,,,,,,,,,,,,,,,,,
,,,,,,,,,,,,,,,,,
,,,,,,,,,,,,,,,,,
,,,,,,,,,,,,,,,,,
,,,,,,,,,,,,,,,,,
,,,,,,,,,,,,,,,,,
,,,,,,,,,,,,,,,,,
,,,,,,,,,,,,,,,,,
,,,,,,,,,,,,,,,,,
,,,,,,,,,,,,,,,,,
,,,,,,,,,,,,,,,,,
,,,,,,,,,,,,,,,,,
,,,,,,,,,,,,,,,,,
,,,,,,,,,,,,,,,,,
,,,,,,,,,,,,,,,,,
,,,,,,,,,,,,,,,,,
,,,,,,,,,,,,,,,,,
,,,,,,,,,,,,,,,,,
,,,,,,,,,,,,,,,,,
,,,,,,,,,,,,,,,,,
,,,,,,,,,,,,,,,,,
,,,,,,,,,,,,,,,,,
,,,,,,,,,,,,,,,,,
,,,,,,,,,,,,,,,,,
,,,,,,,,,,,,,,,,,
,,,,,,,,,,,,,,,,,
,,,,,,,,,,,,,,,,,
,,,,,,,,,,,,,,,,,
,,,,,,,,,,,,,,,,,
,,,,,,,,,,,,,,,,,
,,,,,,,,,,,,,,,,,
,,,,,,,,,,,,,,,,,
,,,,,,,,,,,,,,,,,
,,,,,,,,,,,,,,,,,
,,,,,,,,,,,,,,,,,
,,,,,,,,,,,,,,,,,
,,,,,,,,,,,,,,,,,
,,,,,,,,,,,,,,,,,
,,,,,,,,,,,,,,,,,
,,,,,,,,,,,,,,,,,
,,,,,,,,,,,,,,,,,
,,,,,,,,,,,,,,,,,
,,,,,,,,,,,,,,,,,
,,,,,,,,,,,,,,,,,
,,,,,,,,,,,,,,,,,
,,,,,,,,,,,,,,,,,
,,,,,,,,,,,,,,,,,
,,,,,,,,,,,,,,,,,
,,,,,,,,,,,,,,,,,
,,,,,,,,,,,,,,,,,
,,,,,,,,,,,,,,,,,
,,,,,,,,,,,,,,,,,
,,,,,,,,,,,,,,,,,
,,,,,,,,,,,,,,,,,
,,,,,,,,,,,,,,,,,
,,,,,,,,,,,,,,,,,
,,,,,,,,,,,,,,,,,
,,,,,,,,,,,,,,,,,
,,,,,,,,,,,,,,,,,
,,,,,,,,,,,,,,,,,
,,,,,,,,,,,,,,,,,
,,,,,,,,,,,,,,,,,
,,,,,,,,,,,,,,,,,
,,,,,,,,,,,,,,,,,
,,,,,,,,,,,,,,,,,
,,,,,,,,,,,,,,,,,
,,,,,,,,,,,,,,,,,
,,,,,,,,,,,,,,,,,
,,,,,,,,,,,,,,,,,
,,,,,,,,,,,,,,,,,
,,,,,,,,,,,,,,,,,
,,,,,,,,,,,,,,,,,
,,,,,,,,,,,,,,,,,
,,,,,,,,,,,,,,,,,
,,,,,,,,,,,,,,,,,
,,,,,,,,,,,,,,,,,
,,,,,,,,,,,,,,,,,
,,,,,,,,,,,,,,,,,
,,,,,,,,,,,,,,,,,
,,,,,,,,,,,,,,,,,
,,,,,,,,,,,,,,,,,
,,,,,,,,,,,,,,,,,
,,,,,,,,,,,,,,,,,
,,,,,,,,,,,,,,,,,
,,,,,,,,,,,,,,,,,
,,,,,,,,,,,,,,,,,
,,,,,,,,,,,,,,,,,
,,,,,,,,,,,,,,,,,
,,,,,,,,,,,,,,,,,
,,,,,,,,,,,,,,,,,
,,,,,,,,,,,,,,,,,
,,,,,,,,,,,,,,,,,
,,,,,,,,,,,,,,,,,
,,,,,,,,,,,,,,,,,
,,,,,,,,,,,,,,,,,
,,,,,,,,,,,,,,,,,
,,,,,,,,,,,,,,,,,
,,,,,,,,,,,,,,,,,
,,,,,,,,,,,,,,,,,
,,,,,,,,,,,,,,,,,
,,,,,,,,,,,,,,,,,
,,,,,,,,,,,,,,,,,
,,,,,,,,,,,,,,,,,
