Vendor ID,IATA,Airport Name,Lounge Name,Normalized Lounge Name,Location,Route Type,Option Title,Vendor Terminal,Terminal,Terminal Side (International/Domestic),Direction (Arrival/Departure),Security (Pre/Post)
N00425,ICN,Incheon International Airport,Matina Lounge (East Wing),,"Airside - After passport control and security check, east wing, take the escalator opposite Gate 11 to the Level 4. Follow signs 'Transit Hotel' to where the lounge is located.",INTERNATIONAL DEPARTURE,,Terminal 1,,International,,
N04674,CKG,Jiangbei International Airport,Premium Access Lounge (T3 Domestic),,"Terminal T3A, after security check, next to gate E10, “Premium Lounge”.",DOMESTIC DEPARTURE,,Terminal 3A,,Domestic,,
N02716,PKX,Beijing Daxing International Airport,CHUM VIP Lounge,,Airside - The lounge is located near gate B20.,DOMESTIC DEPARTURE,,Main Terminal,,Domestic,,
N04186,SZX,Baoan International Airport,C24 Business VIP Lounge (Dom T3),,"Before security check, Domestic departure Hall, Level 4, Check-in Island C, check-in counter C24",DOMESTIC DEPARTURE,,Terminal 3,,Domestic,,
N02768,CSX,Huanghua International Airport,No.16 First Class Lounge,,"Airside - After passport control and security check, turn right and go straight for about 200 meters. After getting off the elevator, turn right and go straight for about 50 meters.",DOMESTIC DEPARTURE,,Terminal 2,,Domestic,,
N01923,TYN,Wusu International Airport,Hainan Airlines VIP Lounge,,"Airside - After passport control and security check, turn right, and the lounge is beside boarding gate 101.",DOMESTIC DEPARTURE,,Terminal 1,,Domestic,,
N01839,HAN,Noi Bai International Airport,SH Premium Lounge Ha Noi,,"Airside - After passport control and security check, go up escalators to level 3 then follow the left side.",DOMESTIC DEPARTURE,,Terminal 1,,Domestic,,
N03078,HND,Tokyo Haneda International Airport,POWER LOUNGE SOUTH,,"Airside - Located on the 2nd floor of the domestic departure gate area, between Gates 8 and 9.",DOMESTIC DEPARTURE,,Terminal 1,,Domestic,,
N02372,TPE,Taiwan Taipei Taoyuan International Airport,Oriental Club Lounge,,"After security check, take the right escalator up to the 4th floor, then turn left. This lounge is located next to the Taiwan Literature Museum.",INTERNATIONAL DEPARTURE,,Terminal 2,,International,,
N02399,XIY,Xianyang International Airport,V22 China Eastern First Class Lounge (T5 Domestic),,"In Terminal 5, the ""V22 China Eastern First Class Lounge"" is located on the right-hand side of the old-style building after security.(This Lounge is limited to passengers who are flying with China Eastern Airlines as the actual operating carrier)",DOMESTIC DEPARTURE,,Terminal 5,,Domestic,,
N00512,MLE,Velanaa Internation Airport,Moonimaa Lounge,,"Landside - the lounge is located outside and to the right of the main entrance to the terminal building, before Check-in and Security Control. The lounge is accessible for both International and Domestic flights. Please note International passengers must visit the lounge prior to check-in and should allow sufficient time to go to the International Terminal and check-in for their flight.","INTERNATIONAL DEPARTURE, DOMESTIC DEPARTURE",,Terminal 2,,International/Domestic,,
N00020,PVG,Pudong International Airport,First Class Lounge No.9,,"Airside - After passport control and security check, take the escalator near Departure Gate 9, then turn left to the lounge.",DOMESTIC DEPARTURE,,Terminal 1,,Domestic,,
N04115,SZX,Baoan International Airport,VIP Service,,"After security check, the ""Shenzhen Airport Domestic Guest Lounge"" on the left of the escalator",DOMESTIC DEPARTURE,,Terminal 3,,Domestic,,
N04686,CKG,Jiangbei International Airport,Premium Service Counter (T3 Domestic),,"Before the security check at Terminal T3A, Level 4 3D “Premium Access” service counter (after passing the verification, the on-site staff will guide you to the check-in counter at Island 3G to provide “co-boarding and baggage check-in” service).",DOMESTIC DEPARTURE,,Terminal 3A,,Domestic,,
N01701,CAN,Baiyun International Airport,Easy-boarding Lounge,,"Airside - After passport control and security check, turn left and the ""Baiyun Airport Easy Boarding Lounge"" opposite the China Southern Airlines Lounge.",DOMESTIC DEPARTURE,,Terminal 2,,Domestic,,
N03079,HND,Tokyo Haneda International Airport,POWER LOUNGE NORTH (T1),,"Airside - Located on the 2nd floor of the domestic departure gate area, near Gate 16.",DOMESTIC DEPARTURE,,Terminal 1,,Domestic,,
N01840,HAN,Noi Bai International Airport,SH Premium Lounge Ha Noi,,"Airside - 4th Floor, East Wing,near Boarding Gates 21–22.",INTERNATIONAL DEPARTURE,,Terminal 2,,International,,
N01746,XIY,Xianyang International Airport,First Class&VIP Lounge,,"Airside - After passport control and security check, take the escalator on the left to the 2nd floor, then go straight for 200 meters (about 5 minutes walk), the lounge is located next to the China Southern First Class Lounge (about 10 meters).",DOMESTIC DEPARTURE,,Terminal 3,,Domestic,,
N01755,CMB,Bandaranaike International Airport,Palm Strip Lounge,,"Airside - After passport control and security check, proceed to the escalator near the duty free shops at the departure Terminal. Take the escalator and turn left, walk for 20 meters and the lounge will be located on the right.",INTERNATIONAL DEPARTURE,,Terminal 1,,International,,
N01112,XIY,Xianyang International Airport,First Class&VIP Lounge,,"Airside - After passport control and security check, turn to the left and go straight, the lounge is located opposite to Gate 16.",DOMESTIC DEPARTURE,,Terminal 2,,Domestic,,
N00737,ICN,Incheon International Airport,Sky Hub Lounge (East Wing),,"Airside - After passport control and security check, Level 4, opposite the information desk, the lounge is locted near gate 25.",INTERNATIONAL DEPARTURE,,Terminal 1,,International,,
N00531,CMB,Bandaranaike International Airport,Executive Lounge,,"Airside - After passport control and security check, level 1. The Executive Lounge is located at the Pier building near gates 6 and 7.",INTERNATIONAL DEPARTURE,,Main Terminal,,International,,
N01154,TPE,Taiwan Taipei Taoyuan International Airport,Plaza Premium Lounge (T1 Zone C),,"Airside - After passport control and security check, turn left towards B1-B9 boarding gates, take the elevator to 4th floor, the lounge is located near the 'Cathay Pacific Lounge'.",INTERNATIONAL DEPARTURE,,Terminal 1,,International,,
N01155,TPE,Taiwan Taipei Taoyuan International Airport,Plaza Premium Lounge (T1 Zone D),,"Airside - After passport control and security check, turn right towards A1 - A9 Boarding Gates, take the elevator to 4th floor","INTERNATIONAL DEPARTURE, INTERNATIONAL TRANSIT, DOMESTIC TRANSIT",,Terminal 1,,International/Domestic,,
N00022,PVG,Pudong International Airport,First Class Lounge No.39,,"Airside - After passport control and security check, the lounge is located near Departure Gate 18.",INTERNATIONAL DEPARTURE,,Terminal 1,,International,,
N04249,PKX,Beijing Daxing International Airport,CHUM Guest 79 Lounge (Outside Security Check),,"Landside- At security channel 01, Gate 11, Level 3 (next to the CHUM counter for First and Business Class exclusive lanes).",DOMESTIC DEPARTURE,,Main Terminal,,Domestic,,
N02923,SZX,Baoan International Airport,Shenzhen Airport domestic VIP lounge 3(T3 - Intl),,"Airside - After passport control and security check, the lounge is located on the third floor of the Satellite hall",DOMESTIC DEPARTURE,,Satellite Terminal,,Domestic,,
N03080,HND,Tokyo Haneda International Airport,POWER LOUNGE CENTRAL(T1),,"Arrival Area-Located in the arrival area on the 1st floor of the domestic arrival lobby, near Exit 4.",DOMESTIC DEPARTURE,,Terminal 1,,Domestic,,
N01539,PEK,Beijing Capital International Airport,Trvok A1 Lounge,,"Airside - After passport control and security check, take the first escalator on the right hand side of the boarding gate of C08 - C18 (side of Swarovski), take the escalator down to the second floor of the ""Airport Easy A1 Lounge"".",DOMESTIC DEPARTURE,,Terminal 3,,Domestic,,
N00738,ICN,Incheon International Airport,Sky Hub Lounge (West Wing),,"Airside - After passport control and security check, up to the Level 4, the Lounge is located next to the Transit counter, near Gate 29. (West Wing)",INTERNATIONAL DEPARTURE,,Terminal 1,,International,,
N02092,XIY,Xianyang International Airport,Hainan Airlines VIP Lounge,,"Airside - After passport control and security check, turn right and continue straight. The lounge is located opposite gate 9.",DOMESTIC DEPARTURE,,Terminal 3,,Domestic,,
N00426,ICN,Incheon International Airport,Matina Lounge (West Wing),,"Airside - After passport control and security check, Level 4, the lounge is locted near gate 43.",INTERNATIONAL DEPARTURE,,Terminal 1,,International,,
N00399,SZX,Baoan International Airport,International Business VIP Lounge,,Airside - verification services will be provided in the temporary area between gates 308 and 309.,INTERNATIONAL DEPARTURE,,Terminal 3,,International,,
N05089,CKG,Jiangbei International Airport,Landside - Plaza Premium Lounge (T3 Domestic),,"Landside - Before security check, behind the 3C check-in island at Gate 3 for domestic departures, Plaza Premium Lounge on the 4th and 5th floors.",DOMESTIC DEPARTURE,,Terminal 3A,,Domestic,,
N03081,HND,Tokyo Haneda International Airport,POWER LOUNGE NORTH (T2),,Airside-Located on the 3rd floor of the domestic departure gate area.Please use the elevator or escalator from the 2nd floor to access the facility.,DOMESTIC DEPARTURE,,Terminal 2,,Domestic,,
N01537,PEK,Beijing Capital International Airport,CIPB2 Lounge,,"Airside - After passport control and security check,T2, CIPB2 Lounge is located in the middle of Gate 31 and Gate 32.",DOMESTIC DEPARTURE,,Terminal 2,,Domestic,,
N02194,PVG,Pudong International Airport,VIP Lounge No.120 (S1 Dom),,"Airside - After passport control and security check, the lounge is located near the Gate 135. Take the down escalator at the VIP Lounge No.35 to the MRT platform, then take the MRT. After arriving at the station, take the elevator to the VIP Lounge No.120 on the 2nd floor.",DOMESTIC DEPARTURE,,Satellite Terminal 1,,Domestic,,
N00868,PVG,Pudong International Airport,VIP Lounge No.69,,"Airside - After passport control and security check, near Gate 69 on the Upper Floor. Signs indicate the entrance to the Lounge.",INTERNATIONAL DEPARTURE,,Terminal 2,,International,,
N05090,CKG,Jiangbei International Airport,Plaza Premium Lounge (T3 Domestic),,"Airside - After security check, opposite Gate E09 in Concourse E",DOMESTIC DEPARTURE,,Terminal 3A,,Domestic,,
N03565,MLE,Velanaa Internation Airport,Huvandhumaa Lounge,,"Airside - After security checks, on the first floor.",DOMESTIC DEPARTURE,,Seaplane Terminal,,Domestic,,
N03082,HND,Tokyo Haneda International Airport,AIRPORT LOUNGE (South),,"Airside-Located on the 2nd floor of the domestic departure gate area, on the south side of Gate 65.",DOMESTIC DEPARTURE,,Terminal 2,,Domestic,,
N01346,ICN,Incheon International Airport,Sky Hub Lounge (Intl - Concourse A),,"Airside - After passport control and security check, take the shuttle train on the basement floor, take the escalator near the Boarding Gate 115 to the level 4.",INTERNATIONAL DEPARTURE,,Terminal 1,,International,,
N01242,TPE,Taiwan Taipei Taoyuan International Airport,Plaza Premium Lounge (T2 Zone A)*,,"Airside - After passport control and security check, turn left towards A&D Gate and then take the elevator to Level 4, then turn right, the lounge is located at the right side after entering the first corridor.","INTERNATIONAL DEPARTURE, INTERNATIONAL TRANSIT, DOMESTIC TRANSIT",,Terminal 2,,International/Domestic,,
N04700,ICN,Incheon International Airport,Oneworld Lounge (*Restrictions apply),,"Airside - After passport control and security check, the lounge is located on the Level 4 near Gate 28.",INTERNATIONAL DEPARTURE,,Terminal 1,,International,,
N01156,TPE,Taiwan Taipei Taoyuan International Airport,Plaza Premium Lounge (T2 Zone A1),,"Airside - After passport control and security check, go to right hand side (toward AID gate)' take the escalator on your right, the lounge is located in the left side.(between coffee shop and the food court)",INTERNATIONAL DEPARTURE,,Terminal 2,,International,,
N00021,PVG,Pudong International Airport,First Class Lounge No.73,,"Airside - After passport control and security check, proceed down to Level 2, turn right and walk straight around 100 meters, the lounge is opposite to the Boarding Gate 76, 100 meters to the Gate 73.",DOMESTIC DEPARTURE,,Terminal 2,,Domestic,,
N05088,CKG,Jiangbei International Airport,Plaza Premium Lounge (T3 International),,"Airside - After security check, directly opposite the Plaza Premium Lounge next to Gate H02",INTERNATIONAL DEPARTURE,,Terminal 3A,,International,,
N03083,HND,Tokyo Haneda International Airport,POWER LOUNGE CENTRAL(T2),,Landside -  Located on the 3rd floor of the domestic departure lobby.,DOMESTIC DEPARTURE,,Terminal 2,,Domestic,,
N04876,CKG,Jiangbei International Airport,South Airlines Pearl Gold and Silver Card VIP Lounge (T3 Domestic),,Airside- At the entrance of G concourse after security check at T3 Terminal.,DOMESTIC DEPARTURE,,Terminal 3A,,Domestic,,
N03517,HND,Tokyo Haneda International Airport,Power Lounge Premium,,"Airside - Located on the 3rd floor of the International Departure Gate Area, on the right after passing through immigration.",INTERNATIONAL DEPARTURE,,Terminal 2,,International,,
N01760,ICN,Incheon International Airport,Sky Hub Lounge East (T2),,"Airside - After passport control and security check, Terminal 2, take the escalator near Gate 268 and head right to the transit lounge.",INTERNATIONAL DEPARTURE,,Terminal 2,,International,,
N04694,CKG,Jiangbei International Airport,South Airlines Pearl Lounge (T3 Domestic),,Airside- At the entrance of G concourse after security check at T3A Terminal.,DOMESTIC DEPARTURE,,Terminal 3A,,Domestic,,
N03518,HND,Tokyo Haneda International Airport,TIAT LOUNGE,,"Airside - Located on the level 4 of T3, in the airside area of international departure. After security check, please proceed to the escalator in front of Gate 111 (next to the LV store) and take the escalator to the level 4, where the lounge is located directly in front of you.",INTERNATIONAL DEPARTURE,,Terminal 3,,International,,
N01759,ICN,Incheon International Airport,Sky Hub Lounge West,,"Airside - After passport control and security check, the lounge is on the 4th floor, near gate 247.",INTERNATIONAL DEPARTURE,,Terminal 2,,International,,
N01657,ICN,Incheon International Airport,Matina Lounge,,"Airside - After passport control and security check, take the elevator up to level 4 and go cross the bridge.",INTERNATIONAL DEPARTURE,,Terminal 2,,International,,
N01085,CSX,Huanghua International Airport,Joyflight No.7 First Class Lounge,,"Airside - After Security Check, the lounge is located on right side, near Gate 30.",DOMESTIC DEPARTURE,,Terminal 2,,Domestic,,
N02471,PEK,Beijing Capital International Airport,CIP Reception Counter No.19,,"Landside - Before passport control and security check, the counter is located near the Security check channel No.19.",DOMESTIC DEPARTURE,,Terminal 2,,Domestic,,
N03092,DEL,Indira Gandhi International Airport,Encalm Lounge (Domestic T1D),Encalm Lounge,"Airside - After passport control and security check, the lounge is located on Level 02, Mezzanine Level, Terminal 1.",DOMESTIC DEPARTURE,"Encalm Lounge – Terminal 1, Domestic Departures (Post-Security)",Terminal 1,,Domestic,Departure,Post Security
N03746,DEL,Indira Gandhi International Airport,Encalm Lounge (T2 Domestic),Encalm Lounge,"Airside - After passport control and security check, the lounge is located on level 2, near the food court.",DOMESTIC DEPARTURE,"Encalm Lounge – Terminal 2, Domestic Departures (Post-Security)",Terminal 2,,Domestic,Departure,Post Security
N04547,DEL,Indira Gandhi International Airport,Encalm Lounge  (T3 Arrival),Encalm Lounge,"Landside - The lounge is located before passport control and security check, near gate 4.",INTERNATIONAL ARRIVAL,"Encalm Lounge – Terminal 3, International Arrival (Pre-Security)",Terminal 3,,International,Arrival,Pre Security
N03663,DEL,Indira Gandhi International Airport,Encalm Lounge (International T3),Encalm Lounge,The lounge is located at the International Departures after the clearance of immigration and security on Level 3.,INTERNATIONAL DEPARTURE,"Encalm Lounge – Terminal 3, International Departures (Post-Security)",Terminal 3,,International,Departure,Post Security
N03662,DEL,Indira Gandhi International Airport,Encalm Lounge (T3 D49),Encalm Lounge,Airside-Lounge is located at the Domestic Departures after the clearance of security on the mezzanine level.,DOMESTIC DEPARTURE,"Encalm Lounge – Terminal 3, Domestic Departures (Post-Security)",Terminal 3,,Domestic,Departure,Post Security
N04205,KUL,Kuala Lumpur International Airport,Travel Club Lounge (Satellite Building),,"After the Immigration and Custom Clearance, passengers need to board on the aerotrain/shuttle bus to Satellite Building. Once disembark from the aerotrain/shuttle bus, kindly proceed to Mezzanine Level towards Gate C12-C18.",INTERNATIONAL DEPARTURE,,Terminal 1,,International,,
N04541,KUL,Kuala Lumpur International Airport,Kepler Club (Landside),,Landside - go down to Level 2 at the KLIA Main Terminal. Follow the signs towards the Sama Sama Hotel. The lounge is located on the Link Bridge connecting the Main Terminal to the Parking Space.,"INTERNATIONAL DEPARTURE, INTERNATIONAL ARRIVAL, DOMESTIC DEPARTURE, DOMESTIC ARRIVAL",,Main Terminal,,International/Domestic,,
N04540,KUL,Kuala Lumpur International Airport,Kepler Club (Satellite Terminal),,"Airside-after Passport Control, go to the Satellite Building. Follow the signs towards the gates C31 / C33. Go up the stairs right in front of the gates, and the Lounge is located right at the end of the stairs.",INTERNATIONAL DEPARTURE,,Terminal 1,,International,,
N03675,KUL,Kuala Lumpur International Airport,"Plaza Premium Lounge (International Departures, Contact Pier)",,"International Departure Terminal 1, Level 2 (near Gate G)",INTERNATIONAL DEPARTURE,,Terminal 1,,International,,
N01550,WUH,Tianhe International Airport,VIP Reception   No.1,,"Landside - Before passport control and security check, the lounge is located on right side of Concours No.1,level 4,T3",DOMESTIC DEPARTURE,,Terminal 3,,Domestic,,
N04690,KUL,Kuala Lumpur International Airport,CapsuleTransit Sleep Lounge - KLIA Terminal 1 (Landside),,"Landside - Before security check, the lounge is located at Lot MTB-5-L23, main terminal building, Level 5",INTERNATIONAL DEPARTURE,,Terminal 1,,International,,
N01547,WUH,Tianhe International Airport,First Class Lounge  No.3,,"Airside - Terminal 3, up to Level 4 and turn left after Security Check.",INTERNATIONAL DEPARTURE,,Terminal 3,,International,,
N01548,WUH,Tianhe International Airport,First Class Lounge No.6,,"Airside - After passport control and security check, Terminal 3, up to Level 4 and turn right.",DOMESTIC DEPARTURE,,Terminal 3,,Domestic,,
N01549,WUH,Tianhe International Airport,First Class Lounge No.8,,"Airside - After passport control and security check, Terminal 3, turn left and up to Level 2.",DOMESTIC DEPARTURE,,Terminal 3,,Domestic,,
N01356,KUL,Kuala Lumpur International Airport,Sky Suite Airport Lounge,,"Airside - After passport control and security check, the lounge is located next to Gate C5, Satellite Building",INTERNATIONAL DEPARTURE,,Terminal 1,,International,,
N04688,KUL,Kuala Lumpur International Airport,CapsuleTransit KLIA Terminal 2 - Landside,,"Landside - Before security check, the lounge is located at Lot No. L1 -1,2,3 & 4, Level 1, Gateway KLIA2",DOMESTIC ARRIVAL,,Terminal 2,,Domestic,,
N04687,KUL,Kuala Lumpur International Airport,Capsule Transit KLIA Terminal 2 - Airside,,"Airside- After security check, the lounge is located at Lot No. S6-2-A32 & S6-2-A33, Sector 6.",INTERNATIONAL DEPARTURE,,Terminal 2,,International,,
N04689,KUL,Kuala Lumpur International Airport,Capsule Transit MAX KLIA Terminal 2 - Landside,,"Landside- Before security check, the lounge is located at Lot No. L2M -6,7 & 8, Level  2M, Gateway KLIA2, Jalan KLIA 2/1",DOMESTIC ARRIVAL,,Terminal 2,,Domestic,,
N04203,KUL,Kuala Lumpur International Airport,Travel Club Lounge (T2),,"After Immigration and custom clearance, proceed to Departure Gate L. Located at Level 2, International departure at Terminal 2.        ",INTERNATIONAL DEPARTURE,,Terminal 2,,International,,
N03642,KUL,Kuala Lumpur International Airport,Sky Suite Airport Lounge,,Landside - Right next to the airline check-in counters (Row S),"INTERNATIONAL DEPARTURE, DOMESTIC DEPARTURE",,Terminal 2,,International/Domestic,,
N01667,KUL,Kuala Lumpur International Airport,Plaza Premium Lounge (Level 2M),,"Landside - Before passport control and security check, the lounge is located on the 2M floor of the Gateway@klia2, next to Aerotel.","DOMESTIC DEPARTURE, DOMESTIC ARRIVAL",,Terminal 2,,Domestic,,
N04204,KUL,Kuala Lumpur International Airport,Travel Club Lounge (KLIA 2),,"After Immigration and custom clearance, proceed to Departure Gate P. Located at Level 3, International departure at Terminal 2.        ",INTERNATIONAL DEPARTURE,,Terminal 2,,International,,
N02769,BKK,Suvarnabhumi International Airport,Miracle Lounge,,"Airside - After passport control and security check, go to level 2, turn left and proceed for approximately 60 meters. The lounge is located on the left hand side.",DOMESTIC DEPARTURE,,Domestic Terminal,,Domestic,,
N00109,BKK,Suvarnabhumi International Airport,Miracle First Class Lounge,,"Airside - After passport control and security check, the lounge is located opposite departure gate A3, close to the Day Room Hotel, block 2, down to level 3, concourse A.",INTERNATIONAL DEPARTURE,,International Terminal,,International,,
N00116,HKT,Phuket International Airport,The Coral Premium Lounge(Sino Lounge),,"Airside - After passport control and security check, the Lounge is located on the Level 3, near the Boarding Gate 8.",DOMESTIC DEPARTURE,,Terminal 1,,Domestic,,
N03530,FRA,Frankfurt Airport,LuxxLounge,,"Landside - The lounge is located before passport control and security check, between hall B and C on gallery level/level 4, next to the Travelmarket.","INTERNATIONAL DEPARTURE, INTERNATIONAL ARRIVAL, DOMESTIC DEPARTURE, DOMESTIC ARRIVAL",,Terminal 1,,International/Domestic,,
N02824,PEK,Beijing Capital International Airport,RUBY Lounge,,"Airside - After passport control and security check, the lounge is located between gates 32 and 33.",DOMESTIC DEPARTURE,,Terminal 2,,Domestic,,
N02725,SAW,Sabiha Gokcen International Airport,Kepler Club,,"Airside - After passport control and security check, turn left. Then take the escalator on your right to the mezzanine level.",INTERNATIONAL DEPARTURE,,International Terminal,,International,,
N02747,LGW,London Gatwick Airport,Plaza Premium Lounge,,"Airside - After passport control and security check, the lounge is located near Gates 44-45 and 101-103.","INTERNATIONAL DEPARTURE, DOMESTIC DEPARTURE",,North Terminal,,International/Domestic,,
N02865,PEK,Beijing Capital International Airport,Barcelo Lounge(T2 dom),,"Airside - After passport control and security check, the lounge is located on opposite to boarding gate 35",DOMESTIC DEPARTURE,,Terminal 2,,Domestic,,
N02367,LOS,Murtala Muhammed International Airport,VIP Lounge,,"Airside - After passport control and security, use the lift or stairs to travel to level 1 then turn left. The lounge is located near gates 1-6.",DOMESTIC DEPARTURE,,Domestic Terminal,,Domestic,,
N01535,PEK,Beijing Capital International Airport,Airport Easy Lounge(New area),,"Airside - After passport control and security check, take the exclusive elevator directly opposite the security checkpoint No. 5 to the third floor.",DOMESTIC DEPARTURE,,Terminal 2,,Domestic,,
N01783,DMK,Don Mueang International Airport,Miracle Lounge,,"Airside - After passport control and security check, Passenger pass the Immigration Counter, turn left and walk straight 10 meters , Miracle Lounge is located at the left hand side, beside King Power Duty Free pick counter and in the adjacent to Pier 2 (All Gate no. 1 - 6, 12 - 15 and 21 - 20) and Pier 1 Information and Shopping area.",INTERNATIONAL DEPARTURE,,Terminal 1,,International,,
N02089,PEK,Beijing Capital International Airport,CIP International Lounge,,"Airside - After passing through security on the 4th floor of International Departures, take the APM (Automated People Mover) to Terminal 3-E. After clearing Border Control, turn left at the red [Inquiry] counter.",INTERNATIONAL DEPARTURE,,Terminal 3,,International,,
N00418,CUN,Cancun International Airport,VIP lounge by MERA,,"Airside - After passport control and security check, take the escalators on the left hand side and go past the duty free shops the lounge is located to your left towards gate A.",INTERNATIONAL DEPARTURE,,Terminal 2,,International,,
N00650,LHR,London Heathrow Airport,Plaza Premium Lounge,,"Airside - After passport control and security check, follow signs for 'A3 Lounge'.",INTERNATIONAL DEPARTURE,,Terminal 2,,International,,
N05108,MED,Prince Mohammad bin Abdulaziz International Airport,Hayyak VIP Lounge - Medina,,"Airside - After passport control and security check turn left, the lounge is located near the Wellcome Lounge.",DOMESTIC DEPARTURE,,Main Terminal,,Domestic,,
N04714,DBV,Dubrovnik Cilipi - Konavle Airport,Sky Lounge,,"Airside - After passport control and security check, the lounge is located on level 3.","INTERNATIONAL DEPARTURE, DOMESTIC DEPARTURE",,Main Terminal,,International/Domestic,,
N04717,ABT,Al-Aqiq Airport,Hayyak Lounge,,"Airside - After passport control and security check, the lounge is located near to gate 1 & 3.",DOMESTIC DEPARTURE,,Domestic Terminal,,Domestic,,
N04719,RIX,Riga International Airport,Kepler Club (Transit Area),,"Airside - After security check, the lounge is located near gate B2, between Tickerdaze Restaurant.","INTERNATIONAL DEPARTURE, DOMESTIC DEPARTURE",,Main Terminal,,International/Domestic,,
N05111,MCI,Kansas City International Airport,Escape Lounge,,"Airside - After passport control and security check, turn right and proceed to the A gates, the lounge is located by gate A5.",INTERNATIONAL DEPARTURE,,Main Terminal,,International,,
N05002,SCL,Comodoro Arturo Merino Benitez International Airport,Salon Pacific Club T1,,"Airside - After passport control and security check, the lounge is located in the corridor connecting gates A08 and A17",DOMESTIC DEPARTURE,,Domestic Terminal,,Domestic,,
N13022,SKG,Thessaloniki Airport,The Lounge,,"Airside - After security check turn right, proceed passed Duty Free and take the elevator or stairs to the Mezzanine Level.","INTERNATIONAL DEPARTURE, DOMESTIC DEPARTURE",,Terminal 2,,International/Domestic,,
N00216,MAN,Manchester International Airport,Aspire Lounge,,"Airside - After passport control and security check, follow signs for ""Premium Lounge"", take the escalator/elevator up a level and proceed through Duty Free, once in the main departures lounge follow signs for ""Aspire Lounge"".",INTERNATIONAL DEPARTURE,,Terminal 2,,International,,
N01398,ABV,Nnamdi Azikiwe International Airport,Gabfol Lounge,,Airside - The lounge is located opposite the security check.,INTERNATIONAL DEPARTURE,,International Terminal,,International,,
N01170,DXB,Dubai International Airport,Marhaba Lounge (Concourse D),,"Airside - After passport control and security check, the lounge is located on the level above boarding gates and duty free.",INTERNATIONAL DEPARTURE,,Terminal 1,,International,,
N05120,GRU,Sao Paulo-Guarulhos International Airport,W Lounge,,"Airside - After passport control and security check, the lounge is located on level 2.",DOMESTIC DEPARTURE,,Terminal 1,,Domestic,,
N05013,RHO,"Rhodes International ""Diagoras"" Airport",Goldair Handling Lounge,,"Airside - After passport control and security check, the lounge is located on level 2, opposite gate 12.","INTERNATIONAL DEPARTURE, DOMESTIC DEPARTURE",,Main Terminal,,International/Domestic,,
N04737,NBO,Jomo Kenyatta International Airport,Simba Lounge,,"Airside - After passport control and security check, after Duty Free turn right and head towards Gate 15, take the elevator/stairs to Level 2.",INTERNATIONAL DEPARTURE,,Terminal 1A,,International,,
N05016,COV,Çukurova International Airport,Platinum Lounge (International),,"Airside - After passport control and security check, the lounge is located on level 2 opposite Duty Free.",INTERNATIONAL DEPARTURE,,Main Terminal,,International,,
N01183,SHE,Taoxian International Airport,No.3 First Class Lounge (Terminal 3),,"Airside - After passport control and security check, the lounge is located opposite to Gate 28.",DOMESTIC DEPARTURE,,Terminal 3,,Domestic,,
N05020,HRE,Harare International Airport,Premium Luxury Lounge,,"Airside - After passport control and security check, turn left and take the escalator down to the Lower Level. The lounge is located on the left between Gates 1 and 2.",INTERNATIONAL DEPARTURE,,International Terminal,,International,,
N05024,RUH,King Khalid International Airport,Plaza Premium Lounge,,"Airside - After security check and passport control, the lounge is located opposite Gate 108.",INTERNATIONAL DEPARTURE,,Terminal 1,,International,,
N00579,PLZ,Port Elizabeth Airport,Bidvest Premier Lounge,,"Airside - After passport control and security check, follow signs up to the level 1.",DOMESTIC DEPARTURE,,Main Terminal,,Domestic,,
N00695,CAI,Cairo International Airport,CAC Lounge by Plaza Premium Lounge & EAS,,"Airside - After passport control and security check, entrances to the lounge are located on both levels 1 & 2. Take the stairs or escalator and follow signs to the 'First Class Lounge'.",INTERNATIONAL DEPARTURE,,Terminal 1,,International,,
N00134,BHX,Birmingham Airport,No1 Birmingham,,"Airside - After passport control and security check, after the duty free shop in the main departures area, the entrance to the lounge is located directly ahead, between WHSmith and Next.",INTERNATIONAL DEPARTURE,,Main Terminal,,International,,
N05373,FOR,Fortaleza International Airport,W Airport Rooms Fortaleza,,"Landside - The W Airport Rooms are located between the International and Domestic Arrivals areas, in front of Door 6.","INTERNATIONAL DEPARTURE, DOMESTIC DEPARTURE",,Main Terminal,,International/Domestic,,
N04984,SYX,Phoenix International Airport,Cuba Pavilion Lounge,,"Landside - Before security check, go to Gate 2 for domestic departures, opposite Building C of the complex, enter from the main entrance near Lawson Mall, and take the escalator to the 4th floor",DOMESTIC DEPARTURE,,Terminal 1,,Domestic,,
N00493,DOH,Hamad International Airport,Al Maha Lounge - South Node,,"Airside - After passport control and security check, the lounge is located on level 2 in the Duty Free Plaza South area.",INTERNATIONAL DEPARTURE,,Main Terminal,,International,,
N00056,DUB,Dublin Airport,The Phoenix Lounge,,"Airside - There are two ways to access the lounge. Entrance 1: T1 Mezzanine Level, after Fast Track Security. Entrance 2: Terminal 1, located between the security lanes after passing Central Search.",INTERNATIONAL DEPARTURE,,Terminal 1,,International,,
N03500,BKO,Bamako Senou International Airport,Bravia Platinum Lounge,,"Airside - After passport control and security check, the lounge is located right next to the immigration clearing point on level 1, near flight departure gate 04 and 05.","INTERNATIONAL DEPARTURE, DOMESTIC DEPARTURE",,Terminal 2,,International/Domestic,,
N04231,LUM,Mangshi Airport,VIP Lounge,,"After security check, domestic departure Terminal 2nd floor towards Gate 4 Airlines Home Lounge",DOMESTIC DEPARTURE,,Main Terminal,,Domestic,,
N03513,KMG,Changshui International Airport,KunMing Airline V19 Lounge,,"After security check,turn right and go straight to gate 29 and go downstairs",DOMESTIC DEPARTURE,,Main Terminal,,Domestic,,
N00184,BCN,Barcelona-El Prat Airport,Sala VIP Pau Casals,,"Airside - After passport control and security check, proceed down the stairs to the Sky Center and turn right. Follow the VIP signs and take the stairs or elevator up to the lounge.","INTERNATIONAL DEPARTURE, DOMESTIC DEPARTURE",,Terminal 1,,International/Domestic,,
N00188,ARN,Arlanda Airport,Pearl Lounge,,"Airside - After passport control and security check, turn left. Proceed to the 1st staircase on your left then turn left and go through the 'Himmel & Hav' restaurant to where the lounge is located.",INTERNATIONAL DEPARTURE,,Terminal 2,,International,,
N00085,YVR,Vancouver International Airport,Plaza Premium Lounge,,"Airside - After passport control and security check, proceed to level 3 and the lounge is located between A & B gates.",DOMESTIC DEPARTURE,,Domestic Terminal,,Domestic,,
N04147,BGW,Baghdad International Airport,Ahlein Premium Lounge,,"Airside - After passport control but before security check, lounge is located in the concourse area between Babylon and Nineveh Terminals.",INTERNATIONAL DEPARTURE,,Main Terminal,,International,,
N02709,BKK,Suvarnabhumi International Airport,Miracle First Class Lounge,,"Airside - After passport control and security check, the lounge is located on the 3rd floor.",INTERNATIONAL DEPARTURE,,International Terminal,,International,,
N04399,LXR,Luxor International Airport,Pearl Lounge (International),,"Airside - After security check, the lounge is located on the left in the food court area.",INTERNATIONAL DEPARTURE,,Main Terminal,,International,,
N04282,AQI,Al Qaisumah-Hafar Al Batin Airport,Hayyak Lounge,,"Airside - After passport control and security check, the lounge is located on the right.",DOMESTIC DEPARTURE,,Terminal 1,,Domestic,,
N04289,JFK,John F.Kennedy International Airport,VIP One (FastTrack Included),,"Landside - The lounge is located before security checks on Level 2, behind counter E&F.",INTERNATIONAL DEPARTURE,,Terminal 1,,International,,
N04061,AJF,Joff Domestic Airport,Hayyak VIP Lounge,,"Airside - After passport control and security check, the lounge is located on the ground level close to gate 4.",DOMESTIC DEPARTURE,,Main Terminal,,Domestic,,
N02730,BOG,Bogota El Dorado International Airport,Avianca VIP Lounge (Intl),,"Airside - After passport control and security check, the entrance to the lounge is located via elevator near gate B1. International flights only.",INTERNATIONAL DEPARTURE,,Terminal 1,,International,,
N02736,CTG,Rafael Nunez International Airport,Avianca VIP Lounge,,"Airside - After passport control and security check, proceed through the boarding area and the lounge is located immediately to the left.",DOMESTIC DEPARTURE,,Domestic Terminal,,Domestic,,
N03357,SMF,Sacramento International Airport,Escape Lounge,,"Airside - After passport control and security check, the lounge is located on level 2.",INTERNATIONAL DEPARTURE,,Terminal A,,International,,
N03153,ATH,Athens International Airport,Goldair Handling Lounge,,"Airside - Extra Schengen Lounge, Level 2 of the Departure Level, after passing through passport control and security screening, near Gate A07.",INTERNATIONAL DEPARTURE,,Main Terminal_Hall A,,International,,
N02313,SEZ,Seychelles International Airport,Payanke CIP Lounge,,"Landside - Before passport control and security check, the lounge is located above the domestic check-in counter.","INTERNATIONAL DEPARTURE, INTERNATIONAL ARRIVAL, DOMESTIC DEPARTURE, DOMESTIC ARRIVAL",,Domestic Terminal,,International/Domestic,,
N02117,ACC,Kotoka International Airport,Adinkra Lounge,,"Airside - After security check, the lounge is located on the right hand - side adjacent to gate 3.",DOMESTIC DEPARTURE,,Terminal 2,,Domestic,,
N02458,IST,Istanbul Airport,iGA Lounge,,"Airside - After passport control and security check, the lounge is located on the right near gate G11.",DOMESTIC DEPARTURE,,Domestic Terminal,,Domestic,,
N01502,DMK,Don Mueang International Airport,Miracle Lounge (T1 - Level 3),,"Airside - After passport control and security check, pass the immigration counter and walk straight for 10 meters. The lounge is located on the right hand side opposite King Power Duty Free.",INTERNATIONAL DEPARTURE,,Terminal 1,,International,,
N02236,MCT,Muscat International Airport,Majan Lounge,,"Airside - After passport control and security check, take the escalator or lift from the Duty Free area to Level 7.","INTERNATIONAL DEPARTURE, DOMESTIC DEPARTURE",,Main Terminal,,International/Domestic,,
N02362,ORY,Paris Orly Airport,Premium Traveller Lounge,,"Airside - After passport control and security, the lounge is located in Hall 1 near boarding gates A1-A5. Schengen flights only.","INTERNATIONAL DEPARTURE, DOMESTIC DEPARTURE",,Orly 1,,International/Domestic,,
N00907,PUJ,Punta Cana International Airport,VIP Lounge,,"Airside - After passport control and security check, the lounge is located before the Food Court Area, opposite Gate 5 and 6.",INTERNATIONAL DEPARTURE,,Terminal A,,International,,
N01756,HKT,Phuket International Airport,Coral Beach Lounge (Coral Executive Lounge),,"Airside - After passport control and security check, the lounge is located on 2nd floor, Terminal 1 (Domestic Terminal), closed to Departure Gate No.4 - 6",DOMESTIC DEPARTURE,,Terminal 1,,Domestic,,
N01665,DMM,King Fahd International Airport,Plaza Premium Lounge,,"Airside - After passport control and security check, the lounge is located opposite Al Dawa Pharmacy and adjacent to Alinma Bank.",INTERNATIONAL DEPARTURE,,Main Terminal,,International,,
N02060,FCO,Rome Fiumicino Airport,Hello Sky Air Rooms & Lounge,,"Landside - The lounge is located in front of the terminals which is connected by a covered walkway around 100 meters in length. When arriving from terminals 1, 2 and 3, go to the upper level following the directions to the train station. Once on the upper level, take the covered walkway and follow the directions to ""Arrival Lounge & Day Rooms"". It will take around 2 minutes.",INTERNATIONAL DEPARTURE,,Separate Building,,International,,
N00606,MXP,Milan Malpensa Airport,Monteverdi Classic Lounge,,"Airside - The lounge is located in the Schengen area, close to boarding gates A01 - A10.","DOMESTIC DEPARTURE, DOMESTIC ARRIVAL",,Terminal 1,,Domestic,,
N01019,OSL,Oslo Airport,OSL Lounge (International Area),,"Airside - After passport control and security check, the lounge is located on the right opposite Gate E2",INTERNATIONAL DEPARTURE,,Main Terminal,,International,,
N05109,MBA,Moi International Airport,Bosphorus Lounge,,"Airside - After passport control and security check, turn right, the lounge is located next to the duty free shop.",INTERNATIONAL DEPARTURE,,Terminal 1,,International,,
N04715,DBV,Dubrovnik Cilipi - Konavle Airport,Adriatic Lounge,,"Airside - After passport control and security check, the lounge is located on level 3.","INTERNATIONAL DEPARTURE, DOMESTIC DEPARTURE",,Main Terminal,,International/Domestic,,
N04734,BRI,Bari Karol Wojtyła Airport,Work Area,,"Airside - After passport control and security check, the lounge is located on the mezzanine level.","INTERNATIONAL DEPARTURE, DOMESTIC DEPARTURE",,Main Terminal,,International/Domestic,,
N05012,MCT,Muscat International Airport,Primeclass Lounge,,"Airside - After passport control and security check, the lounge is located on level 5.","INTERNATIONAL DEPARTURE, DOMESTIC DEPARTURE",,Main Terminal,,International/Domestic,,
N05015,COV,Çukurova International Airport,Platinum Lounge (Domestic),,"Airside - After passport control and security check, follow signs towards CIP lounge, the lounge is located opposite to Cafe Bistro.",DOMESTIC DEPARTURE,,Main Terminal,,Domestic,,
N00563,SAW,Sabiha Gokcen International Airport,Plaza Premium Marmara Lounge,,"Airside - After passport control, turn right. The lounge is located between gates 203 and 204.",INTERNATIONAL DEPARTURE,,International Terminal,,International,,
N01180,DMK,Don Mueang International Airport,The Coral Executive Lounge (T1 - Level 3),,"Airside - After passport control and security check, the lounge is close to the immigration desk.",INTERNATIONAL DEPARTURE,,Terminal 1,,International,,
N04404,HRE,Harare International Airport,The Lounge,,"Airside - After passport control and security check, the lounge is located opposite Gate 2.",INTERNATIONAL DEPARTURE,,International Terminal,,International,,
N05369,LHR,London Heathrow Airport,No1 Lounge,,"Airside - After passport control and security check, take the nearest elevator to level 4, follow directions to gate A18 and then take the lift to Level 2.",INTERNATIONAL DEPARTURE,,Terminal 2,,International,,
N05379,CWB,Afonso Pena International Airport,Break Travel Lounge,,"Landside - Before passport control and security check, the lounge is located on Level 2 in the food court area.",INTERNATIONAL DEPARTURE,,International Terminal,,International,,
N04985,SYX,Phoenix International Airport,Dehang Moonlight Yunxi Tea House,,"landside - Before security check, domestic departure gate 2, opposite the complex building C 3F, enter from the Bawang Chaji gate",DOMESTIC DEPARTURE,,Terminal 1,,Domestic,,
N00259,KMG,Changshui International Airport,First Class Lounge V6,,"Go straight for about 500 meters, take the elevator next to Gate 46 and go down to ""First Class Business Class Lounge V6"" on the second floor of F.",DOMESTIC DEPARTURE,,Main Terminal,,Domestic,,
N00269,LJG,Sanyi Airport,First Class Lounge,,"Airside - After passport control and security check, turn right.",DOMESTIC DEPARTURE,,Main Terminal,,Domestic,,
N00172,VCE,Marco Polo Airport,Marco Polo Club,,"Airside - After security check but before passport control, proceed to the 2nd floor via the escalator or elevator.","INTERNATIONAL DEPARTURE, DOMESTIC DEPARTURE",,Main Terminal,,International/Domestic,,
N03115,BKK,Suvarnabhumi International Airport,The Coral Premium Lounge,,"Airside - After passport control and security check, the Lounge is located near the gate A1",DOMESTIC DEPARTURE,,Domestic Terminal,,Domestic,,
N03345,ARN,Arlanda Airport,Pearl Lounge,,"Airside - After passport control and security check, the lounge is located next to gate C37.","INTERNATIONAL DEPARTURE, DOMESTIC DEPARTURE",,Terminal 5,,International/Domestic,,
N02233,JFK,John F.Kennedy International Airport,Primeclass Lounge,,"Airside - After passport control and security check, the lounge is located between boarding gates 8 and 9.",INTERNATIONAL DEPARTURE,,Terminal 1,,International,,
N02127,GBE,Sir Seretse Khama International Airport,Pula Lounge,,"Airside - After passport control and security check, the lounge is located on the right next to Duty Free Shop.",INTERNATIONAL DEPARTURE,,Main Terminal,,International,,
N00910,GPS,Baltra Airport,Aeropuertos VIP Club,,"Airside - After passport control and security check, the lounge is located next to the food court.",DOMESTIC DEPARTURE,,Main Terminal,,Domestic,,
N00948,LOS,Murtala Muhammed International Airport,The Gabfol Lounge,,"Airside - After passport control and security check in the Arik Air Wing, turn immediately to the left.",DOMESTIC DEPARTURE,,Domestic Terminal,,Domestic,,
N00405,SHE,Taoxian International Airport,First Class Lounge,,"Airside - After security check, turn right and go straight to the elevator next to McDonald's. Go upstairs to the ""Airport First Class Lounge"" on the right.",DOMESTIC DEPARTURE,,Terminal 3,,Domestic,,
N00419,CUN,Cancun International Airport,VIP lounge by MERA,,"Airside - After passport control and security check, exit the duty free shop and turn right towards the 'Bubba Gump' restaurant. Turn right to the end of the hall where a sign indicates the lounge entrance.",INTERNATIONAL DEPARTURE,,Terminal 3,,International,,
N00424,MBA,Moi International Airport,Safari VIP Lounge,,"Airside - After passport control and security check, take the lift or escalator to level 1, turn right and follow signs.",INTERNATIONAL DEPARTURE,,Terminal 1,,International,,
N00656,ABV,Nnamdi Azikiwe International Airport,SDS Lounge,,"Airside - After passport control and security check, the lounge is located on the departure level of wing C.",INTERNATIONAL DEPARTURE,,International Terminal,,International,,
N04600,OSL,Oslo Airport,OSL Lounge Innland,,"Airside - After passport control and security check, the lounge is located on level 2, near gate A15.",DOMESTIC DEPARTURE,,Terminal A,,Domestic,,
N04606,LCA,Larnaca International Airport,Skala Lounge,,"Airside - After passport control and security check, the lounge is located next to gate 22.",INTERNATIONAL DEPARTURE,,Terminal 1,,International,,
N01161,DXB,Dubai International Airport,Ahlan First Class Lounge (Concourse D),,"Airside - After passport control and security check, the lounge is located in the departures area near the food court.",INTERNATIONAL DEPARTURE,,Terminal 1,,International,,
N05112,CNF,Tancredo Neves International Airport,BRT Lounge Confins,,"Airside - After passport control and security check, the lounge is located on level 1.",DOMESTIC DEPARTURE,,Terminal 1,,Domestic,,
N04720,RIX,Riga International Airport,Kepler Club (Landside),,"Landside - The lounge is located before passport control and security check, take the stairs/elevator up to the mezzanine level.","INTERNATIONAL DEPARTURE, INTERNATIONAL ARRIVAL, DOMESTIC DEPARTURE, DOMESTIC ARRIVAL",,Main Terminal,,International/Domestic,,
N04612,LTN,London Luton Airport,My Lounge,,"Airside -  After passport control and security check, the lounge is located near Yo Sushi and Accesorize.","INTERNATIONAL DEPARTURE, DOMESTIC DEPARTURE",,Terminal 1,,International/Domestic,,
N01288,YVR,Vancouver International Airport,Plaza Premium Lounge (Pier C),,"Airside - After security check, the lounge is located near boarding gate C29.",DOMESTIC DEPARTURE,,Domestic Terminal,,Domestic,,
N05127,POA,Salgado Filho Airport,W Premium Lounge Porto Alegre,,"Airside - After passport control and security check, the lounge is located on the right.",DOMESTIC DEPARTURE,,Main Terminal,,Domestic,,
N04736,NBO,Jomo Kenyatta International Airport,Pride Lounge,,"Airside - After passport control and security check, after Duty Free turn left and head towards Gate 17, take the elevator/stairs to Level 2.",INTERNATIONAL DEPARTURE,,Terminal 1A,,International,,
N00129,LGW,London Gatwick Airport,No1 Gatwick North,,"Airside - After passport control and security check, follow the signs for 'Airport Lounges'. After entering the lounge pavilion, the entrance is located straight ahead.","INTERNATIONAL DEPARTURE, DOMESTIC DEPARTURE",,North Terminal,,International/Domestic,,
N04415,WDH,Hosea Kutako International Airport,Paragon Premium Lounge,,"Airside - After passport control and security check, the lounge is located next to gate 1.",INTERNATIONAL DEPARTURE,,Terminal 2,,International,,
N04986,SYX,Phoenix International Airport,Phoenix Airport FLYVIP Lounge,,"Landside - Before security check, at Domestic Departure Gate 2, opposite Building C, take the escalator from Lawson/Starbucks to the 4th floor next to the main entrance of FLY3",DOMESTIC DEPARTURE,,Terminal 1,,Domestic,,
N00375,GBE,Sir Seretse Khama International Airport,Nthula Lounge (International),,"Airside - After passport control and security check, turn right and the lounge is located straight ahead.",INTERNATIONAL DEPARTURE,,Main Terminal,,International,,
N00166,ATH,Athens International Airport,Skyserv Aristotle Onassis Lounge,,"Airside - After passport control and security check, the lounge is located on level 2.","INTERNATIONAL DEPARTURE, DOMESTIC DEPARTURE",,Main Terminal_Hall A,,International/Domestic,,
N00178,KWI,Kuwait International Airport,Dasman Lounge,,"Airside - After passport control and security check, the lounge is located opposite gates 22 and 23.","INTERNATIONAL DEPARTURE, INTERNATIONAL ARRIVAL",,Terminal 1,,International,,
N00075,YYZ,Toronto Pearson International Airport,Plaza Premium Lounge (US Transborder),,"Airside - After passport control and security check, the lounge is located next to gates F53 and F55.",,,Terminal 1,,,,
N04598,EZE,Ministro Pistarini International Airport,BBVA Lounge,,"Airside - After passport control and security check, the lounge is located next to Gate 8.",INTERNATIONAL DEPARTURE,,Main Terminal,,International,,
N04152,IST,Istanbul Airport,iGA Pop-up Lounge,,"Airside - After passport control and security check, the lounge is located next to Gate A6.",INTERNATIONAL DEPARTURE,,International Terminal,,International,,
N04278,AQI,Al Qaisumah-Hafar Al Batin Airport,Hayyak Lounge,,"Airside - After passport control and security check, the lounge is located on the right.",INTERNATIONAL DEPARTURE,,Terminal 1,,International,,
N04279,ACC,Kotoka International Airport,Sanbra Business & Priority Lounge,,"Airside - After passport control and security check, the lounge is located on level 3 opposite gate C2/C3",INTERNATIONAL DEPARTURE,,Terminal 3,,International,,
N03000,ORY,Paris Orly Airport,Primeclass Lounge,,"Airside - After passport control and security check, take the elevator to level 3, the lounge is located near boarding gate F22.",INTERNATIONAL DEPARTURE,,Orly 4,,International,,
N02731,BOG,Bogota El Dorado International Airport,Avianca VIP Lounge (Dom),,"Airside - After passport control and security check, the lounge is located near gate D1. Domestic flights only.",DOMESTIC DEPARTURE,,Terminal 1,,Domestic,,
N03359,SMF,Sacramento International Airport,Escape Lounge,,"Airside - After passport control and security check, the lounge is located on level 2.",DOMESTIC DEPARTURE,,Terminal B,,Domestic,,
N02518,HKT,Phuket International Airport,Blue Ribbon Lounge,,"Airside - After passport control and security check, the lounge is located at domestic terminal near gate 4.",DOMESTIC DEPARTURE,,Terminal 1,,Domestic,,
N03486,YYC,Calgary International Airport,Elevation Lounge,,"Airside - Level 2 of the Domestic Terminal, Concourse B. The lounge is also accessible for passengers departing from Concourse D in the International Terminal. These passengers must first check baggage at the International Terminal and then clear security at Check Point B or C. When leaving, they may proceed to the D gates through the connection point near gates C70-74.",DOMESTIC DEPARTURE,,Domestic Terminal,,Domestic,,
N02873,GRU,Sao Paulo-Guarulhos International Airport,Plaza Premium Lounge,,"Landside - Before passport control and security check, the lounge is located near check-in area D.",DOMESTIC ARRIVAL,,Terminal 2,,Domestic,,
N02463,SLL,Salalah Airport,Al Khareef Lounge,,"Airside - After passport control and security, the lounge is located near gate 3B.",INTERNATIONAL DEPARTURE,,Main Terminal,,International,,
N02368,MED,Prince Mohammad bin Abdulaziz International Airport,Wellcome Lounge,,"Airside - After passport control and security check, the lounge is located near gate 8.",DOMESTIC DEPARTURE,,Main Terminal,,Domestic,,
N02376,DFW,Dallas/Fort Worth International Airport,Plaza Premium Lounge,,"Airside - After passport control and security check, the lounge is located near gate E31, Terminal E.",DOMESTIC DEPARTURE,,Terminal E,,Domestic,,
N00701,KTW,Katowice International Airport,Business Lounge,,Airside - The lounge is located on the second floor.,INTERNATIONAL DEPARTURE,,Terminal B,,International,,
N00607,MXP,Milan Malpensa Airport,Montale Exclusive,,"Airside - After passport control and security check, the lounge is located in the Non - Schengen area, close to boarding area B.",INTERNATIONAL DEPARTURE,,Terminal 1,,International,,
N00610,SHE,Taoxian International Airport,Easy-boarding VIP Reception Center,,"Landside - Before passport control and security check, the reception counter is located beside Gate 1 in Departure Hall.""",DOMESTIC DEPARTURE,,Terminal 3,,Domestic,,
N01126,SFO,San Francisco International Airport,Golden Gate Lounge,,"Airside - After passport control and security check, concourse A, first left after the TSA checkpoint.",INTERNATIONAL DEPARTURE,,International Terminal,,International,,
N00857,MAN,Manchester International Airport,Escape Lounge,,Airside - Proceed through security checks and the Duty Free area then use the escalator or lift to Mezzanine level (3) and follow the signs for Escape/1903 lounges.,"INTERNATIONAL DEPARTURE, DOMESTIC DEPARTURE",,Terminal 2,,International/Domestic,,
N04604,HRE,Harare International Airport,Pearl Lounge,,"Airside - After passport control and security check, the lounge is located next to gate 5. Please follow the signs for Pearl Lounge.",INTERNATIONAL DEPARTURE,,International Terminal,,International,,
N05122,REC,Recife/Guararapes-Gilberto Freyre International Airport,W Lounge Recife Sao Joao,,"Airside - After passport control and security check, the lounge is located on the left.",DOMESTIC DEPARTURE,,Main Terminal,,Domestic,,
N00346,YUL,Montreal International Airport,National Bank Lounge,,Airside - After security check. The lounge is located near boarding gate 53.,INTERNATIONAL DEPARTURE,,Main Terminal,,International,,
N00128,LHR,London Heathrow Airport,No1 Heathrow,,"Airside - After passport control and security check, follow the walkway to the left of the duty free shop and follow signs for 'Airport Lounges' and 'Gates 13 - 22'. The lounge is located on level 1 and is accessible via lifts or stairs.",INTERNATIONAL DEPARTURE,,Terminal 3,,International,,
N00083,YVR,Vancouver International Airport,Plaza Premium International Lounge,,"Airside - After passport control and security check, adjacent to the food court and Duty Free shopping, the lounge is located between Gate D67 and D68.",INTERNATIONAL DEPARTURE,,International Terminal,,International,,
N04286,SAW,Sabiha Gokcen International Airport,Plaza Premium Lounge Marmara,,Airside - After passport control the lounge is located between gate 204 and 205,INTERNATIONAL DEPARTURE,,International Terminal,,International,,
N02837,GRU,Sao Paulo-Guarulhos International Airport,Plaza Premium Lounge,,"Airside - After passport control and security check, the lounge is located on the mezzanine level near gates 201/250.",DOMESTIC DEPARTURE,,Terminal 2,,Domestic,,
N03489,JFK,John F.Kennedy International Airport,Turkish Airlines Lounge,,"Airside - After passport control and security check, the lounge is located on the right.",INTERNATIONAL DEPARTURE,,Terminal 1,,International,,
N03066,GBE,Sir Seretse Khama International Airport,Nthula Lounge (Domestic),,"Airside - After passport control and security check, take the stairs or lift to level 1 and the lounge is located on the left.",DOMESTIC DEPARTURE,,Main Terminal,,Domestic,,
N02459,DOH,Hamad International Airport,Sleepover South Node,,"Airside - After security check, the lounge is located near the iconic Teddy Bear sculpture inside the corridor next to the Fendi outlet.",INTERNATIONAL DEPARTURE,,Main Terminal,,International,,
N01627,PMI,Palma de Mallorca Airport,Sala VIP Mediterraneo,,Airside - Pass through security control and follow the signs to Module C where the lounge is located.,"DOMESTIC DEPARTURE, DOMESTIC ARRIVAL",,Main Terminal,,Domestic,,
N02360,DMM,King Fahd International Airport,Flynas Lounge,,"Airside - After security check, the lounge is located on the right near gate 21.",DOMESTIC DEPARTURE,,Main Terminal,,Domestic,,
N00407,SHE,Taoxian International Airport,International First Class Lounge,,"Airside - After passport control and security check, go straight till the end of the corridor and then turn right; up to level 2 where the lounge is located.",INTERNATIONAL DEPARTURE,,Terminal 3,,International,,
N00523,ZRH,Zurich Airport,Aspire ONE Lounge,,"Airside - Dock B, after passport control and security check, head towards Gates B, after passing the ""Chalet Suisse"" restaurant the lounge is located on the third floor.","DOMESTIC DEPARTURE, DOMESTIC ARRIVAL",,Terminal 1,,Domestic,,
N00869,MPM,Maputo International Airport,Executivo 2000,,"Airside - After passport control and security check, turn left and walk 75 to 80 metres to the end of the hall. The lounge is located opposite gate 1 in the main departure hall.",INTERNATIONAL DEPARTURE,,Terminal A,,International,,
N00421,ZRH,Zurich Airport,Marhaba Lounge,,"Airside - After passport control and security check, the lounge is located on level 2, above Terminal B/D.",INTERNATIONAL DEPARTURE,,Main Terminal_Airside Center,,International,,
N01273,MED,Prince Mohammad bin Abdulaziz International Airport,Primeclass Lounge,,"Airside - After passport control and security check, the lounge is located after the restaurants on level 1.",INTERNATIONAL DEPARTURE,,Main Terminal,,International,,
N00430,ACC,Kotoka International Airport,Akwaaba Lounge,,"Airside - After passport control and security check, the lounge is located near boarding gate 2.",INTERNATIONAL DEPARTURE,,Terminal 3,,International,,
N01160,DXB,Dubai International Airport,Ahlan Business Class Lounge (Concourse D),,"Airside - After passport control and security check, the lounge is located in departures area near the food court.",INTERNATIONAL DEPARTURE,,Terminal 1,,International,,
N00438,MAD,Adolfo Suarez Madrid-Barajas Airport,Sala VIP Puerta de Alcala,,"Airside - After passport control, the lounge is located near boarding gate D62. Available to passengers departing from terminals 2 and 3, zones C and D only.",INTERNATIONAL DEPARTURE,,Terminal 2,,International,,
N05113,BEL,Val de Cans International Airport,W Lounge Belém,,"Airside -  After passport control and security check, the lounge is located near gate 10.","INTERNATIONAL DEPARTURE, DOMESTIC DEPARTURE",,Main Terminal,,International/Domestic,,
N00661,KWI,Kuwait International Airport,Dasman Premier Lounge,,"Airside - After passport control and security check, walk straight and the lounge is located on the right near Gate 26",INTERNATIONAL DEPARTURE,,Terminal 1,,International,,
N00215,MAN,Manchester International Airport,Aspire Lounge,,"Airside - After passport control and security check, proceed through Duty Free and follow signs for ""Executive Lounge""",INTERNATIONAL DEPARTURE,,Terminal 3,,International,,
N05007,DMM,King Fahd International Airport,Wellcome Lounge,,"Airside - After passport control and security check, turn left, the lounge is located opposite gate 117.",DOMESTIC DEPARTURE,,Main Terminal,,Domestic,,
N00442,PMI,Palma de Mallorca Airport,Sala VIP Formentor,,"Airside - After check - in, the lounge is located in the boarding area of Module D, level 0.",INTERNATIONAL DEPARTURE,,Main Terminal,,International,,
N05126,FOR,Fortaleza International Airport,W Arrival Lounge Fortaleza,,"Landside - The lounge is located before passport control and security check, in front of Door 5, near the Military Police Station.","DOMESTIC DEPARTURE, DOMESTIC ARRIVAL",,Main Terminal,,Domestic,,
N00118,ATH,Athens International Airport,Goldair Handling Lounge,,"Airside - After security checks in the main terminal building. The lounge is located in the Intra Schengen area of the departure hall on level 1, opposite gate B13.","DOMESTIC DEPARTURE, DOMESTIC ARRIVAL",,Main Terminal_Hall B,,Domestic,,
N04401,SFO,San Francisco International Airport,China Airlines Dynasty Lounge,,"Airside - After passport control and security check, the lounge is located in Concourse A on Level 4.",INTERNATIONAL DEPARTURE,,International Terminal,,International,,
N00688,LGW,London Gatwick Airport,My Lounge Gatwick North,,"Airside - After passport control and security check, turn left into the main departure hall and follow signs for 'Lounges'. The lounge is located on the left as you enter the Lounge Pavilion.","INTERNATIONAL DEPARTURE, DOMESTIC DEPARTURE",,North Terminal,,International/Domestic,,
N05025,EZE,Ministro Pistarini International Airport,Star Alliance Lounge,,"Airside - After passport control and security check, the lounge is located opposite gate 9.",INTERNATIONAL DEPARTURE,,Main Terminal,,International,,
N00057,DUB,Dublin Airport,The Liffey Lounge,,"Airside - After passport control, proceed through passenger screening and through The Loop retail zone. Take the escalator or lift down to the lounge which is located after turning right on the Airline lounge Level. Follow directional signage. The lounge is not available after US Preclearance.",INTERNATIONAL DEPARTURE,,Terminal 2,,International,,
N00080,YYZ,Toronto Pearson International Airport,Plaza Premium Lounge (Domestic),,"Airside - After passport control and security check, the lounge is located in the departure area.",DOMESTIC DEPARTURE,,Terminal 1,,Domestic,,
N03537,FCO,Rome Fiumicino Airport,Plaza Premium Lounge,,"Airside - After passport control and security check, the lounge is located on the mezzanine level.","INTERNATIONAL DEPARTURE, DOMESTIC DEPARTURE",,Terminal 1,,International/Domestic,,
N04292,POP,Gregorio Luperon International Airport,Larimar Lounge,,Landside - The lounge is located before passport control and security check on Level 1 of the Disembark Area.  The lounge is located on the right of the arrivals walkway.,INTERNATIONAL DEPARTURE,,Main Terminal,,International,,
N03687,DOH,Hamad International Airport,Sleepover North Node,,"Airside - After security check, the lounge is located in the lower level (-1) opposite gates C30 and C31, close to the North Node food court.",INTERNATIONAL DEPARTURE,,Main Terminal,,International,,
N03017,ABV,Nnamdi Azikiwe International Airport,Pearl Lounge,,"Airside - After passport control and security check, the lounge is located on level 3 next to the transit hotel.",INTERNATIONAL DEPARTURE,,International Terminal,,International,,
N03692,MXP,Milan Malpensa Airport,Gae Aulenti Premium Lounge (Additional Charges Apply),,"Airside - After passport control and security check, the lounge is located in the Extra Schengen Area, next to gates B50 - B58. Entry to this lounge requires an additional charge of EUR 10 per visit on top of 1 lounge visit payable to the lounge on entry.",INTERNATIONAL DEPARTURE,,Terminal 1,,International,,
N03139,EDI,Edinburgh Airport,Turkish Airlines Lounge by Plaza Premium Group,,"Airside -  After security check and passport control, the lounge is located near Gate 13.","INTERNATIONAL DEPARTURE, DOMESTIC DEPARTURE",,Main Terminal,,International/Domestic,,
N02657,YUL,Montreal International Airport,Air France and KLM Lounge Managed by Plaza Premium Group,,"Airside - After passport control and security check, the lounge is located near boarding gate 57.",INTERNATIONAL DEPARTURE,,Main Terminal,,International,,
N00908,PUJ,Punta Cana International Airport,VIP Lounge,,"Airside - After passport control and security check, the lounge is located next to gate 24.",INTERNATIONAL DEPARTURE,,Terminal B,,International,,
N01307,YYC,Calgary International Airport,Aspire Lounge International,,"Airside - After passport control and security check, follow signs for 'Lounge'. At Chili's, proceed to the lounge lobby, entering the lifts at the end. Take the lift to the lounge entrance.",INTERNATIONAL DEPARTURE,,International Terminal_Concourse D,,International,,
N01340,NBO,Jomo Kenyatta International Airport,Aspire Lounge,,"Airside - After passport control and security check, the lounge is opposite gate 11.",INTERNATIONAL DEPARTURE,,Terminal 1B,,International,,
N04718,MXP,Milan Malpensa Airport,Pergolesi Classic Lounge,,"Airside - After passport control and security check, the lounge is located near gates B71 - B83.",INTERNATIONAL DEPARTURE,,Terminal 1,,International,,
N05119,GRU,Sao Paulo-Guarulhos International Airport,W Premium Lounge - The West,,"Airside - After passport control and security check, the lounge is located on the right.",DOMESTIC DEPARTURE,,Terminal 2,,Domestic,,
N05123,REC,Recife/Guararapes-Gilberto Freyre International Airport,W Lounge 'Frevo',,"Airside - After passport control and security check, the lounge is located above Gate 17.",INTERNATIONAL DEPARTURE,,Main Terminal,,International,,
N04402,YUL,Montreal International Airport,Desjardins Odyssey Lounge - Plaza Premium Lounge,,"Airside - After security check , the lounge is located in the US transborder departures above Gate 81.",,,U.S. preclearance,,,,
N04319,DOH,Hamad International Airport,Be Relax Concourse A,,"After the security check, proceed to Concourse A. We are located between Coach and Diesel stores.",INTERNATIONAL DEPARTURE,,Main Terminal,,International,,
N00167,ATH,Athens International Airport,Skyserv Melina Merkouri Lounge,,"Airside - After security checks and passport control, near gate B11 in the Schengen area.",INTERNATIONAL DEPARTURE,,Main Terminal_Hall B,,International,,
N00177,ACC,Kotoka International Airport,Adinkra Lounge,,"Airside - After security check, turn right and walk towards gate C4. Follow signs to the lounge then take the lift to the 5th floor.",INTERNATIONAL DEPARTURE,,Terminal 3,,International,,
N01706,LGW,London Gatwick Airport,Clubrooms (Additional Charges Apply),,"Airside - After passport control and security check, take the elevator to the first floor and the lounge is on the left.**Entry to this lounge requires an additional charge of GBP15 per visit on top of 1 lounge visit payable to the lounge on entry.","INTERNATIONAL DEPARTURE, DOMESTIC DEPARTURE",,North Terminal,,International/Domestic,,
N01125,JFK,John F.Kennedy International Airport,Air France Lounge,,Airside - The lounge is located near the Air France boarding area by gate 1.,INTERNATIONAL DEPARTURE,,Terminal 1,,International,,
N05100,PUJ,Punta Cana International Airport,VIP Lounge,,"Airside - After security check and passport control, proceed pass the food court area. The lounge is located on the 2nd floor after gate 29.",INTERNATIONAL DEPARTURE,,Terminal B,,International,,
N04607,HRE,Harare International Airport,Vhakacha Lounge,,"Airside - After passport control and before security check, turn right after Duty Free and follow signage to Cafe Nush, take the stairs just before Cafe Nush to the lower level, the lounge is located opposite Gate 8.",INTERNATIONAL DEPARTURE,,International Terminal,,International,,
N00439,MAD,Adolfo Suarez Madrid-Barajas Airport,Sala VIP Puerta del Sol,,"Airside - After passport control, proceed to the boarding area and take the stairs next to gate E69 up to level 1 where the lounge is located.",INTERNATIONAL DEPARTURE,,Terminal 3,,International,,
N05005,CAI,Cairo International Airport,Ahlein Emerald Lounge,,"Airside - After passport control and security check, take the escalator/elevator to Level 1, the lounge is located on the right.",INTERNATIONAL DEPARTURE,,Terminal 2,,International,,
N04738,NBO,Jomo Kenyatta International Airport,Asante Lounge,,"Airside - After passport control and security check, the lounge is located on Level 1 next to gate 6.",INTERNATIONAL DEPARTURE,,Terminal 1C,,International,,
N04320,DOH,Hamad International Airport,Be Relax Concourse C,,"After the security check - Concourse C, behind the big Teddy Bear",INTERNATIONAL DEPARTURE,,Main Terminal,,International,,
N00182,SKG,Thessaloniki Airport,Skyserv Lounge,,"Airside - After passport control and security checks, turn right and pass through Duty Free. The lounge is located up the stairs near gate 12.",INTERNATIONAL DEPARTURE,,Terminal 2,,International,,
N02315,ABV,Nnamdi Azikiwe International Airport,Airspace Lounge,,"Airside - After passport control and security check, the lounge is located on the right near the boarding gates.",DOMESTIC DEPARTURE,,Domestic Terminal,,Domestic,,
N02238,DXB,Dubai International Airport,Sleepover Concourse D,,"Airside - After security check, the lounge is located in concourse D in front of gate D6 and D7",INTERNATIONAL DEPARTURE,,Terminal 1,,International,,
N02058,CUN,Cancun International Airport,VIP lounge by MERA Domestic,,"Airside - After the security checkpoint, go past the duty free shops, continue to the boarding gates and turn left towards gate 54. Take the elevator next to the Maison Kayser restaurant and the lounge entrance is located downstairs.",DOMESTIC DEPARTURE,,Terminal 4,,Domestic,,
N00871,JFK,John F.Kennedy International Airport,KAL Lounge,,"Airside - After security check, the lounge is located on the right hand side, opposite gate 3.","INTERNATIONAL DEPARTURE, DOMESTIC DEPARTURE",,Terminal 1,,International/Domestic,,
N04609,MXP,Milan Malpensa Airport,Alda Merini Classic Lounge,,"Airside - After passport control and security check, the lounge is located next to Gate D22.","INTERNATIONAL DEPARTURE, DOMESTIC DEPARTURE",,Terminal 2,,International/Domestic,,
N04739,NBO,Jomo Kenyatta International Airport,Msafiri Lounge,,"Airside - After passport control and security check, the lounge is located on the ground level.",DOMESTIC DEPARTURE,,Terminal 1D,,Domestic,,
N00564,SAW,Sabiha Gokcen International Airport,Plaza Premium Lounge,,"Airside - After passport control, the lounge is located near gates 206.",DOMESTIC DEPARTURE,,Domestic Terminal,,Domestic,,
N05130,LHR,London Heathrow Airport,Clubrooms (Additional Charges Apply),,"Airside - After passport control and security check, head towards Gate 10 and follow signs for ""Lounge F"" and ""No1 Lounge"".",INTERNATIONAL DEPARTURE,,Terminal 3,,International,,
N00345,YYC,Calgary International Airport,Aspire Lounge Transborder,,"Airside - After clearing US Customs, proceed through Duty Free and turn left. The lounge is located 1 min walk from security and is only accessible to passengers departing from Concourse E for US transborder departures.",INTERNATIONAL DEPARTURE,,International Terminal,,International,,
N04321,DOH,Hamad International Airport,Be Relax Concourse D/E,,After the security check - proceed to Concourse D/E and we are at the junction,INTERNATIONAL DEPARTURE,,Main Terminal,,International,,
N00084,YVR,Vancouver International Airport,Plaza Premium Lounge (US Transborder),,"Airside - After passport control and security check, across from gate E87.",INTERNATIONAL DEPARTURE,,International Terminal,,International,,
N04150,AUH,Abu Dhabi International Airport,Pearl Lounge,,"Airside - After passport control and security check, the lounge is located on level 5.",INTERNATIONAL DEPARTURE,,Terminal A,,International,,
N02208,EDI,Edinburgh Airport,Aspire Lounge (Gate 16),,"Airside - After security check and passport control, pass through the duty free shop and follow signs for Aspire Lounge Gate 16.","INTERNATIONAL DEPARTURE, DOMESTIC DEPARTURE",,Main Terminal,,International/Domestic,,
N01690,GRU,Sao Paulo-Guarulhos International Airport,Lounge GOL Smiles,,"Airside - International departure floor, pass security checks, turn left and take the escalator to the next floor. The lounge is located on the left.",INTERNATIONAL DEPARTURE,,Terminal 2,,International,,
N00856,MAN,Manchester International Airport,Escape Lounge,,"Airside - After passport control and security check, follow the signs for Premium Lounges. Turn left past WHSmith, then go right through the double doors toward the gates. Turn right again and keep following the Premium Lounge signs. Take the stairs or lift - the lounge is at the top, on the left.","INTERNATIONAL DEPARTURE, DOMESTIC DEPARTURE",,Terminal 3,,International/Domestic,,
N05103,DXB,Dubai International Airport,Ahlan Lounge (Concourse D),,"Airside - After passport control and security check, the lounge is located on the level above boarding gates and duty free.",INTERNATIONAL DEPARTURE,,Terminal 1,,International,,
N04603,HRE,Harare International Airport,Blueberry Premium Lounge,,"Airside - After passport control and security check, the lounge is located next to gate 10.",INTERNATIONAL DEPARTURE,,International Terminal,,International,,
N00547,SCL,Comodoro Arturo Merino Benitez International Airport,Salon Pacific Club Nacional,,"Airside - After passport control and security check, the lounge is located near gate B05.",DOMESTIC DEPARTURE,,Domestic Terminal,,Domestic,,
N00428,MUC,Munich Airport,Airport Lounge Europe,,"Airside - After passport control and security check, take the stairs or elevator to the transfer corridor and follow signs to level 5, module D. Schengen flights only.",DOMESTIC DEPARTURE,,Terminal 1,,Domestic,,
N05125,FOR,Fortaleza International Airport,W Premium Lounge Fortaleza,,"Airside - Located after the security check, near Gates 12 and 13, just past the Duty Free.",DOMESTIC DEPARTURE,,Main Terminal,,Domestic,,
N00338,LOS,Murtala Muhammed International Airport,Oasis Executive Lounge,,"Airside - After passport control and security check, the lounge is located on the boarding gate walkway, next to gate 4.",INTERNATIONAL DEPARTURE,,Terminal 2,,International,,
N04731,ATH,Athens International Airport,AIA operated by Goldair Handling,,"Airside - the lounge is located on Level 2 of the Departure Level, Satellite Terminal Building, after passing through security control, near Gate C34.","INTERNATIONAL DEPARTURE, DOMESTIC DEPARTURE",,Satellite Terminal,,International/Domestic,,
N03725,NNG,Wuxu International Airport,Concept Bookstore Waiting Room (T2 Dom),,Airside - the lounge is located opposite Gate 23.,DOMESTIC DEPARTURE,,Terminal 2,,Domestic,,
N04136,MPM,Maputo International Airport,Executivo 2000 - Partidas Domesticas,,"Airside - After passport control and security check, the lounge is located on the first floor next to the restaurant and smoking room.",DOMESTIC DEPARTURE,,Terminal B,,Domestic,,
N04146,FCO,Rome Fiumicino Airport,Primeclass Lounge,,"Airside - After passport control but before security check, lounge is located in boarding area A, Gates 61 - 83",DOMESTIC DEPARTURE,,Terminal 1,,Domestic,,
N04398,LXR,Luxor International Airport,Pearl Lounge (Domestic),,Airside - After final security check turn left and the lounge is located on the right.,DOMESTIC DEPARTURE,,Main Terminal,,Domestic,,
N04281,IST,Istanbul Airport,iGA Sleepod,,"Airside - After passport control and security check, the lounge is located next to D Gates.",INTERNATIONAL DEPARTURE,,International Terminal,,International,,
N04283,EZE,Ministro Pistarini International Airport,LATAM Lounge,,"Airside - After passport control and security check, the lounge is located on level 2 opposite Gate 9.",INTERNATIONAL DEPARTURE,,Main Terminal,,International,,
N04291,NBO,Jomo Kenyatta International Airport,Plaza Premium Lounge,,"Airside - After passport control and security check, the lounge is located on level 2 next to gate 4.",INTERNATIONAL DEPARTURE,,Terminal 1C,,International,,
N02314,ABV,Nnamdi Azikiwe International Airport,Lounge One,,"Airside - After passport control and security check, the lounge is located on the right near the departure gates.",DOMESTIC DEPARTURE,,Domestic Terminal,,Domestic,,
N03497,LHR,London Heathrow Airport,Blush Lounge by Plaza Premium Group,,"Airside - After passport control and security check, the lounge is located next to Gate 2.","INTERNATIONAL DEPARTURE, DOMESTIC DEPARTURE",,Terminal 4,,International/Domestic,,
N03499,EZE,Ministro Pistarini International Airport,Ezeiza Lounge,,"Airside - After passport control and security check, the lounge is located near gate 23.",INTERNATIONAL DEPARTURE,,Main Terminal,,International,,
N01710,YVR,Vancouver International Airport,Skyteam VIP Lounge,,"Airside - After security check, the lounge is located in the west wing of Concourse D.",INTERNATIONAL DEPARTURE,,International Terminal,,International,,
N01600,YYZ,Toronto Pearson International Airport,Plaza Premium Lounge (US Transborder),,"Airside - Terminal 3, US Transborder (near gate A10 )","INTERNATIONAL DEPARTURE, DOMESTIC DEPARTURE",,Terminal 3,,International/Domestic,,
N02222,CAI,Cairo International Airport,Ahlein Premium Lounge,,"Airside - After passport control and security control, turn right before the duty free shops. An 'Ahlein Premium Lounge' sign is displayed at the reception desk to welcome visitors.",INTERNATIONAL DEPARTURE,,Terminal 2,,International,,
N02022,SIN,Singapore Changi Airport,Changi Lounge,,"Landside-  The lounge is located after Arrival Immigration on Level 1 of Jewel Changi Airport (Public Area), near Lift Lobby E and opposite the Early Check-in counters.",INTERNATIONAL ARRIVAL,,Jewel Changi,,International,,
N02059,CUN,Cancun International Airport,VIP lounge by MERA International,,"Airside - After security, go past the duty free shops, continue to the boarding gate area and turn right towards gates 67A to 68F, and the lounge entrance is located down the escalators.",INTERNATIONAL DEPARTURE,,Terminal 4,,International,,
N01677,ZRH,Zurich Airport,Primeclass Lounge,,"Airside - After passport control and security check, take the elevator or stairs from the 2nd floor departures level up to the 3rd floor. Follow signs to the lounge which is located by gate E46.",INTERNATIONAL DEPARTURE,,Terminal E,,International,,
N01689,GRU,Sao Paulo-Guarulhos International Airport,Lounge GOL Smiles,,"Airside - From the domestic departure floor, after security check, turn right. At the end of the hall, turn right and take the escalator/elevator to the next floor.",DOMESTIC DEPARTURE,,Terminal 2,,Domestic,,
N00510,HRE,Harare International Airport,Khami Lounge,,"Airside - After passport control and security check, turn left after Duty Free, the lounge is located opposite Gate 11",INTERNATIONAL DEPARTURE,,International Terminal,,International,,
N00745,POP,Gregorio Luperon International Airport,Sala Ambar,,"Airside - After passport control and security check, the lounge is located near gate B5.","INTERNATIONAL DEPARTURE, DOMESTIC DEPARTURE",,Terminal 1,,International/Domestic,,
N05018,ABV,Nnamdi Azikiwe International Airport,@9TYSIX VIP Lounge,,"Airside - After passport control and security check, the lounge is located on level 2.",DOMESTIC DEPARTURE,,Domestic Terminal,,Domestic,,
N00052,DXB,Dubai International Airport,Marhaba Lounge,,"Airside - After passport control and security check, the lounge is located in the departure area, beyond security clearance opposite gates F3/F4.",INTERNATIONAL DEPARTURE,,Terminal 2,,International,,
N03535,RUH,King Khalid International Airport,Hayyak Lounge,,"Airside - After passport control and security check, the lounge is located straight past Subway.",DOMESTIC DEPARTURE,,Terminal 3,,Domestic,,
N01904,BHX,Birmingham Airport,Clubrooms (Additional Charges Apply),,"Airside - After passport control and security check, the lounge is located in the departures pier, near gate 54.**Entry to this lounge requires an additional charge of 15 GBP per visit on top of 1 lounge visit which is payable to the lounge on entry.","INTERNATIONAL DEPARTURE, DOMESTIC DEPARTURE",,Main Terminal,,International/Domestic,,
N02235,IST,Istanbul Airport,iGA Lounge,,"Airside - After security check, proceed to the main duty free area (also known as the Bosphorus area), the lounge is located on the second floor.",INTERNATIONAL DEPARTURE,,International Terminal,,International,,
N00530,MAD,Adolfo Suarez Madrid-Barajas Airport,Sala VIP Plaza Mayor,,"Airside - After passport control and security check, the lounge is located on level 1, adjacent to the AENA exhibition room.",INTERNATIONAL DEPARTURE,,Terminal 4,,International,,
N01278,CAI,Cairo International Airport,CAC Lounge by Plaza Premium Lounge & EAS,,"Airside - After passport control and security check, take the first right, the lounge is located before the free duty shopping area.",INTERNATIONAL DEPARTURE,,Terminal 2,,International,,
N00131,LGW,London Gatwick Airport,No1 Gatwick South,,"Airside - After passport control and security check, from the main departure hall (upper level) follow signs for 'No1 Lounges'. The lounge can be accessed via the corridor between Dixons and JD sports.",INTERNATIONAL DEPARTURE,,South Terminal,,International,,
N03622,XIY,Xianyang International Airport,South Airline Pearl Lounge(T3 Domestic),,"After security check,take the elevator and go down.",DOMESTIC DEPARTURE,,Terminal 5,,Domestic,,
N04145,NBO,Jomo Kenyatta International Airport,Turkish Airlines - Star Alliance Lounge,,"Airside - After passport control and security check, the lounge is located at Terminal 1E, next to gate 3.",INTERNATIONAL DEPARTURE,,Terminal 1E,,International,,
N00806,LHR,London Heathrow Airport,Plaza Premium Lounge,,"Airside - After passport control and security check, the lounge is located near boarding gate 10.",INTERNATIONAL DEPARTURE,,Terminal 4,,International,,
N01654,FCO,Rome Fiumicino Airport,Plaza Premium Lounge,,"Airside - After passport control and security check, follow signs for Gate E1-E44 (Extra Schengen area). Proceed through Duty Free, take the escalator or elevator located near Gates E1-E4 up one level. The lounge entrance is located adjacent to the British Airways Lounge.",INTERNATIONAL DEPARTURE,,Terminal 3,,International,,
N02081,GRU,Sao Paulo-Guarulhos International Airport,Tryp Gru Airport,,"Airside - Cardholders must first register at the hotel reception desk. The hotel is located after passport control on Level 1 on the right side, after the Tag Heuer store and is located in front of the Hudson News and Adidas stores.",INTERNATIONAL DEPARTURE,,Terminal 3,,International,,
N00081,YYZ,Toronto Pearson International Airport,Plaza Premium Lounge (Domestic),,"Airside - After passport control and security check for domestic flights, turn right and pass gate B23. The lounge is on your left between gates B23 and B22.",DOMESTIC DEPARTURE,,Terminal 3,,Domestic,,
N02294,DXB,Dubai International Airport,Plaza Premium Lounge (Concourse A),,"Airside - After passport control and security check, the lounge is located on the mezzanine level.",INTERNATIONAL DEPARTURE,,Terminal 3,,International,,
N01597,LHR,London Heathrow Airport,Plaza Premium Lounge,,"Airside - After security check, the lounge is located on the ground level in the international departure area.",INTERNATIONAL DEPARTURE,,Terminal 5,,International,,
N00051,DXB,Dubai International Airport,Marhaba Lounge (Concourse A),,"Airside - After passport control and security check, the lounge is located on the departure level, between gate A2 and A3.",INTERNATIONAL DEPARTURE,,Terminal 3,,International,,
N04135,FCO,Rome Fiumicino Airport,Prima Vista Lounge Portus,,"Airside - After passport control and security check, the lounge is located in the transit area close to gates E51 - E61. Non-Schengen flights only.",INTERNATIONAL DEPARTURE,,Terminal 3,,International,,
N03684,CAI,Cairo International Airport,CAC Lounge by Plaza Premium Lounge & EAS,,"Airside - After passport control and security check, the lounge is located on the right.",INTERNATIONAL DEPARTURE,,Terminal 3,,International,,
N01905,LGW,London Gatwick Airport,My Lounge Gatwick South,,"Airside - After passport control and security check, follow signs for 'Airport Lounges' and 'My Lounge'. The lounge is located on the upper level of the departure hall.","INTERNATIONAL DEPARTURE, DOMESTIC DEPARTURE",,South Terminal,,International/Domestic,,
N02654,GRU,Sao Paulo-Guarulhos International Airport,LATAM VIP Lounge,,"Airside - After passport control and security check, the lounge is located on the 3rd floor.",INTERNATIONAL DEPARTURE,,Terminal 3,,International,,
N00529,MAD,Adolfo Suarez Madrid-Barajas Airport,Sala VIP Neptuno,,"Airside - After passport control and security check, the lounge is located on level 2 (yellow sector). The glass door indicates the entrance to the lounge.",INTERNATIONAL DEPARTURE,,Terminal 4S,,International,,
N04601,RUH,King Khalid International Airport,Hayyak VIP Lounge,,"Airside - After passport control and security check, the lounge is located on the first floor next to Gate 509.",INTERNATIONAL DEPARTURE,,Terminal 5,,International,,
N02209,DXB,Dubai International Airport,Sleepover Concourse A,,"Airside - After security check, the lounge is located in the duty free area opposite gate A1.",INTERNATIONAL DEPARTURE,,Terminal 3,,International,,
N01251,NBO,Jomo Kenyatta International Airport,Mara Lounge,,"Airside - After passport control and security check, the lounge is located near gate 6.",INTERNATIONAL DEPARTURE,,Terminal 2,,International,,
N05118,GRU,Sao Paulo-Guarulhos International Airport,W Premium Lounge - The Pier,,"Airside - After passport control and security check, the lounge is located next to gate 328.",INTERNATIONAL DEPARTURE,,Terminal 3,,International,,
N05383,FOR,Fortaleza International Airport,W Premium Lounge Fortaleza International,,"Airside - After security check and Duty Free turn left, the lounge is located near Gate 2.",INTERNATIONAL DEPARTURE,,Main Terminal,,International,,
N00078,YYZ,Toronto Pearson International Airport,Plaza Premium Lounge (International),,"Airside - After passport control and security check, the lounge is located near gate C32.",INTERNATIONAL DEPARTURE,,Terminal 3,,International,,
N04288,CAI,Cairo International Airport,Ahlein Premium Lounge -T3,,"Airside - After passport control and security check, the lounge is located on the right on Level 3.",INTERNATIONAL DEPARTURE,,Terminal 3,,International,,
N01705,LGW,London Gatwick Airport,Clubrooms (Additional Charges Apply),,"Airside - After passport control and security check, the lounge is located on the mezzanine level. **Entry to this lounge requires an additional charge of  GBP15 per visit on top of 1 lounge visit payable to the lounge on entry.","INTERNATIONAL DEPARTURE, DOMESTIC DEPARTURE",,South Terminal,,International/Domestic,,
N03146,DXB,Dubai International Airport,Ahlan Lounge @ Gate A1,,"Airside - After passport control and security check, the lounge is located on level 6.",INTERNATIONAL DEPARTURE,,Terminal 3,,International,,
N02359,RUH,King Khalid International Airport,Flynas Lounge,,"Airside - After security check, the lounge is located near boarding gate 509-B.",INTERNATIONAL DEPARTURE,,Terminal 5,,International,,
N00696,CAI,Cairo International Airport,CAC Lounge by Plaza Premium Lounge & EAS,,"Airside - After passport control and security check, proceed straight ahead and turn left before entering Duty Free. Continue walking for approximately 50 meters.",INTERNATIONAL DEPARTURE,,Terminal 3,,International,,
N00865,LOS,Murtala Muhammed International Airport,Skyway Premium Lounge,,"Airside - After passport control and security check, turn left and the lounge is located immediately ahead. Signage is also available.",INTERNATIONAL DEPARTURE,,International Terminal,,International,,
N01270,HKT,Phuket International Airport,The Coral Executive Lounge (International Departure),,"Airside - Located on Level 4, Departure Hall, International Terminal, Phuket International Airport. The lounge is situated airside, after Immigration and Security Control.",INTERNATIONAL DEPARTURE,,Terminal 1,,International,,
N03724,NNG,Wuxu International Airport,Concept Bookstore Waiting Room (T2 Dom),,Airside - the lounge is located after a security check of 100 meters.,DOMESTIC DEPARTURE,,Terminal 2,,Domestic,,
N04349,BKK,Suvarnabhumi International Airport,The Coral Finest Business Class Lounge (Cocoon),,"After security check, lounge is located near to gate C1.",INTERNATIONAL DEPARTURE,,International Terminal,,International,,
N00079,YYZ,Toronto Pearson International Airport,Air France - KLM Lounge,,"Airside - After passport control and security check, take the elevator to the AT level, the lounge is located opposite to gate C32.",INTERNATIONAL DEPARTURE,,Terminal 3,,International,,
N04141,BGW,Baghdad International Airport,Iraqi Lounge,,"Airside - After passport control and security check, the lounge is located in the transit area between Concourse B and Concourse C.","INTERNATIONAL DEPARTURE, DOMESTIC DEPARTURE",,Main Terminal,,International/Domestic,,
N00805,SIN,Singapore Changi Airport,Plaza Premium Lounge,,"Airside - After passport control and security check, take the escalator next to gate C1 up to mezzanine level.",INTERNATIONAL DEPARTURE,,Terminal 1,,International,,
N01895,MUC,Munich Airport,Airport Lounge World,,Airside - After security check the lounge is located in the Terminal 1 Pier on level 4.,INTERNATIONAL DEPARTURE,,Terminal 1,,International,,
N01250,NBO,Jomo Kenyatta International Airport,Mount Kenya Lounge,,"Airside - After passport control and security check, the lounge is located near gate 6.",DOMESTIC DEPARTURE,,Terminal 2,,Domestic,,
N00050,DXB,Dubai International Airport,Marhaba Lounge (Concourse B),,"Airside - After passport control and security check, the lounge is located on level 4 towards the north of the concourse, close to Gate B21.",INTERNATIONAL DEPARTURE,,Terminal 3,,International,,
N02281,HKT,Phuket International Airport,Coral Finest Business Class Lounge – Vista,,"Airside - After passport control and security check, turn right at the end of the walk way at 'CIP Lounge'.",INTERNATIONAL DEPARTURE,,Terminal 1,,International,,
N03686,DXB,Dubai International Airport,Sleepover Concourse B,,"Airside - After security check, the lounge is located close to the Emirates Connections desk between gates B14 and B18. The lounge is located opposite the Ferragamo shop.",INTERNATIONAL DEPARTURE,,Terminal 3,,International,,
N00642,DXB,Dubai International Airport,Ahlan Lounge Executive Floor,,"Airside - After passport control and security check, the lounge is located next to gate B22 on the departure level.",INTERNATIONAL DEPARTURE,,Terminal 3,,International,,
N00110,BKK,Suvarnabhumi International Airport,Miracle First Class Lounge,,"Airside - After passport control and security check, the lounge is located at Concourse C, Down to Level 3 (East Side of the Main Terminal).",INTERNATIONAL DEPARTURE,,International Terminal,,International,,
N04602,LOS,Murtala Muhammed International Airport,LSG Things Remembered Lounge,,"Airside - After passport control and security check, the lounge is located on Level 1.",INTERNATIONAL DEPARTURE,,Terminal 2,,International,,
N02533,DXB,Dubai International Airport,Sleepover Concourse C,,"Airside - After security check, the lounge is located at the central lower level in the heart of the C-gates. behind the duty free area. However, check-in is at the main reception at departure gate level between gates C16 and C14.",INTERNATIONAL DEPARTURE,,Terminal 3,,International,,
N04309,DXB,Dubai International Airport,Game Space,,"Airside - After security check and passport control, Game Space is located in Terminal 3, Concourse B, near Gate B27.",INTERNATIONAL DEPARTURE,,Terminal 3,,International,,
N03536,LOS,Murtala Muhammed International Airport,The Atelier Lounge,,"Airside - After passport control and security check, take the elevator to level 2.",INTERNATIONAL DEPARTURE,,Terminal 2,,International,,
N03524,BGW,Baghdad International Airport,Baghdad Lounge,,"Airside - After passport control and security check, the lounge is located in the transit area between Concourse A and Concourse B.","INTERNATIONAL DEPARTURE, DOMESTIC DEPARTURE",,Main Terminal,,International/Domestic,,
N03756,BKK,Suvarnabhumi International Airport,The Coral Finest Business Class Lounge (Cosmo),,The lounge is located close to Gate C2,INTERNATIONAL DEPARTURE,,International Terminal,,International,,
N03309,MNL,Ninoy Aquino International Airport,A Lounge (T1),,"After Immigration and Final Security Check, to the left (East Concourse), near Gate 2",INTERNATIONAL DEPARTURE,,Terminal 1,,International,,
N04058,DXB,Dubai International Airport,Ahlan Lounge @ Gate C13,,"Airside - After passport control and security check, the lounge is located above Gate C13.","INTERNATIONAL DEPARTURE, DOMESTIC DEPARTURE",,Terminal 3,,International/Domestic,,
N02460,MUC,Munich Airport,Air France KLM Lounge,,"Airside - After passport control and security, the lounge is located near boarding gate D11. Schengen flights only.",INTERNATIONAL DEPARTURE,,Terminal 1,,International,,
N01131,SIN,Singapore Changi Airport,Marhaba Lounge (T1),,"Airside - After passport control and security check, take the escalator in front to the mezzanine level and the Dnata lounge can be found on the right (opposite the Crystal Jade La Mian Xiao Long Bao restaurant).",INTERNATIONAL DEPARTURE,,Terminal 1,,International,,
N00704,MNL,Ninoy Aquino International Airport,PAGSS Lounge,,"Airside - After passport control and security check, the lounge is located right beside gate 2 at East concourse.",INTERNATIONAL DEPARTURE,,Terminal 1,,International,,
N01187,ZRH,Zurich Airport,Aspire SKY Lounge,,"Airside - Dock E, after security control, take the elevator or stairs from the 2nd floor departures level up to the 3rd floor. Follow signs to the lounge which is located above gate E52.",INTERNATIONAL DEPARTURE,,Terminal E,,International,,
N00032,SIN,Singapore Changi Airport,SATS Premier Lounge (T1),,"Airside - After passport control and security check, turn to your right and look out for the wayfinding signage 'Lounges'. The lounge is located on mezzanine (level 3), please refer to the map for more information.",INTERNATIONAL DEPARTURE,,Terminal 1,,International,,
N00179,MNL,Ninoy Aquino International Airport,Marhaba Lounge (T1),,"Airside - After Passport Control and Security Check,turn right facing Starbucks. The lounge is beside Gate 9.",INTERNATIONAL DEPARTURE,,Terminal 1,,International,,
N03315,BKK,Suvarnabhumi International Airport,The Coral Finest Business Class Lounge,,"Airside - After passport control and security check, the lounge is located on the 3rd Floor Concourse D1, International Departure.",INTERNATIONAL DEPARTURE,,International Terminal,,International,,
N01342,BKK,Suvarnabhumi International Airport,Miracle Business Class Lounge,,"Airside - After passport control and security check, the lounge is located on Level 3, Concourse D, opposite to the Boarding Gate D5.",INTERNATIONAL DEPARTURE,,International Terminal,,International,,
N00497,SIN,Singapore Changi Airport,Ambassador Transit Lounge(T2),,"Airside - After passport control and security check, level 3, departure transit lounge south, follow the 'Gym & Lounge' instruction. The lounge is next to 'Sun Flower Garden'.",INTERNATIONAL DEPARTURE,,Terminal 2,,International,,
N01341,BKK,Suvarnabhumi International Airport,Miracle First Class Lounge,,"Airside - After passport control and security check, the lounge is located on Level 3, Concourse D, opposite to the Boarding Gate D6, Level 3",INTERNATIONAL DEPARTURE,,International Terminal,,International,,
N00033,SIN,Singapore Changi Airport,SATS Premier  Lounge (T2),,"Airside - After passport control and security check, facing the departure immigration, turn to your right and look out for the wayfinding signage 'Lounges'. SATS Premier Lounge is located on mezzanine (level 3), please refer to the map for more information.",INTERNATIONAL DEPARTURE,,Terminal 2,,International,,
N00472,CPH,Kastrup Airport,Aspire Lounge,,"Airside - After passing through security, proceed through the Duty Free area. At the end of Duty Free, turn right and head towards Gate A.","INTERNATIONAL DEPARTURE, DOMESTIC DEPARTURE",,Terminal 2,,International/Domestic,,
N00498,SIN,Singapore Changi Airport,Ambassador Transit Lounge(T3),,"Airside - After passport control and security check in north departure transit hall, mezzanine level (level 3). The lounge is located adjacent to Movie Theatre.",INTERNATIONAL DEPARTURE,,Terminal 3,,International,,
N03511,DMK,Don Mueang International Airport,Nok Air  Lounge,,"Airside - After passport control and security check, the lounge is located on 3F,  the walkway between pier 4 and pier 5.",DOMESTIC DEPARTURE,,Terminal 2,,Domestic,,
N03138,VIE,Vienna International Airport,Vienna Lounge (Additional Charges Apply),,"Airside - After security check, before passport control the lounge is located on level 2. After security check follow the signs for the Vienna Lounge.","INTERNATIONAL DEPARTURE, DOMESTIC DEPARTURE",,Terminal 1,,International/Domestic,,
N00111,BKK,Suvarnabhumi International Airport,Miracle First Class Lounge,,"Airside - After passport control and security check, the lounge is located at Concourse F, Down to Level 3 around the corner (West Side of the Main Terminal).",INTERNATIONAL DEPARTURE,,International Terminal,,International,,
N00165,SIN,Singapore Changi Airport,Marhaba Lounge (T3),,"Airside - After passport control and security check, go up the escalator on your right between Louis Vuitton and Lotte, right opposite Singapore Food Street.",INTERNATIONAL DEPARTURE,,Terminal 3,,International,,
N00034,SIN,Singapore Changi Airport,SATS Premier Lounge (T3),,"Airside - After passport control and security check, facing the departure immigration, turn to your right and look out for the wayfinding signage [Lounges], SATS Premier Lounge is located on mezzanine (level 3), please refer to the map for more information.",INTERNATIONAL DEPARTURE,,Terminal 3,,International,,
N03609,MNL,Ninoy Aquino International Airport,A Lounge (T3),,"Airside - After passport control and security check, the lounge is located on the 4th floor.",INTERNATIONAL DEPARTURE,,Terminal 3,,International,,
N00115,BKK,Suvarnabhumi International Airport,Miracle First Class Lounge,,"Airside - After passport control and security check, the lounge is located opposite to Departure Gate G2 in Concourse G, Down to Level 3 (West Side of the Main Terminal).",INTERNATIONAL DEPARTURE,,International Terminal_Concourse G,,International,,
N01642,SIN,Singapore Changi Airport,Blossom - Sats & Plaza Pemium Lounge,,"Airside - After passport control and security check, international departure, terminal 4, level 2 Mezzanine.",INTERNATIONAL DEPARTURE,,Terminal 4,,International,,
N02267,DMK,Don Mueang International Airport,Coral Executive Lounge,,"Airside - After passport control and security check, the lounge is located on the 2nd floor, near the Gate No. 71 - 78.",DOMESTIC DEPARTURE,,Terminal 2,,Domestic,,
N00113,BKK,Suvarnabhumi International Airport,Miracle First Class Lounge,,"Airside - After passport control and security check, the lounge is located opposite to Departure Gate G2 in Concourse G (West Side of the Main Terminal).",INTERNATIONAL DEPARTURE,,International Terminal_Concourse G,,International,,
N01504,DMK,Don Mueang International Airport,Miracle Lounge,,"Airside - After passport control and security check, turn right and walk straight, the lounge is located on the right hand side between Piers 4 and 5.",DOMESTIC DEPARTURE,,Terminal 2,,Domestic,,
N00112,BKK,Suvarnabhumi International Airport,Miracle First Class Lounge,,"Airside - After passport control and security check, Concourse G, Down to Level 3 (West Side of the Main Terminal).(Before entrance to G)",INTERNATIONAL DEPARTURE,,International Terminal_Concourse G,,International,,
N02005,BLR,Kempegowda International Airport,080 Domestic Lounge,,"Airside -  Domestic Departurre Terminal 1, Opposite to Gate 34 Just behind the Starbucks",DOMESTIC DEPARTURE,,Terminal 1,,Domestic,,
N03339,SZX,Baoan International Airport,VIP Service domestic Lounge 2,,"Airside - After passport control and security check, the lounge is located on the 3rd floor and goes straight to ""Shenzhen Airport Domestic VIP Lounge 2"" opposite Gate 39.",DOMESTIC DEPARTURE,,Terminal 3,,Domestic,,
N01178,DMK,Don Mueang International Airport,The Coral Executive Lounge (T2 - Level 3),,"Airside - After passport control and security check, turn right and walk along about 100 meters, the lounge is located at the right hand side.",DOMESTIC DEPARTURE,,Terminal 2,,Domestic,,
N04269,BKK,Suvarnabhumi International Airport,Miracle Lounge,,"For travel after checking in at the main terminal. When passing through the immigration checkpoint (Immigration) Notice the sculpture of Churning of the  Milk Ocean. The way down is at the back and go down the escalator in the direction of boarding gate S101-S128. Then use the electric train inside the building to connect to new terminal (SAT-1) , which only takes 2-3 minutes.",INTERNATIONAL DEPARTURE,,Satellite Terminal,,International,,
N03666,BLR,Kempegowda International Airport,080 Lounge (Domestic T2),,"Level 4, Above Carlitious restaurant, After Domestic SHA",DOMESTIC DEPARTURE,,Terminal 2,,Domestic,,
N04081,DAR,Julius Nyerere International Airport,CIP Lounge,,"Airside - After passport control and security check, the lounge is located on the ground level.","INTERNATIONAL DEPARTURE, DOMESTIC DEPARTURE",,Terminal 1,,International/Domestic,,
N03683,BLR,Kempegowda International Airport,080 Lounge - Arrival T2,,"Common Arrival Hall, Before EXIT Gates",INTERNATIONAL ARRIVAL,,Terminal 2,,International,,
N04856,SHE,Taoxian International Airport,South Airlines First Class and Business Class Lounge (T3 Domestic),,Airside- Near gate 21 after security check.,DOMESTIC DEPARTURE,,Terminal 3,,Domestic,,
N04857,SHE,Taoxian International Airport,South Airlines Pearl Gold and Silver Card VIP Lounge (T3 Domestic),,Airside- Near gate 21 after security check.,DOMESTIC DEPARTURE,,Terminal 3,,Domestic,,
N04858,SHE,Taoxian International Airport,South Airlines First Class and Business Class Pearl Member Lounge (T3 International),,Airside- Directly opposite the duty-free shop after turning right after security check.,INTERNATIONAL DEPARTURE,,Terminal 3,,International,,
N03014,DAR,Julius Nyerere International Airport,Twiga Lounge,,"Airside - After passport control and security check, take the escalator on the right and go to level 2. The lounge is located on the right.",INTERNATIONAL DEPARTURE,,Terminal 3,,International,,
N01703,CAN,Baiyun International Airport,Premium Lounge (T2 International),,"Airside - After passport control and security check, from Gate 48 of the departure hall of Terminal 2, go straight to the Q zone of the check - in island. After passing the ""Inspection and Quarantine, Customs, Frontier Defense"" at three levels, go straight to the logo ""Premium Lounge"".",INTERNATIONAL DEPARTURE,,Terminal 2,,International,,
N02003,BCN,Barcelona-El Prat Airport,Sleep & Fly Business Center,,"Landside - The lounge is located on the first floor. Go straight ahead from the Arrivals area and turn right after you see the SIXT sign. Then follow the signs for the Corredor Shuttle Barcelona-Madrid bus and go straight across the elevated bridge corridor. Once you pass through the sliding doors, the lounge is on the right hand side.","INTERNATIONAL DEPARTURE, INTERNATIONAL ARRIVAL, DOMESTIC DEPARTURE, DOMESTIC ARRIVAL",,Terminal 1,,International/Domestic,,
N01262,TSN,Binhai International Airport,Tianjin Airlines First Class Lounge,,"Airside - After passport control and security check, the lounge is located near the Boarding Gate 210",DOMESTIC DEPARTURE,,Terminal 2,,Domestic,,
N04544,KMG,Changshui International Airport,Best VIP Lounge B (T1 Domestic),,"Located outside the terminal, facing the ""VIP Lounge B Area"" on the left side of Terminal T1 (parking service is not included. Passengers arriving by car need to get off and walk in at the gate.)",DOMESTIC DEPARTURE,,Main Terminal,,Domestic,,
N00185,BCN,Barcelona-El Prat Airport,Sala VIP Joan Miro,,"Airside - After passport control and security check, turn left towards gate D. The lounge is located near Barcelona Duty Free.",INTERNATIONAL DEPARTURE,,Terminal 1,,International,,
N02841,VIE,Vienna International Airport,Austrian Business Lounge (Schengen),,"Airside - After passport control and security check, take the escalator to level 2. The lounge is located near the F gates.",INTERNATIONAL DEPARTURE,,Terminal 3,,International,,
N01371,JNB,O. R. Tambo International Airport,Aspire Airport Lounge,,"Airside - After passport control and security check, follow signs for gate A7-A30, the lounge is located on the left after Duty Free.",INTERNATIONAL DEPARTURE,,Terminal A,,International,,
N00790,GYD,Heydar Aliyev International Airport,Absheron Lounge,,"Airside - After passport control and security check, the lounge is located in departure area, between the screening checkpoint and the aircraft.","INTERNATIONAL DEPARTURE, DOMESTIC DEPARTURE",,Terminal 1,,International/Domestic,,
N00012,HKG,Hong Kong International Airport,Plaza Premium Lounge (Gate 1),,"Airside - After passport control and security check, the lounge is located on the departures level, near gate 1.",INTERNATIONAL DEPARTURE,,Terminal 1,,International,,
N00481,MBJ,Sangster International Airport,Club Mobay Departure,,"Airside - After passport control and security check, proceed to level 2 and the lounge is located near boarding gate 12.",INTERNATIONAL DEPARTURE,,Main Terminal,,International,,
N00186,BCN,Barcelona-El Prat Airport,Sala VIP Colomer,,"Airside - After passport control and security check, the lounge is located opposite the Air Shuttle Kiosk.",DOMESTIC DEPARTURE,,Terminal 1,,Domestic,,
N04044,NQZ,Nursultan Nazarbayev International Airport,Sky Hall,,"After clearing customs, turn right and proceed straight ahead. You'll find the lounge on your right side after you pass Duty Free.",INTERNATIONAL DEPARTURE,,Terminal 1,,International,,
N02842,VIE,Vienna International Airport,Austrian Business Lounge (Non Schengen),,"Airside - After passport control and security check, the lounge is located on level 3 on the right-hand side.",INTERNATIONAL DEPARTURE,,Terminal 3,,International,,
N03689,AMM,Queen Alia International Airport,Plaza Premium Lounge,,"Airside - After passport control and security check, the lounge is located past the Duty Free, on the left.",INTERNATIONAL DEPARTURE,,Main Terminal,,International,,
N02866,IQN,Qingyang Airport,VIP Lounge No.3,,"Landside - Before passport control and security check, the lounge is located in the VIP area on the left, opposite the parking lot.",DOMESTIC DEPARTURE,,Main Terminal,,Domestic,,
N03276,CRK,Clark International Airport,Plaza Premium Lounge,,"Airside - located after the departures immigration in the airside transit area on Level 3, Departure Hall, Terminal 2 at Clark International Airport",INTERNATIONAL DEPARTURE,,Terminal 2,,International,,
N02551,PKX,Beijing Daxing International Airport,China Eastern Airlines VIP Lounge,,"Airside - After passport control and security check, get off the escalator and go straight to the left, take the escalator opposite Gate C46 at the end of the C gallery and go upstairs to the lounge.(This Lounge is limited to passengers who are flying with China Eastern Airlines as the actual operating carrier)",DOMESTIC DEPARTURE,,Main Terminal,,Domestic,,
N02448,NKG,Lukou International Airport,Yuexing Counter,,"Landside - Before passport control and security check, the lounge is located in the H island.",DOMESTIC DEPARTURE,,Terminal 1,,Domestic,,
N02246,DAR,Julius Nyerere International Airport,CIP Lounge,,"Airside - After passport control & security check, turn right towards boarding gate C6. Proceed straight ahead and turn left after the elevators and shops, the lounge entrance is located at the end of the hallway.",INTERNATIONAL DEPARTURE,,Terminal 3,,International,,
N02048,PUS,Gimhae International Airport,Sky Hub Lounge,,"Airside - After passport control and security check, walk to the left to gate 9 and 10.",INTERNATIONAL DEPARTURE,,International Terminal,,International,,
N02295,CEB,Mactan-Cebu International Airport,Plaza Premium Lounge,,"Airside - After the guest has completed luggage check-in and passed through the security checkpoint, they will see signage directing them to take the lift down to the G Level",DOMESTIC DEPARTURE,,Terminal 1,,Domestic,,
N01133,HAK,Meilan International Airport,First Class Lounge,,"Airside - After passport control and security check, on the left hand side of check-in point in Zone A, take the lift diagonally opposite gate 13 to level 3.",DOMESTIC DEPARTURE,,Terminal 1,,Domestic,,
N00643,SGN,Tan Son Nhat International Airport,Le Saigonnais Business Lounge (Domestic - T1),,"Airside - After passport control and security check, please walk to gate 14. Le Saigonnais Lounge is located opposite gate 14, beside SASCO SHOP.",DOMESTIC DEPARTURE,,Terminal 1,,Domestic,,
N00347,AMS,Amsterdam Airport Schiphol,Aspire Lounge (No.26),,"Airside - After passport control and security check, turn right and follow the signs to the lounge.",INTERNATIONAL DEPARTURE,,Terminal 1,,International,,
N00015,HKG,Hong Kong International Airport,Plaza Premium Lounge (Gate 35),,Airside - After passport control and security check. Guests could take the lift near Gate 35 to Level 6 and go down to Level 5.,INTERNATIONAL DEPARTURE,,Terminal 1,,International,,
N00582,MFM,Macau International Airport,Plaza Premium Lounge,,"Airside - After passport control and security check, proceed to the Mezzanine Level of the main departure hall by taking the escalator opposite gate 9.","INTERNATIONAL DEPARTURE, DOMESTIC DEPARTURE, DOMESTIC ARRIVAL",,International Terminal,,International/Domestic,,
N00187,BCN,Barcelona-El Prat Airport,Sala VIP Canudas,,"Airside - After security check, the lounge is located on level 1.","INTERNATIONAL DEPARTURE, DOMESTIC DEPARTURE",,Terminal 2,,International/Domestic,,
N00088,YEG,Edmonton International Airport,Plaza Premium Lounge (US Departures),,"Airside - After passport control and security check, the lounge is located near gate 88, one minute walk from the food court.",INTERNATIONAL DEPARTURE,,Main Terminal,,International,,
N00096,PEN,Penang International Airport,Plaza Premium Lounge (Domestic),,"Airside - After passport control and security check, L2A S14 & L2A S14A, Level 2.",DOMESTIC DEPARTURE,,Main Terminal,,Domestic,,
N02417,PKX,Beijing Daxing International Airport,China Southern Airlines Gold/Silver Member Lounge,,"Airside - After passport control and security check, the lounge is located on the second floor of domestic departures hall, next to Gate 33 at the end of Concourse B.",DOMESTIC DEPARTURE,,Main Terminal,,Domestic,,
N03030,BUD,Budapest Ferenc Liszt International Airport,Plaza Premium Lounge,,"Airside - After passport control and security check, the lounge is located in the non-Schengen departure area.",INTERNATIONAL DEPARTURE,,Terminal 2B,,International,,
N03278,NQZ,Nursultan Nazarbayev International Airport,Sapar Lounge (Dom),,"Airside - After passport control and security check, the lounge is located near gate D06, a little bit further on your left side.",DOMESTIC DEPARTURE,,Terminal 2,,Domestic,,
N03054,VIE,Vienna International Airport,Austrian Business Lounge (Non Schengen),,"Airside - After passport control and security check, the lounge is located on Level 2 near Departure Gates D.",INTERNATIONAL DEPARTURE,,Terminal 3,,International,,
N01625,GYD,Heydar Aliyev International Airport,Baku Club (Free Baggage service applied),,"After passport control on the ground level, just opposite 3 and 4 baggage claim belts.",INTERNATIONAL ARRIVAL,,Terminal 1,,International,,
N01757,MEL,Melbourne Airport,Plaza Premium Lounge,,"Airside - International departures, terminal 2, near gate 9.",INTERNATIONAL DEPARTURE,,Terminal 2,,International,,
N02374,SYD,Sydney Kingsford Smith Airport,Plaza Premium Lounge,,"Airside - After passport control and security check, the lounge is located near gate 25 & 26.",INTERNATIONAL DEPARTURE,,Terminal 1,,International,,
N01646,AMM,Queen Alia International Airport,Crown Lounge,,"Airside - After passport control and security check, proceed past the Aldeasa duty free shop. Take the elevators to level 4 where the lounge is located",INTERNATIONAL DEPARTURE,,Main Terminal,,International,,
N00804,YWG,Winnipeg James Armstrong Richardson International Airport,Plaza Premium Lounge,,"Airside - Departure level, after security check to the right, opposite gates 5 & 6.","DOMESTIC DEPARTURE, DOMESTIC ARRIVAL",,Main Terminal,,Domestic,,
N01129,CEB,Mactan-Cebu International Airport,Plaza Premium Lounge,,"Airside - After passport control and security check, take the lift across Gate No.20 on the Departure Level to Level 1.",INTERNATIONAL DEPARTURE,,Terminal 2,,International,,
N00664,TSN,Binhai International Airport,No.13 VIP Lounge,,"Airside - After passport control and security check, the No.13 VIP Lounge is located near Departure Gate 205.",DOMESTIC DEPARTURE,,Terminal 2,,Domestic,,
N00145,BUD,Budapest Ferenc Liszt International Airport,Platinum Lounge,,"Airside - After security check, Schengen area, departure level. The lounge is located opposite gates A8.",INTERNATIONAL DEPARTURE,,Terminal 2A,,International,,
N00196,JNB,O. R. Tambo International Airport,Shongololo Lounge,,"Airside - After passport control and security check, follow signage to gates A7 - A18. Pass the Air France Lounge and take the escalator down where the lounge is located.",INTERNATIONAL DEPARTURE,,Terminal A,,International,,
N00087,YEG,Edmonton International Airport,Plaza Premium Lounge (Non-US Departures),,"Airside - After security check, the lounge is located opposite departure gate 52.","DOMESTIC DEPARTURE, DOMESTIC ARRIVAL",,Main Terminal,,Domestic,,
N00098,PEN,Penang International Airport,Plaza Premium Lounge (Int'l),,"Airside - After passport control and security check, up to Mezzanine Level where the Lounge is located.",INTERNATIONAL DEPARTURE,,Main Terminal,,International,,
N01902,MEL,Melbourne Airport,The House by Aspire Lounge,,"Airside - After clearing customs, please follow the signs for Lounges and proceed to Level 1. From there, follow the signage to the Aspire Lounge.",INTERNATIONAL DEPARTURE,,Terminal 2,,International,,
N01809,BHX,Birmingham Airport,Aspire Lounge (South),,"Airside - After passport control and security check, proceed through the world duty free shop and left into the main departure hall. Follow signs for 'Gates 1 - 20'. The lounge is located adjacent to gate 1A.",INTERNATIONAL DEPARTURE,,Main Terminal,,International,,
N03397,SYD,Sydney Kingsford Smith Airport,Plaza  Premium Lounge,,"Landside - Before passport control and security check, the lounge is located on level 1, Arrivals B.",INTERNATIONAL ARRIVAL,,Terminal 1,,International,,
N02449,NKG,Lukou International Airport,V9 Business Lounge,,"Airside - After passport control and security check, turn right then walk straight about 500 meters and take the elevator to the 2nd floor.",DOMESTIC DEPARTURE,,Terminal 1,,Domestic,,
N01637,GYD,Heydar Aliyev International Airport,Salam Lounge,,"Landside - Before passport control and security check, the lounge is located at the entrance B on the first floor.","INTERNATIONAL DEPARTURE, INTERNATIONAL ARRIVAL",,Terminal 1,,International,,
N02373,HKG,Hong Kong International Airport,Plaza Premium Lounge (Gate 60),,"Airside - After passport control and security check, the lounge is located near Gate 60, Departure level 7.",INTERNATIONAL DEPARTURE,,Terminal 1,,International,,
N00729,CCU,Netaji Subhas Chandra Bose International Airport,Travel Club Lounge - Dom,,"Airside - After passport control and security check, take a sharp left where the Lounge is located.",DOMESTIC DEPARTURE,,Terminal 1,,Domestic,,
N01272,SGN,Tan Son Nhat International Airport,Jasmine Halal Lounge,,"Airside - After the first Security Check, turn left and the lounge is located near the Boarding Gate 17",INTERNATIONAL DEPARTURE,,Terminal 2,,International,,
N00559,VIE,Vienna International Airport,Sky Lounge,,"Airside - After security check, turn left and take the elevator or stairs to level 2, turn right and follow signs for ""Lounges"".","INTERNATIONAL DEPARTURE, DOMESTIC DEPARTURE",,Terminal 3,,International/Domestic,,
N00348,AMS,Amsterdam Airport Schiphol,Aspire Lounge (No.41),,"Airside - After passport control and security check, follow signs for Gate E. Once at Gate E, go up the escalators and follow signs to Airline Lounge 41.",INTERNATIONAL DEPARTURE,,Terminal 2,,International,,
N00146,BUD,Budapest Ferenc Liszt International Airport,Platinum Lounge,,"Airside - After passport control and security check, Non - Schengen area, departure level. Take the stairs or lift located between gates B6 and B10 up to the mezzanine level.",INTERNATIONAL DEPARTURE,,Terminal 2B,,International,,
N02713,GYD,Heydar Aliyev International Airport,Premium Bank Lounge,,"Airside - After Security Check, it is located in Terminal 1 Bus Gate Zone.",INTERNATIONAL DEPARTURE,,Terminal 1,,International,,
N01903,SYD,Sydney Kingsford Smith Airport,The House by Aspire Lounge,,"Airside - The lounge is situated after security in Terminal 1. After you have passed through security, follow the signs to airport lounges towards gates 51-63. The lounge is located before gate 50 and next to Amcal Express Pharmacy.","INTERNATIONAL DEPARTURE, INTERNATIONAL ARRIVAL",,Terminal 1,,International,,
N00762,XMN,Gaoqi International Airport,First Class Lounge,,"Airside - After passport control and security check, go straight on the left to the mezzanine 'First Class Lounge (T4)'.",DOMESTIC DEPARTURE,,Terminal 4,,Domestic,,
N00573,CPT,Cape Town International Airport,Bidvest Premier Lounge Cape Town International 1,,Airside - the lounge is located directly after passport control on your right - hand side of the departure hall.,INTERNATIONAL DEPARTURE,,International Terminal,,International,,
N00026,SHA,Hongqiao International Airport,First Class Lounge V1 (T2 - Dom),,"Airside - After security Check, the lounge is located near departure gate 25 & 26.",DOMESTIC DEPARTURE,,Terminal 2,,Domestic,,
N04246,PKX,Beijing Daxing International Airport,Dong Hai Passenger Lounge(Main Terminal International),,"On the 3rd floor of the International Departure Area of Beijing Daxing International Airport, after passing the border, take the elevator down to the 3rd floor and then turn back and follow the ""Timed Lounge"" sign.",INTERNATIONAL DEPARTURE,,Main Terminal,,International,,
N00195,JNB,O. R. Tambo International Airport,Mashonzha Lounge,,"Airside - After passport control and security check, follow signage to gates A7 - A18. Take the escalators on the left and the lounge is located on the right hand side.",INTERNATIONAL DEPARTURE,,Terminal A,,International,,
N00867,PUS,Gimhae International Airport,KAL Lounge,,"Airside - After passport control and security check, the lounge is located next to gate 4 on level 3.",INTERNATIONAL DEPARTURE,,International Terminal,,International,,
N01145,HET,Baita International Airport,Mengjing Yixing Reception Counter,,"Landside - Before passport control and security check, the VIP Reception Counter is located in Area C of Departure Hall.",DOMESTIC DEPARTURE,,Main Terminal,,Domestic,,
N00306,TCZ,Tuofeng Airport,First Class Lounge,,"Airside - After passport control and security check, departure 2nd floor, the lounge is located opposite to gate 5.",DOMESTIC DEPARTURE,,Terminal 2,,Domestic,,
N00307,TSN,Binhai International Airport,VIP Member Reception Center,,"Please present DragonPass Membership upon arrival at F13 - F15 VIP Reception Counter opposite Door No.6, the lounge will offer dedicated check-in desk (also for luggage) and a dedicated fast track lane at the security area.   Not available to passengers flying with Spring Airlines, 9 Airlines, China United Airlines Tibet Airlines and some special airlines.",DOMESTIC DEPARTURE,,Terminal 2,,Domestic,,
N00309,TSN,Binhai International Airport,First Class Lounge,,"Airside - After passport control and security check, turn right and go straight. The lounge is located on the right hand side opposite gates 7 & 8.",INTERNATIONAL DEPARTURE,,Terminal 1,,International,,
N01153,HFE,Xinqiao International Airport,CIP Lounge,,"Landside - Before passport control and security check, the lounge is located on the right hand side of Check-in area T, near door No2.",DOMESTIC DEPARTURE,,Main Terminal,,Domestic,,
N00654,NKG,Lukou International Airport,V6 Business Lounge,,"Airside - After passport control and security check, turn left and go straight, near Gate No.11.",DOMESTIC DEPARTURE,,Terminal 2,,Domestic,,
N00655,NKG,Lukou International Airport,Yuet counter,,"Departure level, before security check, between islands C and D, check-in information counter. (After showing the service voucher for verification, you can exchange for priority security check channel coupons and business VIP lounge (V6) reception coupons)",DOMESTIC DEPARTURE,,Terminal 2,,Domestic,,
N00207,RIX,Riga International Airport,Primeclass Business Lounge,,"Airside - After passport control and security check, use the elevator by gate B1 to go to level 3.","INTERNATIONAL DEPARTURE, DOMESTIC DEPARTURE",,Main Terminal,,International/Domestic,,
N00208,LPL,Liverpool John Lennon Airport,Aspire Lounge,,"Airside - After passport control and security check, proceed to Level 3 Departures. Walk through Duty Free and you will find the Aspire Executive Lounge immediately after, opposite Sable & Co Bar and Kitchen.","INTERNATIONAL DEPARTURE, DOMESTIC DEPARTURE",,Main Terminal,,International/Domestic,,
N00435,BRU,Brussels Airport,Diamond Lounge,,Airside - After passport control take the lift to level 2 and follow signs to the lounge.,"INTERNATIONAL DEPARTURE, DOMESTIC DEPARTURE",,Main Terminal,,International/Domestic,,
N00324,XIL,Xilinhot Airport,VIP Reception Center,,"Landside - Before passport control and security check, the lounge is located on the right hand side of the departure hall.",DOMESTIC DEPARTURE,,Main Terminal,,Domestic,,
N00326,JHG,Gasa Airport,First Class Lounge,,"Please present DragonPass Membership upon arrival at Best VIP counters in domestic departure hall, the staff will guide you to the lounge. First Class Lounge: Airside - The lounge is located after security check.",DOMESTIC DEPARTURE,,Main Terminal,,Domestic,,
N00660,NKG,Lukou International Airport,V7 International First Class Lounge,,"Airside - After passport control and security check, upstairs to the Level 2 to where the lounge located.",INTERNATIONAL DEPARTURE,,Terminal 2,,International,,
N00662,XMN,Gaoqi International Airport,No.7 International First Class Lounge,,"Airside-go straight and turn left for 100 meters, 7-8 area ""First Class Lounge"".",INTERNATIONAL DEPARTURE,,Terminal 3,,International,,
N01392,CPH,Kastrup Airport,Pearl Lounge,,"Airside - After passport control, the lounge is located next to gate C26 at the start of the walkway",INTERNATIONAL DEPARTURE,,Terminal 3,,International,,
N00218,NCL,Newcastle Airport,Aspire Lounge,,"Airside - After security check and passport, proceed through Duty Free. Turn right, go down the escalator/lifts and the lounge is located on your right hand side.","INTERNATIONAL DEPARTURE, DOMESTIC DEPARTURE",,Main Terminal,,International/Domestic,,
N00219,BRS,Bristol Airport,Essence Lounge,,"Airside - After security and passport control, pass through Duty Free, on the left-hand side is a stairway and lift to the mezzanine floor. The Essence Lounge is located on the on the Right-hand side next to Franky & Bennys.","INTERNATIONAL DEPARTURE, DOMESTIC DEPARTURE",,Main Terminal,,International/Domestic,,
N00104,CIH,Wangcun Airport,VIP Lounge,,"Landside - Before passport control and security check, the north side of the terminal.",DOMESTIC DEPARTURE,,Main Terminal,,Domestic,,
N01287,HAK,Meilan International Airport,Trvok Lounge,,"Landside - Before passport control and security check, the lounge is located between Gate No. 2 and No.3, Departure Hall",DOMESTIC DEPARTURE,,Terminal 1,,Domestic,,
N01289,KMG,Changshui International Airport,Lucky Air VIP Lounge,,"Airside - After passport control and security check, take the escalator on left hand side to Level 1, the lounge is right below the escalator.",DOMESTIC DEPARTURE,,Main Terminal,,Domestic,,
N01176,XMN,Gaoqi International Airport,Guest Lounge,,"Airside - After passport control and security check, turn left and walk straight 200 meters, take the escalator downstairs, turn left and walk straight 20 meters, the lounge is located opposite boarding gate 21.",DOMESTIC DEPARTURE,,Terminal 3,,Domestic,,
N00222,GLA,Glasgow Airport,UpperDeck Lounge,,"Airside - After passport control and security check, pass the 'World Duty Free' shop, walk along the lane to the lift, the lounge is located on level 2 of the international pier.",INTERNATIONAL DEPARTURE,,Main Terminal,,International,,
N00223,HUY,Humberside Airport,Aspire Lounge,,"Airside - After passport control and security check, turn right.",INTERNATIONAL DEPARTURE,,Main Terminal,,International,,
N00224,INV,Inverness Airport,Aspire Lounge,,"Airside - After passport control and security check, turn right and follow signs for 'Executive Lounge'. The lounge is located next to gate 3.",INTERNATIONAL DEPARTURE,,Main Terminal,,International,,
N00226,BGI,Grantley Adams International Airport,Airlines Executive Lounge,,"Airside - After security check and passport control, follow signs for 'Airlines Executive Lounge' and take the lift/stairs to gate 12 - 13.",INTERNATIONAL DEPARTURE,,Terminal 1,,International,,
N00562,BHD,Belfast City Airport,Aspire Lounge,,"Airside - After passport control and security check, take the stairs or escalator to level 1. Go through the duty free shop, turn right and the lounge is located at the end of the corridor.",DOMESTIC DEPARTURE,,Main Terminal,,Domestic,,
N00119,HER,Nikos Kazantzakis Airport,Goldair Handling CIP Lounge,,"Airside - After passport control and security checks. The lounge is located on Level 1 of the departure Non-Schengen hall, opposite the duty free shop.",INTERNATIONAL DEPARTURE,,Main Terminal,,International,,
N01186,ZQN,Queenstown Airport,Manaia Lounge,,"Airside - After security check, the lounge is accessible after going through screening and customs.",INTERNATIONAL DEPARTURE,,International Terminal,,International,,
N01189,CGO,Xinzheng International Airport,International First Class Lounge,,"Airside - After passport control and security check, located opposite to Boarding Gate 262",INTERNATIONAL DEPARTURE,,Terminal 2,,International,,
N00233,ERL,Saiwusu International Airport,First Class Lounge,,Southwest corner of the first floor of the terminal building,DOMESTIC DEPARTURE,,Main Terminal,,Domestic,,
N00684,TSN,Binhai International Airport,No.20 VIP Lounge,,"Airside - After passport control and security check, the No.20 VIP Lounge is located next to Departure Gate 216.",DOMESTIC DEPARTURE,,Terminal 2,,Domestic,,
N00239,KOW,Huangjin Airport,First Class Lounge,,"Airside - After passport control and security check, take right then walk straight to the lounge, near the boarding gate No.205-206.",DOMESTIC DEPARTURE,,Terminal 2,,Domestic,,
N00572,CPT,Cape Town International Airport,Bidvest Premier Lounge,,"Airside - After security checks, take the elevator up to level 4 and the lounge is located on the right - hand side.",DOMESTIC DEPARTURE,,Domestic Terminal,,Domestic,,
N01197,SGN,Tan Son Nhat International Airport,Rose Lounge,,"Airside - After passport control and security check, turn left and go down to gate 8, 9. The lounge is located on 2nd level of the International Terminal.",INTERNATIONAL DEPARTURE,,Terminal 2,,International,,
N00357,YCU,Yuncheng Zhangxiao Airport,First Class Lounge,,"Airside - After passport control and security check, turn left and go straight, the lounge is opposite to the Boarding Gate 6",DOMESTIC DEPARTURE,,Terminal 2,,Domestic,,
N00240,KWE,Longdongbao International Airport,First Class Lounge,,"Airside - After passport control and security check, go up  to the Mezzanine Level then proceed to VIP Reception Counter who will escort you to the lounge.",DOMESTIC DEPARTURE,,Terminal 2,,Domestic,,
N00478,NAP,Naples International Airport,Pearl Lounge,,"Airside - After passport control and security check, the lounge is located in front of gate C19.","INTERNATIONAL DEPARTURE, DOMESTIC DEPARTURE",,Terminal 1,,International/Domestic,,
N04989,PKX,Beijing Daxing International Airport,CHUM International Lounge,,Near boarding gate E80 in the E corridor after international immigration on the third floor of Daxing Airport,INTERNATIONAL DEPARTURE,,Main Terminal,,International,,
N00254,JDZ,Luojia Airport,First Class Lounge,,"Airside - After passport control and security check, up to level 2 and turn left.",DOMESTIC DEPARTURE,,Main Terminal,,Domestic,,
N00597,TLS,Toulouse-Blagnac Airport,La Croix du Sud Lounge,,"Airside - After security check, proceed to boarding area in hall C, the lounge is located opposite departure gate 34.",DOMESTIC DEPARTURE,,Main Terminal,,Domestic,,
N00480,KIN,Norman Manley International Airport,Club Kingston Departure,,"Airside - After passport control go upstairs and follow signs for the Club Kingston Departure Lounge, passing through the food court.",INTERNATIONAL DEPARTURE,,Main Terminal,,International,,
N00268,LJG,Sanyi Airport,Best Business VIP Lounge,,"Airside - After passport control and security check, turn left and go straight about 50 meters",DOMESTIC DEPARTURE,,Main Terminal,,Domestic,,
N00275,MIG,Nanjiao Airport,First Class Lounge,,"Airside - After passport control and security check, the lounge is located on the third floor of the B area.",DOMESTIC DEPARTURE,,Terminal 1,,Domestic,,
N00160,DLU,Dali Airport,Best Business VIP Lounge,,"Landside - Before passport control and security check, walk straight 20 meters from the right side.",DOMESTIC DEPARTURE,,Main Terminal,,Domestic,,
N00278,NNG,Wuxu International Airport,First Class Lounge,,"Landside - Before passport control and security check, turn left, the lounge is opposite to Gate 33.",DOMESTIC DEPARTURE,,Terminal 2,,Domestic,,
N00162,DLC,Zhoushuizi International Airport,VIP Lounge (Zone A),,"Airside - After passport control and security check, go downstairs next to gate 19 and reach the VIP area A on the first floor.",DOMESTIC DEPARTURE,,Main Terminal,,Domestic,,
N00163,LUM,Mangshi Airport,Best Business VIP Lounge,,"Facing the terminal gate, go straight to the right for 50 meters (inside the pagoda building)",DOMESTIC DEPARTURE,,Main Terminal,,Domestic,,
N00395,BFS,Belfast International Airport,The Causeway Lounge,,"Airside - After passport control and security check, turn left after the duty free shop and the lounge is located next to gates 16 & 17 in the departure concourse.",INTERNATIONAL DEPARTURE,,Main Terminal,,International,,
N00283,NGB,Lishe International Airport,First Class Lounge No. 3(T2 Domestic),,"Airside - After security check, the lounge is located near departure gate 8.",DOMESTIC DEPARTURE,,Terminal 2,,Domestic,,
N00285,NGB,Lishe International Airport,Business Lounge,,"Landside - Before passport control and security check.Enter through Gate 23 or 25, go straight to the Boarding Pass Pre-check point, then continue straight for another 5 meters to the VIP Business Lounge.",DOMESTIC DEPARTURE,,Terminal 2,,Domestic,,
N00286,NGB,Lishe International Airport,First Class Lounge,,"Airside - After security check, turn right and walk straight for about 10 meters.",DOMESTIC DEPARTURE,,Terminal 2,,Domestic,,
N00289,INC,Hedong International Airport,First Class Lounge,,"Airside - After passport control and security check, the lounge is located upstairs opposite gate 12, first class security channel, waiting isolation hall.",DOMESTIC DEPARTURE,,Terminal 3,,Domestic,,
N00294,JJN,Jinjiang International Airport,First Class Lounge,,"Airside - After passport control and security check, the lounge is located between departure gate 5 & 6.",DOMESTIC DEPARTURE,,Main Terminal,,Domestic,,
N00295,JJN,Jinjiang International Airport,International First Class Lounge,,"Airside - After passport control and security check, up to level 2, the lounge is located near the departure gate 14.",INTERNATIONAL DEPARTURE,,Main Terminal,,International,,
N00191,GOT,Landvetter Airport,The Lounge by Menzies Aviation,,"Airside - After passport control and security check, the lounge is located in the transit area, above gates 18.","INTERNATIONAL DEPARTURE, DOMESTIC DEPARTURE",,Main Terminal,,International/Domestic,,
N04486,TAO,Qingdao Jiaodong International Airport,International Lounge VIP CLUB5 (T1 International),,"After passing (customs, security check, border guard) walk straight for 100 meters, the right side of the escalator is the ""International VIP C LUB5"" (This lounge is only for passengers with the actual carrier of All Nippon Airways, Cathay Pacific, Korea, and Busan Air)",INTERNATIONAL DEPARTURE,,Main Terminal,,International,,
N00095,CSX,Huanghua International Airport,First Class VIP Lounge No.3,,"Airside - After passport control and security check, the lounge is located by turning right and go straight for about 150 meters.",DOMESTIC DEPARTURE,,Terminal 1,,Domestic,,
N02478,HGH,Xiaoshan International Airport,First Class Lounge,,"Airside - After passport control and security check, turn left then go straight 100 meters.",DOMESTIC DEPARTURE,,Terminal 3,,Domestic,,
N01309,VAR,Varna Airport,VIP/Business Lounge,,"Airside - After security check, the lounge is located on the ground floor in front of gate 1.","INTERNATIONAL DEPARTURE, DOMESTIC DEPARTURE",,Terminal 2,,International/Domestic,,
N02160,CXR,Cam Ranh International Airport,The Champ Lounge,,"Airside - After passport control and security check, turn right after getting through security check point.",DOMESTIC DEPARTURE,,Terminal 1,,Domestic,,
N01326,FLR,Florence Peretola Airport,VIP Club,,"Airside - The lounge is located on the first floor, after airport security and duty free shops.","INTERNATIONAL DEPARTURE, DOMESTIC DEPARTURE",,Main Terminal,,International/Domestic,,
N02394,SHA,Hongqiao International Airport,China Southern Airlines VIP Lounge V26,,"Airside - After passport control and security check,go straight south (to the right) to the VIP lounge V26. This lounge is only available for passengers taking China Southern domestic flights.",DOMESTIC DEPARTURE,,Terminal 2,,Domestic,,
N01215,GIG,Galeao-Antonio Carlos Jobim International Airport,Plaza Premium Lounge,,"Airside - After security check, the lounge is located in the south pier on the 3rd floor.",INTERNATIONAL DEPARTURE,,Terminal 2,,International,,
N01108,KRK,Krakow Airport,Business Lounge,,"Airside - After passport control and security check, the lounge is located opposite to Gate 2.","INTERNATIONAL DEPARTURE, DOMESTIC DEPARTURE",,Main Terminal,,International/Domestic,,
N01445,MBJ,Sangster International Airport,Club Mobay Arrivals,,"Airside - After clearing airport customs and luggage collection, the lounge is located inside the Ground Transportation Hall.","INTERNATIONAL ARRIVAL, DOMESTIC ARRIVAL",,Main Terminal,,International/Domestic,,
N00601,NCE,Nice Airport,The Canopy Lounge,,"Airside - After passport control and security check, take the stairs or lift to level 1. The lounge is located on the right hand side of the main departure lounge.",INTERNATIONAL DEPARTURE,,Terminal 1,,International,,
N00721,CCU,Netaji Subhas Chandra Bose International Airport,Travel Club Lounge (Intl),,"Airside - After passport control and security check, the lounge is located on the right hand side of the mezzanine level.",INTERNATIONAL DEPARTURE,,Terminal 2,,International,,
N00611,DQA,Sartu Airport,First Class Lounge,,"After security check, go up to the second floor and go straight 10 meters to the right.",DOMESTIC DEPARTURE,,Main Terminal,,Domestic,,
N00951,STN,London Stansted Airport,Essence by Escape Lounges,,"Airside - After passport control and security check, the lounge is located close to Gates 1 - 19 and is only available for airlines departing from those gates.",INTERNATIONAL DEPARTURE,,Main Terminal,,International,,
N00505,WRO,Wroclaw-Copernicus Airport,Executive Lounge,,"Airside - After security check proceed to the 1st floor, near gates 9 and 10. The lounge is accessible to Schengen and Non - Schengen passengers. Non - Schengen passengers should allow sufficient time (approx. 5 - 10 minutes) to reach the departure gate as after leaving the lounge you will have to pass passport control.","INTERNATIONAL DEPARTURE, DOMESTIC DEPARTURE",,Schengen Terminal,,International/Domestic,,
N01123,IAH,George Bush Intercontinental Airport,Air France Lounge,,"Airside - After passport control and security check, the lounge is located near D18.",INTERNATIONAL DEPARTURE,,Terminal D,,International,,
N01124,IAH,George Bush Intercontinental Airport,KLM Crown Lounge,,"Airside - After passport control and security check, the lounge is located near gate D15.",INTERNATIONAL DEPARTURE,,Terminal D,,International,,
N01465,ZYI,Zunyi Xinzhou Airport,Business VIP Lounge,,"Airside - After passport control and security check, take the left escalator to the second floor.",DOMESTIC DEPARTURE,,Main Terminal,,Domestic,,
N00408,DLC,Zhoushuizi International Airport,Business Travel Lounge,,"Airside - After passport control and security check, turn right and walk straight to the boarding gate 14, take the escalator to Level 3, then turn left to the Lounge.",DOMESTIC DEPARTURE,,Main Terminal,,Domestic,,
N00859,EMA,East Midlands Airport,Escape Lounge,,"Airside - After passport control and security check, the lounge is located opposite Gate 17.","INTERNATIONAL DEPARTURE, DOMESTIC DEPARTURE",,Main Terminal,,International/Domestic,,
N00637,ADB,Adnan Menderes Airport,Primeclass Lounge,,"Airside - After the 2nd security control on the left, the lounge is located on the 2nd floor.",INTERNATIONAL DEPARTURE,,International Terminal,,International,,
N00638,ADB,Adnan Menderes Airport,Primeclass Lounge,,"Airside - After 2nd security check, proceed up to the next floor of the domestic terminal where the lounge is located.",DOMESTIC DEPARTURE,,Domestic Terminal,,Domestic,,
N01252,SWA,Chaoshan Airport,First Class Lounge,,"Airside - After passport control and security check, the lounge is located near gate 11.",DOMESTIC DEPARTURE,,Main Terminal,,Domestic,,
N00539,NRT,Narita International Airport,IASS Executive Lounge,,Landside - Located on the 5th floor of the T1 Central Building in the [SHOPPING & DINING] area.,INTERNATIONAL DEPARTURE,,Terminal 1,,International,,
N00436,BRU,Brussels Airport,The View,,"Airside - After passport control and security check go to gates B01 - B05. Opposite the gates, you will find the stairs and elevators which will bring you to the lounges.",INTERNATIONAL DEPARTURE,,Main Terminal,,International,,
N00328,XMN,Gaoqi International Airport,Premier Lounge,,"Airside - After passport control and security check, downstairs, the lounge is located near departure gate 6.",DOMESTIC DEPARTURE,,Terminal 3,,Domestic,,
N00683,TSN,Binhai International Airport,No.18 VIP Lounge,,"Airside - After security check, the No.18 VIP Lounge is located next to departure gate 207.",DOMESTIC DEPARTURE,,Terminal 2,,Domestic,,
N00578,JNB,O. R. Tambo International Airport,Bidvest Premier Lounge (International),,"Airside - After passport control and security check head towards the south end of the duty free shopping area, use the escalator up to the mezzanine level. the lounge is located in the right hand corner.",INTERNATIONAL DEPARTURE,,Terminal A,,International,,
N00142,PRG,Vaclav Havel Airport Prague,Erste Premier Lounge,,"Airside - After passport control and security check, follow signs for ""Airport Lounges"" in the direction of Pier B. The lounge is located on the left side on the first floor.",INTERNATIONAL DEPARTURE,,Terminal 1,,International,,
N03714,TAO,Qingdao Jiaodong International Airport,International VIP CLUB2 (T1 International),,After security check and go straight.,INTERNATIONAL DEPARTURE,,Main Terminal,,International,,
N03563,PKX,Beijing Daxing International Airport,China Southern Airlines International Lounge,,"Airside - After security check, the lounge is located on the China Southern International Lounge 50 meters to the right after the customs check on the fourth floor",INTERNATIONAL DEPARTURE,,Main Terminal,,International,,
N02740,JED,King Abdulaziz International Airport,Plaza Premium Lounge,,"Airside - After passport control and security check, the lounge is located near gate 39.",INTERNATIONAL DEPARTURE,,Terminal 1,,International,,
N02561,XIY,Xianyang International Airport,First Class&VIP Lounge - T3,,"Landside - Before security check, exit 324 on the left side of the departure level of Terminal 3",DOMESTIC DEPARTURE,,Terminal 3,,Domestic,,
N01217,GIG,Galeao-Antonio Carlos Jobim International Airport,Plaza Premium Lounge (Arrivals),,"Landside - Before security check, the lounge is located at the Mezzanine - Parking building on 1st floor.","INTERNATIONAL ARRIVAL, DOMESTIC ARRIVAL",,Terminal 2,,International/Domestic,,
N00540,NRT,Narita International Airport,IASS Executive Lounge,,"Landside - Located on the 4th floor of the T2 Main Building. Please take the elevator on the right side of counter G to the 4th floor, then turn left and walk straight about 10 meters to reach the lounge.",INTERNATIONAL DEPARTURE,,Terminal 2,,International,,
N03713,TAO,Qingdao Jiaodong International Airport,Trovk Waiting Room (T1 Dom),,"Landside, the lounge is located on level 4, Gate 4 opposite the R12 check-in counter.",DOMESTIC DEPARTURE,,Main Terminal,,Domestic,,
N03522,PHX,Phoenix Sky Harbor International Airport,Escape Lounge,,"Airside - After passport control and security check, the lounge is located in concourse B22.",INTERNATIONAL DEPARTURE,,Terminal 4,,International,,
N02503,SZX,Baoan International Airport,China Southern Sky Pearl Club V2,,"Airside - After passport control and security check,the lounge is located opposite to Gate 27.",DOMESTIC DEPARTURE,,Terminal 3,,Domestic,,
N01939,HEL,Helsinki Airport,Plaza Premium Lounge,,"Airside - After passport control and security check, the lounge is located between gates 34 and 40 on the mezzanine level.",INTERNATIONAL DEPARTURE,,Main Terminal,,International,,
N00716,SHA,Hongqiao International Airport,Reception Area Gate 6,,"Landside - Before passport control and security check, the VIP Reception Area is next to door 6 in the domestic departure Hall.",DOMESTIC DEPARTURE,,Terminal 1,,Domestic,,
N01127,IAD,Washington Dulles International Airport,Air France - KLM Lounge,,"Airside - After passport control and security check, the lounge is located in concourse A, opposite gate A22.",INTERNATIONAL DEPARTURE,,Main Terminal,,International,,
N00576,JNB,O. R. Tambo International Airport,Bidvest SKY Lounge - OR Tambo Domestic,,"Airside - After passport control and security check, take the lift to the level 4 and the lounge is located on the left hand side.",DOMESTIC DEPARTURE,,Terminal B,,Domestic,,
N00143,PRG,Vaclav Havel Airport Prague,Erste Premier Lounge,,"Airside - After passport control and security check, follow the signs to ""Airport Lounges"". The lounge is located on the right on Floor 3.",INTERNATIONAL DEPARTURE,,Terminal 2,,International,,
N00263,KMG,Changshui International Airport,International First Class Lounge V1,,"Airside - After passport control and security check, take the elevator to 3rd floor where the lounge is located.",INTERNATIONAL DEPARTURE,,Main Terminal,,International,,
N04217,PKX,Beijing Daxing International Airport,BCS Domestic Premier Lounge,,"After security check, the lounge is located in the C-finger corridor on the second floor, the floating island above the Hermes store.",DOMESTIC DEPARTURE,,Main Terminal,,Domestic,,
N03521,FLL,Fort Lauderdale-Hollywood International Airport,Escape Lounge,,"Airside - After passport control and security check, the lounge is located between gates E and F.","INTERNATIONAL DEPARTURE, DOMESTIC DEPARTURE",,Terminal 3,,International/Domestic,,
N03534,FIH,N'djili Airport,Le Meilleur VIP Lounge,,"Airside - After passport control and security check, follow the signs for the lounge.","INTERNATIONAL DEPARTURE, DOMESTIC DEPARTURE",,Main Terminal,,International/Domestic,,
N03102,SZX,Baoan International Airport,China Southern Sky Pearl Club VIP,,"Airside - After passport control and security check, the lounge is located on the lower ground floor of the escalator, and take the MRT to the satellite hall, upstairs of gate 560.",DOMESTIC DEPARTURE,,Satellite Terminal,,Domestic,,
N03553,PKX,Beijing Daxing International Airport,Southern Airline Golden/Sliver Card Member Lounge 3,,"After security check,the lounge is at the 3F of Domestic Departure Hall.",DOMESTIC DEPARTURE,,Main Terminal,,Domestic,,
N02845,RTM,Rotterdam The Hague Airport,Prima Vista Lounge,,"Airside - After passport control and security check, the lounge is located on the left.","INTERNATIONAL DEPARTURE, DOMESTIC DEPARTURE",,Main Terminal,,International/Domestic,,
N02340,BEY,Beirut-Rafic Hariri International Airport,Ahlein Premium Lounge,,"Airside - After passport control and security check, turn right and take the escalators up. Follow 'Ahlein Premium Lounge' signs.",INTERNATIONAL DEPARTURE,,Main Terminal,,International,,
N01626,GYD,Heydar Aliyev International Airport,Mugam Lounge,,"Airside - After passport control and security check, the lounge is located on the right hand side.",INTERNATIONAL DEPARTURE,,Terminal 2,,International,,
N01656,BBK,Kasane Airport,Nthula Lounge (International),,"Airside - After security check, the lounge is located on level 1.",INTERNATIONAL DEPARTURE,,Main Terminal,,International,,
N01216,GIG,Galeao-Antonio Carlos Jobim International Airport,Plaza Premium Lounge,,"Airside - After security check, the lounge is located at the mezzanine on the 1st floor.",DOMESTIC DEPARTURE,,Terminal 2,,Domestic,,
N00521,JED,King Abdulaziz International Airport,First Class Lounge,,"Airside - After passport control and security check, the lounge is located immediately after the passport control counters on the left.",INTERNATIONAL DEPARTURE,,North Terminal,,International,,
N00577,JNB,O. R. Tambo International Airport,Bidvest Premier Lounge (Domestic),,"Airside - After passport control and security check, take the escalators down. The Lounge is not accessible to any passengers departing on an international flight who must use Lounges located in Terminal A.",DOMESTIC DEPARTURE,,Terminal B,,Domestic,,
N00024,SHA,Hongqiao International Airport,V03 VIP Lounge,,"Airside - After security check, take the escalator up to the V03 VIP Lounge on the fourth floor.",INTERNATIONAL DEPARTURE,,Terminal 1,,International,,
N00064,SZX,Baoan International Airport,China Southern Airlines Gold & Sliver Member Lounge,,"Airside - After passport control and security check, take the elevator from the 4th floor to the 3rd floor then walk straight about 10 meters and take the elevator to the 2nd floor where the lounge is located.",DOMESTIC DEPARTURE,,Terminal 3,,Domestic,,
N05087,KUL,Kuala Lumpur International Airport,Sphere Lounge (Adjacent to KLIA Terminal 1),,Landside - Sama-Sama Hotel KL International Airport - Lobby Level,"INTERNATIONAL DEPARTURE, INTERNATIONAL ARRIVAL",,KLIA 1,,International,,
N03523,CMH,Port Columbus International Airport,Escape Lounge,,"Airside - After passport control and security check, the lounge is located near Wolfgang's Puck.",DOMESTIC DEPARTURE,,Terminal B,,Domestic,,
N04068,JED,King Abdulaziz International Airport,Flynas Lounge,,"Airside - After passport control and security check, use the elevator or stairs to go down, and the lounge is located near Al Baik.",DOMESTIC DEPARTURE,,Domestic Terminal,,Domestic,,
N03053,JRO,Kilimanjaro International Airport,Twiga Lounge by Aspire,,"Airside - After passport control and security check, the lounge is located inside International Departure area, on the left side of Level 1.",INTERNATIONAL DEPARTURE,,Main Terminal,,International,,
N03172,PKX,Beijing Daxing International Airport,China Eastern Airlines V5 Lounge (International),,"International Departures, Level 4, lounge is on the left side of the Border Separation Zone.(This Lounge is limited to passengers who are flying with China Eastern Airlines as the actual operating carrier)",INTERNATIONAL DEPARTURE,,Main Terminal,,International,,
N02350,IAD,Washington Dulles International Airport,Turkish Airlines Lounge,,"Airside - After security check, take the train to Terminal B or follow the signs for A/B walkway. Take the escalator and the lounge is located near gate B43.","INTERNATIONAL DEPARTURE, DOMESTIC DEPARTURE",,Main Terminal,,International/Domestic,,
N01655,BBK,Kasane Airport,Nthula Lounge (Domestic),,"Airside - After security check and passport control, the lounge is located on level 1.",DOMESTIC DEPARTURE,,Main Terminal,,Domestic,,
N02393,PVG,Pudong International Airport,China Southern Airlines VIP Lounge No.152,,"Airside - After passport control and security check,get off the train and take the direct elevator to the 4th floor.",DOMESTIC DEPARTURE,,Satellite Terminal 2,,Domestic,,
N02195,PVG,Pudong International Airport,VIP Lounge No.135 (S1 Intl),,"Airside - After passport control and security check, the lounge is located near the Gate 135, take the down escalator at the verification gate between the security gates No.10-No.11 to the MRT platform, then take the MRT. After arriving at the station, take the elevator to the VIP Lounge No.135 on the 4th floor.",INTERNATIONAL DEPARTURE,,Satellite Terminal 1,,International,,
N02196,PVG,Pudong International Airport,VIP Lounge No.190 (Domestic Departure - Satellite Terminal S2 ),,"After arriving at the station by MRT, take the platform elevator to the 4th floor and go to the ""190 VIP Lounge"" (or take the escalator to the 2nd floor and take the elevator to the 4th floor opposite gate 190 or 170).",DOMESTIC DEPARTURE,,Satellite Terminal 2,,Domestic,,
N02197,PVG,Pudong International Airport,VIP Lounge No.170 (S2 Intl),,"Airside - After passport control and security check, take the down escalator at the D79 gate to the MRT platform, then take the MRT. After arriving at the station, take the elevator to the VIP Lounge No.170 on the 4th floor.",INTERNATIONAL DEPARTURE,,Satellite Terminal 2,,International,,
N00402,HGH,Xiaoshan International Airport,Yi Xing VIP Reception Counter,,"Landside - Before passport control and security check, members can go to the VIP Reception Counter opposite Door No.13 in the departure hall to get the privileges to use VIP security check.",DOMESTIC DEPARTURE,,Terminal 3,,Domestic,,
N00414,JZH,Huanglong Airport,Business VIP Lounge,,"Airside - Up to Level 2 after Security Check, the lounge is located near Departure Gate 4.",DOMESTIC DEPARTURE,,Main Terminal,,Domestic,,
N04925,YIH,Sanxia Airport,First Class Lounge (T2 Domestic),,"Airside-On the right hand side of the apron, go all the way to the ""First Class Lounge""",DOMESTIC DEPARTURE,,Terminal 2,,Domestic,,
N04926,JXA,Xingkaihu Airport,First Class Lounge,,"Airside - After passport control and security check, the lounge is located opposite gate 3",DOMESTIC DEPARTURE,,Main Terminal,,Domestic,,
N01147,DYG,Hehua Airport,No.2 First Class Lounge,,"Airside - After passport control and security check, turn left for 500 meters and then turn right, the lounge is about 500 meters far away.",DOMESTIC DEPARTURE,,Terminal 2,,Domestic,,
N01148,DYG,Hehua Airport,No.5 First Class Lounge,,"Airside - After passport control and security check, the lounge is located near Boarding Gate A8.",DOMESTIC DEPARTURE,,Terminal 2,,Domestic,,
N04929,TXN,Tunxi International Airport,International Lounge,,"After the security check, on the second floor, the lounge is on the right of the entrance to the international lounge,",INTERNATIONAL DEPARTURE,,Main Terminal,,International,,
N00302,TYN,Wusu International Airport,First & Business Class Lounge,,"Airside - After passport control and security check, turn left.",DOMESTIC DEPARTURE,,Terminal 2,,Domestic,,
N00303,TYN,Wusu International Airport,First Class Lounge,,"Airside - After passport control and security check, turn left and go straight about 100 meters, the lounge is  located near the No.104-105 boarding gate.",DOMESTIC DEPARTURE,,Terminal 1,,Domestic,,
N00754,CGQ,Longjia International Airport,First Class Lounge,,"Airside - After passport control and security check, the lounge is opposite gate 15.",DOMESTIC DEPARTURE,,Terminal 2,,Domestic,,
N00305,TYN,Wusu International Airport,First Class Lounge,,"Airside - After passport control and security check,the lounge is located near Gate No.18.",INTERNATIONAL DEPARTURE,,Terminal 2,,International,,
N00756,JZH,Huanglong Airport,VIP Service Center,,"Airside - After Security Check, the lounge is located on the 2nd floor and opposite to Boarding Gate 4.",DOMESTIC DEPARTURE,,Main Terminal,,Domestic,,
N00757,SCN,Saarbrucken Airport,SCN Business Lounge,,"Do not proceed to the lounge directly without first registering at the Information Desk or Check-in Area located Landside. Staff will provide a code to access the lounge entrance keypad. The lounge is located Airside - After security control and passport control, opposite the Take-Off Bar.",INTERNATIONAL DEPARTURE,,Main Terminal,,International,,
N00640,ESB,Esenboga International Airport,Primeclass Lounge,,"Airside - After security check, proceed to departures level via the escalator located between Gate 109 and Gate 110.",DOMESTIC DEPARTURE,,Main Terminal,,Domestic,,
N04819,YTY,Taizhou Airport,Domestic First Class Lounge（3）,,"Airside- After the security check, turn right and take the escalator up to the second floor, the lounge is opposite the Gate 3.",DOMESTIC DEPARTURE,,Main Terminal,,Domestic,,
N00644,BJV,Milas-Bodrum Airport,Primeclass Lounge,,"Airside - After the second security check, the lounge is on the left.",DOMESTIC DEPARTURE,,Domestic Terminal,,Domestic,,
N01373,DVO,Francisco Bangoy International Airport,PAGSS Lounge (Int),,"Airside - After passport control and security check, turn right, the lounge is located at the end across Gate 4 Departure Lounge",INTERNATIONAL DEPARTURE,,Main Terminal,,International,,
N01374,DVO,Francisco Bangoy International Airport,PAGSS Lounge (Dom),,"Airside - After passport control and security check, turn left, the lounge is located at the end, across Gate 4.",DOMESTIC DEPARTURE,,Main Terminal,,Domestic,,
N00648,CKY,Conakry International Airport,Salon VIP Nimba,,"Airside - After security checks and passport control, the lounge is located on the right hand side of the boarding hall.",INTERNATIONAL DEPARTURE,,International Terminal,,International,,
N04707,YCU,Yuncheng Zhangxiao Airport,International first class lounge 3,,"10 meters to the right after security, opposite gate 10",INTERNATIONAL DEPARTURE,,Terminal 2,,International,,
N00534,ANF,Cerro Moreno International Airport,Salon Pacific Club Antofagasta,,"Airside - After passport control and security check, the lounge is located in front of gate 3.",DOMESTIC DEPARTURE,,Domestic Terminal,,Domestic,,
N01263,HLA,Lanseria International Airport,Bidvest Premier Lounge,,"Airside - After passport control and security check, turn right and follow the signs to the lounge.",DOMESTIC DEPARTURE,,Domestic Terminal,,Domestic,,
N00420,TIA,Tirana International Airport Nene Tereza,Scanderbeg VIP Lounge,,"Airside - After security check and passport control, the lounge is located on the ground floor, in front of Gate 3",INTERNATIONAL DEPARTURE,,Main Terminal,,International,,
N00538,HNL,Honolulu International Airport,IASS Hawaii Lounge,,"Airside - Take the Terminal 2 elevator down to the first floor,and you will find it on the first floor of the departure lever,in an area called the Garden Court, where the lounges are clustered.",INTERNATIONAL DEPARTURE,,Terminal 2,,International,,
N04931,CSX,Huanghua International Airport,T2-17th International Hall,,Airside- at gate 17 in the international hall,INTERNATIONAL DEPARTURE,,Terminal 2,,International,,
N00422,GVA,Geneva Airport,Marhaba Lounge,,"Airside - After passport control and security check, turn left and take the escalator up to the mezzanine level, follow the signs to the entrance of the lounge on the right-hand side.",INTERNATIONAL DEPARTURE,,Terminal 1,,International,,
N00873,SSH,Sharm el-Sheikh International Airport,Pearl Lounge,,"Airside - After passport control and security check, the lounge is located on level 2 and is accessible via elevators.",INTERNATIONAL DEPARTURE,,Terminal 1,,International,,
N00874,SSH,Sharm el-Sheikh International Airport,Pearl Lounge,,"Airside - After passport control and security check, the lounge is located next to Cafe Ritazza.",INTERNATIONAL DEPARTURE,,Terminal 2,,International,,
N04933,JNZ,Jinzhouwan Airport,First Class Lounge (3rd),,Airside- turn right and go upstairs to the second floor,DOMESTIC DEPARTURE,,Main Terminal,,Domestic,,
N04934,NZH,Manzhouli Airport,First Class Lounge (Airside),,Airside - Take the elevator to the second floor,DOMESTIC DEPARTURE,,Main Terminal,,Domestic,,
N04935,TEN,Tongren Airport,VIP Lounge Two,,Airside-on the second floor of the terminal building,DOMESTIC DEPARTURE,,Main Terminal,,Domestic,,
N00877,CUE,Mariscal Lamar International Airport,Sala VIP Corpac,,Airside - Proceed through the dedicated VIP security check. Follow the signs posted 'Salas VIP' located next to the airport information desk. After passport control take the stairs or lift to level 2 where the Lounge is located.,INTERNATIONAL DEPARTURE,,Main Terminal,,International,,
N04936,LXA,Gonggar Airport,First Class Lounge (T2 International),,Airside-T2 international first class lounge,INTERNATIONAL DEPARTURE,,Terminal 2,,International,,
N00878,BSB,Brasilia International Airport,Aeroportos VIP Club (Domestic),,"Airside - After passport control and security check, enter the departure lounge on level 1 and the take the lift to level 2. The lounge is located on the left hand side.",DOMESTIC DEPARTURE,,Terminal 1,,Domestic,,
N00879,OSR,Ostrava Leos Janacek Airport,Business Lounge,,Airside - After security check take the escalator to the 1st floor. The Lounge is located on the left hand side.,"INTERNATIONAL DEPARTURE, DOMESTIC DEPARTURE",,Main Terminal,,International/Domestic,,
N05217,BAH,Bahrain International Airport,Gulf Spa,,Airside -  opposite Gate 15,"INTERNATIONAL DEPARTURE, DOMESTIC DEPARTURE",,Main Terminal,,International/Domestic,,
N00312,WEH,Dashuibo Airport,First Class Lounge,,"Airside - After passport control and security check, the lounge is on the right of  departure gate 3.",DOMESTIC DEPARTURE,,Main Terminal,,Domestic,,
N00763,WUX,Sunan International Airport,V1 First Class Lounge,,"Airside - After passport control and security check, turn right, go straight to the opposite side of gate 13 and proceed up to Level 2.",DOMESTIC DEPARTURE,,Terminal 2,,Domestic,,
N05218,BAH,Bahrain International Airport,Sleeping Pods - Gulf Spa,,Airside -  opposite Gate 15,"INTERNATIONAL DEPARTURE, DOMESTIC DEPARTURE",,Main Terminal,,International/Domestic,,
N00764,CZX,Benniu Airport,First Class Lounge,,"Airside - After passport control and security check, turn left and go straight around 200 meters, the lounge is located opposite to the No.2 Boarding Gate.",DOMESTIC DEPARTURE,,Main Terminal,,Domestic,,
N00766,NNG,Wuxu International Airport,First Class Lounge (T2 International),,"Airside - After passport control and security check, go straight about 25 meters, the lounge is located near Duty Free Shop.",INTERNATIONAL DEPARTURE,,Terminal 2,,International,,
N01045,BAV,Erliban Airport,First Class Lounge No.2,,"Airside - After passport control and security check, the lounge is opposite to Gate 10, on Level 2.",DOMESTIC DEPARTURE,,Main Terminal,,Domestic,,
N05106,RZE,Rzeszow Jasionka Airport,Business Lounge by Baltona,,"Airside - After passport control and security check, turn right and proceed straight ahead, the lounge is located on the right side in the Schengen Area near gate 4.","INTERNATIONAL DEPARTURE, DOMESTIC DEPARTURE",,Main Terminal,,International/Domestic,,
N00319,WUS,Wuyishan Airport,First Class Lounge,,"Take the elevator to the second floor, directly opposite Gate 2.",DOMESTIC DEPARTURE,,Main Terminal,,Domestic,,
N01048,LJG,Sanyi Airport,International First Class Lounge No. 2,,"Airside - After passport control and security check, the lounge is on the right side.",INTERNATIONAL DEPARTURE,,Main Terminal,,International,,
N04711,BKI,Kota Kinabalu International Airport,Travel Club Lounge and Bar,,"After the Immigration clearance, turn to the right and walk 70 meters to the end of the terminal corridor. The lounge is located near Gate B6.",INTERNATIONAL DEPARTURE,,International Terminal,,International,,
N05107,OVD,Asturias Airport,Picos de Europa,,Airside - After passport control and security check turn right and the lounge is located behind the stairs to the first floor.,"INTERNATIONAL DEPARTURE, DOMESTIC DEPARTURE",,Main Terminal,,International/Domestic,,
N00204,DWC,Al Maktoum International Airport,Marhaba Lounge,,"Airside - After passport control and security check, the lounge is located at the end of the terminal on the mezzanine floor above Duty Free.",INTERNATIONAL DEPARTURE,,Main Terminal,,International,,
N04716,TUI,Turaif Airport,Hayyak Lounge,,"Airside - After passport control and security check, the lounge is located near gate 1 & 2.",DOMESTIC DEPARTURE,,Domestic Terminal,,Domestic,,
N01387,KIN,Norman Manley International Airport,Club Kingston Arrivals,,Landside - Exit from customs and walk directly to the Club Kingston desk.,INTERNATIONAL ARRIVAL,,Main Terminal,,International,,
N00542,CCP,Carriel Sur International Airport,Salon Pacific Club Concepción,,"Airside - After passport control and security check, go to level 2,  the lounge is located next to gate 2.",DOMESTIC DEPARTURE,,Main Terminal,,Domestic,,
N05330,NGB,Lishe International Airport,First Class Lounge 2 (T1 Domestic),,"Airside-""First Class Lounge 2"" opposite Gates 114 and 115",DOMESTIC DEPARTURE,,Terminal 1,,Domestic,,
N00543,IQQ,Diego Aracena International Airport,Salon Iquique,,"Airside - After passport control and security check, the lounge is located on level 2.",DOMESTIC DEPARTURE,,Main Terminal,,Domestic,,
N04605,VFA,Victoria Falls Airport,Pearl Lounge,,"Airside - After passport control and security check, the lounge is located on level 2, opposite Gate 6.",INTERNATIONAL DEPARTURE,,Main Terminal,,International,,
N00431,COO,Cadjehoun Airport,Salon AHS,,"Airside - After passport control and security check, the lounge is located near the boarding gates","INTERNATIONAL DEPARTURE, DOMESTIC DEPARTURE",,Main Terminal,,International/Domestic,,
N04608,MPL,Montpellier–Mediterranee Airport,Salon by FDI,,"Airside - After passport control and security check, the lounge is located on Level 1 near gates 16 & 17.","INTERNATIONAL DEPARTURE, DOMESTIC DEPARTURE",,Main Terminal,,International/Domestic,,
N04947,YSQ,SongYuan ChaGanHu Airport,Domestic First Class Lounge,,"Airside - After passport control and security check, take the elevator/stairs to the first floor. The lounge is located on the left.",DOMESTIC DEPARTURE,,Main Terminal,,Domestic,,
N00771,CGQ,Longjia International Airport,International First Class Lounge,,"Airside - After passport control and security check, the lounge is located next to Duty Free Shop.",INTERNATIONAL DEPARTURE,,Terminal 1,,International,,
N05110,HBE,Borg El Arab Airport,Pearl Lounge,,"Airside - After passport control and security check, the lounge is located on the right.",INTERNATIONAL DEPARTURE,,Terminal 2,,International,,
N01052,KHN,Changbei International Airport,CIP Lounge,,"Landside - Before passport control and security check, Terminal 2, up to Level 2 and go straight about 30 meters.",DOMESTIC DEPARTURE,,Terminal 2,,Domestic,,
N01055,PRN,Prishtina International Airport Adem Jashari,17/02 Lounge,,"Airside - After passport control and security check, the lounge is located on the second floor, near duty free shops and gates.","INTERNATIONAL DEPARTURE, INTERNATIONAL ARRIVAL",,Main Terminal,,International,,
N05114,CGB,M. Rondon Airport,W Lounge Cuiabá,,Airside - The lounge is located immediately ahead after passport check and security control.,DOMESTIC DEPARTURE,,Main Terminal,,Domestic,,
N04837,CIF,Chifeng Airport,No. 1 First Class Lounge,,"Airside, First Class Lounge 1 opposite Gate 29",DOMESTIC DEPARTURE,,Main Terminal,,Domestic,,
N05115,GYN,Santa Genoveva Airport,W Lounge Goiania,,"Airside - After passport control and security check, take the elevator to level 1 and the lounge is located in the commercial area.",DOMESTIC DEPARTURE,,Terminal 1,,Domestic,,
N05116,LDB,Londrina Airport,W Lounge Londrina,,Airside - The lounge is located on the right after passport control and security check.,DOMESTIC DEPARTURE,,Main Terminal,,Domestic,,
N04839,HSC,Danxia Airport,VIP Lounge,,"Located outside the terminal building, facing the far right side of the terminal building",DOMESTIC DEPARTURE,,Main Terminal,,Domestic,,
N05117,NVT,Navegantes Airport,W Lounge Navegantes,,"Airside - After passport control and security check, the lounge is located near gate 1 on the upper level.",DOMESTIC DEPARTURE,,Main Terminal,,Domestic,,
N04722,MUB,Maun Airport,Nthula Lounge,,"Landside -  The lounge is located before passport control and security check, on Level 1.  From the stairs proceed straight facing towards the tarmac, the lounge entrance will be on the left. From the elevator proceed straight to the end of the hall and turn left.","INTERNATIONAL DEPARTURE, DOMESTIC DEPARTURE",,Main Terminal,,International/Domestic,,
N05000,SYR,Syracuse Hancock International Airport,Escape Lounge,,"Airside - After passport control and security check, the lounge is located on the right before entering Terminal A.","INTERNATIONAL DEPARTURE, DOMESTIC DEPARTURE",,Terminal A,,International/Domestic,,
N05001,OPS,Jao B. Figueiredo Airport,BRT Lounge Sinop,,Landside - The lounge is located before passport control and security check.,DOMESTIC DEPARTURE,,Main Terminal,,Domestic,,
N13020,SGN,Tan Son Nhat International Airport,SH Premium Lounge Tan Son Nhat,,"Airside - After security check, the lounge is located on the 4th floor near Gate 12.",DOMESTIC DEPARTURE,,Terminal 3,,Domestic,,
N13023,RHO,"Rhodes International ""Diagoras"" Airport",The Lounge,,"Airside - After security check proceed left towards the Food Court Area, take the elevator upstairs to the Mezzanine Level.","INTERNATIONAL DEPARTURE, DOMESTIC DEPARTURE",,Main Terminal,,International/Domestic,,
N01397,NTG,Nantong Airport,First Class Lounge,,"Airside - After passport control and security check, the lounge is located in 2nd floor and can be reached by the lift which is on the right side after security check.",DOMESTIC DEPARTURE,,Terminal 3,,Domestic,,
N05340,NGO,Nagoya Central Japan International Airport,The Coral Finest Business Class Lounge A,,"Airside-The lounge is located next to Gate 19. The elevator is located next to Centrair Plaza, directly opposite the cigarette and alcohol store. Please take the elevator to the 2nd floor to find the lounge. The Korean Air Lounge is located next to the lounge.",INTERNATIONAL DEPARTURE,,Terminal 1,,International,,
N05008,USH,Malvinas Argentinas Airport,Ushuaia W Premium,,"Airside - After passport control and security check, the lounge is located next to gate 4.","INTERNATIONAL DEPARTURE, DOMESTIC DEPARTURE",,Main Terminal,,International/Domestic,,
N00554,HIA,Lianshui Airport,International First Class Lounge,,"Airside - After passport control and security check, take the escalator to level 2, walk straight and the lounge is located at the end of the walkway.",INTERNATIONAL DEPARTURE,,Main Terminal,,International,,
N01283,MAA,Chennai International Airport,Travel Club Lounge,,"Airside - After passport control and security check, the lounge is located on the 3rd floor near boarding gate 17.",DOMESTIC DEPARTURE,,Terminal 4,,Domestic,,
N05009,FTE,Comandante A. Tola Airport,W Lounge El Calafate,,"Airside - After passport control and security check, the lounge is located next to gate 4.",DOMESTIC DEPARTURE,,Main Terminal,,Domestic,,
N01284,MAA,Chennai International Airport,Travel Club Lounge 2 (Domestic),,"Airside - After passport control and security check, take right towards Gate 2, take elevator to 3rd floor, and the lounge is at the end of the corridor.",DOMESTIC DEPARTURE,,Terminal 1,,Domestic,,
N01286,VFA,Victoria Falls Airport,Khami Lounge,,"Airside - After passport control and security check, take the escalator to level 2, turn left to reach the lounge.",INTERNATIONAL DEPARTURE,,Main Terminal,,International,,
N00107,CGD,Taohuayuan Airport,First Class Lounge,,"Airside - After passport control and security check, turn left and go straight about 50m after security check.",DOMESTIC DEPARTURE,,Main Terminal,,Domestic,,
N00440,LPA,Gran Canaria Airport,Galdos 1 VIP Lounge,,"Airside - After passport control and security check, the lounge is located on level 2.",INTERNATIONAL DEPARTURE,,Main Terminal,,International,,
N05346,XUZ,Guanyin Airport,First class lounge (T2 domestic),,"Airside- After security check, west of KFC at Gate 2",DOMESTIC DEPARTURE,,Terminal 2,,Domestic,,
N00441,AGP,Malaga Airport,Sala VIP Malaga,,"Airside - After security check, take the stairs or elevator (behind 'Malaga duty free' and near to gate D42) up to the top floor where the lounge is located.",INTERNATIONAL DEPARTURE,,Terminal 3,,International,,
N04618,KBV,Krabi International Airport,The Pearl Exclusive Lounge,,"Airside- Upon exiting the customs door, make a right turn. You will then encounter an alley on your left. The Pearl Lounge is situated on the right side of this alley.",INTERNATIONAL DEPARTURE,,Terminal 3,,International,,
N01171,NAN,Nadi International Airport,Fiji Airways Premier lounge,,"Airside - After security checks, go past the duty-free shops and turn right, take the escalator or elevator to the ground floor, and then turn right to go straight ahead.",INTERNATIONAL DEPARTURE,,Main Terminal,,International,,
N00444,TFN,Tenerife North Airport,Sala VIP Nivaria,,"Airside - After security control, the lounge is located on level P1 before the escalators for duty free and boarding gates.",DOMESTIC DEPARTURE,,Main Terminal,,Domestic,,
N00445,TFS,Tenerife South Airport,Sala VIP Montana Roja,,"Airside - After passport control, turn left and the lounge is located just before the escalators to the boarding gates and commercial zone.",INTERNATIONAL DEPARTURE,,Main Terminal,,International,,
N00446,VLC,Valencia Airport,Sala VIP Joan Olivert,,"Airside - After security check and passport control, the lounge is located in the main departure lounge between terminals 1 and R, close to gate 11.","INTERNATIONAL DEPARTURE, DOMESTIC DEPARTURE",,Terminal 1,,International/Domestic,,
N00448,ACE,Lanzarote Airport,Sala VIP Guacimeta,,"Airside - After passport control and security check, the lounge is located next to gates 1 & 2.",DOMESTIC DEPARTURE,,Main Terminal,,Domestic,,
N04507,SHA,Hongqiao International Airport,21st Floor Lounge (T2 Domestic),,"Landside- 3rd floor departure hall of T2 Terminal (reachable via escalators opposite Gates B and C on the 4th floor, through the Rainbow Bridge).",DOMESTIC DEPARTURE,,Terminal 2,,Domestic,,
N04840,WEF,Weifang Airport,First Class Lounge (T1 Domestic),,"Airside - After security check, go straight ahead 20 meters to the right and you will find the ""First Class Lounge""",DOMESTIC DEPARTURE,,Main Terminal,,Domestic,,
N00331,XUZ,Guanyin Airport,First Class Lounge,,"Airside - After passport control and security check, the lounge is located near gate 8.",DOMESTIC DEPARTURE,,Terminal 2,,Domestic,,
N00782,YNT,Yantai Penglai International Airport,First Class Lounge 6 (T2 International),,"Airside - After passing the three checkpoints, follow the route on the right, near the B concourse",INTERNATIONAL DEPARTURE,,Terminal 2,,International,,
N04842,BNE,Brisbane Airport,Plaza Premium Lounge,,"Airside - After passport control and security check, the lounge is located on level 3, near gate 77.",INTERNATIONAL DEPARTURE,,International Terminal,,International,,
N04843,ZQZ,Zhangjiakou Ningyuan Airport,First/Business Class Lounge,,"Airside - Diagonally opposite to boarding gate 1, passengers enter the security check and present their vouchers for verification at the ""Information Counter"", after passing the verification, follow the staff's guidance to the ""First Class/Business Class Lounge"" to use the service.",DOMESTIC DEPARTURE,,Main Terminal,,Domestic,,
N00334,YNT,Yantai Penglai International Airport,First Class Lounge (N0.3),,"Airside - After passport control and security check, the lounge is located next to gate 216",DOMESTIC DEPARTURE,,Terminal 2,,Domestic,,
N04844,CDE,Chengde Puning Airport,VIP Lounge (Landside),,"Landside -The information counter on the right side of the departure hall, passengers enter the hall and present their credentials at the ""information counter"", after passing the verification, the staff will guide them to the ""VIP lounge"" to use the service.",DOMESTIC DEPARTURE,,Main Terminal,,Domestic,,
N04845,BPE,Qinhuangdao Airport,First Class Lounge (Domestic),,"Airside - The lounge is located on the second floor, across from the escalator.",DOMESTIC DEPARTURE,,Main Terminal,,Domestic,,
N00787,TRS,Trieste-Friuli Venezia Giulia Airport,TRS Lounge,,"Airside - After security check and duty free, turn left into the corridor towards Gates 8-9.",DOMESTIC DEPARTURE,,Main Terminal,,Domestic,,
N04846,XNT,XINGTAI DALIAN AIRPORT,First Class Lounge,,"Airside- After the security check, First Class Lounge on the right.",DOMESTIC DEPARTURE,,Main Terminal,,Domestic,,
N05124,PMW,Palmas – Brigadeiro Lysias Rodrigues Airport,W Lounge Palmas,,"Landside - The lounge is located before passport control and security check, next to the arrival gate.",DOMESTIC DEPARTURE,,Main Terminal,,Domestic,,
N00337,YNZ,Nanyang Airport,First Class Lounge,,"Airside - After passport control and security check, turn left and find the 'VIP2 Lounge'.",DOMESTIC DEPARTURE,,Terminal 2,,Domestic,,
N00670,EBB,Entebbe International Airport,Karibuni Lounge,,"Airside - After passport control and security check, proceed past Duty Free, the lounge is located on level 2",INTERNATIONAL DEPARTURE,,Main Terminal,,International,,
N01066,AOG,Teng'ao Airport,First Class Lounge,,"Airside - After passport control and security check, up to level 2.",DOMESTIC DEPARTURE,,Main Terminal,,Domestic,,
N00671,BUQ,Joshua Mqabuko Nkomo International Airport,Khami Lounge,,"Airside - After passport control and security check, the Lounge is located straight ahead.",INTERNATIONAL DEPARTURE,,Main Terminal,,International,,
N00339,YNZ,Nanyang Airport,International First Class Lounge,,"Airside - After passport control and security check, turn left, the lounge is located next to Gate 5 - 6.",INTERNATIONAL DEPARTURE,,Terminal 1,,International,,
N00672,MRU,Sir Seewoosagur Ramgoolam International Airport,Amedee Maingard Lounge,,"Airside - After passport control and security check, proceed past the duty free shop, turn right and the lounge is located straight ahead.",INTERNATIONAL DEPARTURE,,Main Terminal,,International,,
N04849,CAN,Baiyun International Airport,South Airlines First Class and Business Class Lounge (T2 International),,"Airside- Go straight for 10 meters after Immigration, then go to the end on the left.",INTERNATIONAL DEPARTURE,,Terminal 2,,International,,
N04732,MSQ,Minsk National Airport,Business Lounge (Union Sector),,"Airside - After passport control and security check, the lounge is located on level 4.",DOMESTIC DEPARTURE,,Terminal 1,,Domestic,,
N05010,REL,Almirante M.A. Zar Airport,W Lounge Trelew,,"Landside - Before passport control and security check, the lounge is located on the main floor.",DOMESTIC DEPARTURE,,Main Terminal,,Domestic,,
N05128,RAO,Leite Lopes Airport,W Lounge Ribeirão Preto,,"Airside - After passport control and security check, the lounge is located on the left.",DOMESTIC DEPARTURE,,Main Terminal,,Domestic,,
N00674,BIO,Bilbao Airport,Sala VIP Bilbao,,"Airside - After passport control and security check, the VIP lounge is located on the mezzanine level of the terminal (P2 boarding area).","INTERNATIONAL DEPARTURE, DOMESTIC DEPARTURE",,Main Terminal,,International/Domestic,,
N04733,MSQ,Minsk National Airport,International Business Lounge,,"Airside - After passport control and security check, the lounge is located on level 4.",INTERNATIONAL DEPARTURE,,Terminal 1,,International,,
N05129,XNA,Northwest Arkansas Regional Airport,Escape Lounge,,"Airside - After passport control and security check, turn right and the lounge will be directly in front of you.",DOMESTIC DEPARTURE,,Main Terminal,,Domestic,,
N05014,DQM,Duqm International Airport,Primeclass Duqm,,"Airside - After passport control and security check, follow signs to the lounge.",DOMESTIC DEPARTURE,,Main Terminal,,Domestic,,
N00227,BJL,Banjul International Airport,First Class Lounge,,"Airside - After clearing immigration and security, follow signs for the 'First Class Lounge'.",INTERNATIONAL DEPARTURE,,Main Terminal,,International,,
N00678,KHG,Kashgar Airport,First Class Lounge,,"Airside - After passport control and security check, level 2, the lounge is located on the right side of corridor.",DOMESTIC DEPARTURE,,Main Terminal,,Domestic,,
N00228,NBE,Enfidha-Hammamet International Airport,Primeclass CIP Lounge,,"Landside - Before passport control and security check, the entrance to the lounge is located on the left hand side of the main hall next to the check - in desks.",INTERNATIONAL DEPARTURE,,Main Terminal,,International,,
N00561,EXT,Exeter International Airport,Executive Lounge,,"Airside - After passport control and security check, the lounge is on the first floor and can be accessed via the stairs in the main restaurant.","INTERNATIONAL DEPARTURE, DOMESTIC DEPARTURE",,Main Terminal,,International/Domestic,,
N00229,MIR,Monastir Habib Bourguiba International Airport,Primeclass CIP Lounge,,"Landside - Before passport control and security check, the lounge is located on the east side of the departure hall.",INTERNATIONAL DEPARTURE,,Main Terminal,,International,,
N05017,ALA,Almaty Airport,Extime Lounge,,"Airside - After passport control and security checks, the lounge is located on the Mezzanine Level on the left.",INTERNATIONAL DEPARTURE,,Terminal 2,,International,,
N05019,CDG,Paris Charles de Gaulle Airport,Salon Paris,,"Airside - After passport control and security check, the lounge is located next to the boarding area.","INTERNATIONAL DEPARTURE, DOMESTIC DEPARTURE",,Terminal 2C,,International/Domestic,,
N00114,SWA,Chaoshan Airport,China Southern Sky Pearl Club,,"Airside - After passport control and security check, turn right and go straight about 50m after security check, the lounge is located near departure gate 20A.",DOMESTIC DEPARTURE,,Main Terminal,,Domestic,,
N00565,BUS,Batumi International Airport,Primeclass Lounge,,"Airside - After passport control and security check, the lounge is on the right hand side.",INTERNATIONAL DEPARTURE,,Main Terminal,,International,,
N00566,TBS,Tbilisi International Airport,Primeclass Lounge,,"Airside - After passport control and security check, the lounge is located on the right hand side",INTERNATIONAL DEPARTURE,,Main Terminal,,International,,
N00568,ZCO,Maquehue Airport,Salon Pacific Club Temuco,,"Airside - After passport control and security check, the lounge is located on level 2.",DOMESTIC DEPARTURE,,Domestic Terminal,,Domestic,,
N04962,TGO,Tongliao Airport,First Class Lounge (Domestic),,"Airside - Go straight to the ""Traveler's Dining Room"" next to Gate 1.",DOMESTIC DEPARTURE,,Main Terminal,,Domestic,,
N05359,KHH,Kaohsiung International Airport,Southern Premium Lounge,,"Airside - After clearing the exit security check, the lounge is on the 3rd floor, turn left and proceed 200 meters.",INTERNATIONAL DEPARTURE,,International Terminal,,International,,
N01185,CHC,Christchurch International Airport,Manaia Lounge - Christchurch,,"Airside - After going through security check and customs, you will enter the Duty Free Shop, once through the DFS then turn right and go down to Gate 29 and the lounge is located opposite gate 29",INTERNATIONAL DEPARTURE,,International Terminal,,International,,
N04850,CAN,Baiyun International Airport,South Airlines Pearl Gold and Silver Card VIP Lounge (T2 International),,"Airside- Go straight for 10 meters after Immigration, then go to the end on the left.",INTERNATIONAL DEPARTURE,,Terminal 2,,International,,
N00341,YTY,Taizhou Airport,First Class Lounge,,"Airside - After passport control and security check, turn right and take the elevator to the second floor. The lounge is opposite to the Boarding Gate 2&3.",DOMESTIC DEPARTURE,,Main Terminal,,Domestic,,
N01188,FBM,Lubumbashi International Airport,Malabar Business Travel Lounge,,"Landside - Before security check, the lounge is located near entrance 2 in the main terminal.","INTERNATIONAL DEPARTURE, INTERNATIONAL ARRIVAL, DOMESTIC DEPARTURE, DOMESTIC ARRIVAL",,Main Terminal,,International/Domestic,,
N04400,BPS,Porto Seguro Airport,BRT Lounge,,"Landside - The lounge is located outside the airport terminal, near the parking area.",DOMESTIC DEPARTURE,,Main Terminal,,Domestic,,
N12875,BNE,Brisbane Airport,Escape Lounge,,Airside - Take escalators opposite Gate 82 to Level 4 Meazzanine. Lounge is first door on the right after escalators.,INTERNATIONAL DEPARTURE,,International Terminal,,International,,
N04740,BEY,Beirut-Rafic Hariri International Airport,Ahlein Comfy Lounge,,"Airside - After passport control and security check, the lounge is located on level 2, next to the Qatar Airways lounge.",INTERNATIONAL DEPARTURE,,Main Terminal,,International,,
N00349,DUS,Dusseldorf International Airport,DUS Rhein Lounge,,"Airside - After passport control and security check, turn right and take the stairs to level 2. Follow the signs to the lounge.",INTERNATIONAL DEPARTURE,,Terminal B,,International,,
N04741,CGB,M. Rondon Airport,BRT Lounges Cuiaba,,Landside - Lounge is located before passport control and security.,"INTERNATIONAL DEPARTURE, DOMESTIC DEPARTURE",,Terminal 1,,International/Domestic,,
N04742,URA,Oral Ak Zhol Airport,Business Lounge,,"Landside - Before passport control and security check, the lounge is located on the first floor.","INTERNATIONAL DEPARTURE, DOMESTIC DEPARTURE",,Main Terminal,,International/Domestic,,
N04743,DBB,El Alamain International Airport,Pearl Lounge,,"Airside - After passport control and security check, turn left. Lounge is located on the first floor.","INTERNATIONAL DEPARTURE, DOMESTIC DEPARTURE",,Main Terminal,,International/Domestic,,
N05022,TUN,Tunis-Carthage International Airport,Privilege Lounge Tunis,,"Airside - After passport control and security check, the lounge is located near Duty Free.",INTERNATIONAL DEPARTURE,,Terminal 1,,International,,
N00120,AKL,Auckland Airport,Strata Lounge,,"Airside - After passport control and security check, the lounge is located through the Duty-Free shopping area, and follow the signage to the premium lounges, on the left at the top of the escalator.",INTERNATIONAL DEPARTURE,,International Terminal,,International,,
N00689,WEH,Dashuibo Airport,First Class Lounge,,"Airside - After passport control and security check, the lounge is located opposite Departure Gate 4 on Level 2.",DOMESTIC DEPARTURE,,Main Terminal,,Domestic,,
N05026,JUJ,Gobernador H. Guzman Airport,JUJUY By AMAE Lounge,,"Airside - After passport control and security, the lounge is located on Level 1, near Gates 3 and 4.","INTERNATIONAL DEPARTURE, DOMESTIC DEPARTURE",,Main Terminal,,International/Domestic,,
N13045,JHB,Senai International Airport,Plaza Premium Lounge,,"Airside - After security check, take the mandatory path of escalator up to level 1, the lounge entrance is located on the left side of the escalator.","INTERNATIONAL DEPARTURE, INTERNATIONAL ARRIVAL, DOMESTIC DEPARTURE, DOMESTIC ARRIVAL",,Terminal 1,,International/Domestic,,
N04631,JNG,Qufu Airport,Reception counter (T1 domestic),,"Before the security check, “Counter A6 Check-in” in the Domestic Departure Hall on the third floor (every Tuesday, the service will be adjusted to “Counter B3 Check-in” to verify the availability of the service)",DOMESTIC DEPARTURE,,Main Terminal,,Domestic,,
N05360,DIG,Shangri-La Airport,Best VIP Room,,"Airside - Turn left (north side) at Gate 2 of Domestic Departures, Terminal 2, and walk 30 meters straight, then turn left to arrive at the ""Best VIP Lounge""",DOMESTIC DEPARTURE,,Terminal 2,,Domestic,,
N05361,TFU,Chengdu Tianfu International Airport,Take a nap during Miyi accounting time (outside T2 domestic security check),,"Before the security check in Terminal 2, go out at B2 on the L2 arrival floor. After exiting, turn right to the elevator [next to the police station]",DOMESTIC DEPARTURE,,Terminal 2,,Domestic,,
N13047,WUA,Wuhai Airport,First Class Lounge (Domestic),,"Airside - After security check, take the escalator to the second floor and go straight, opposite Gate 2",DOMESTIC DEPARTURE,,Main Terminal,,Domestic,,
N00575,GRJ,George Airport,Bidvest Premier Lounge,,"Airside - After security check, take the stairs to the next level where the lounge is located.",DOMESTIC DEPARTURE,,Main Terminal,,Domestic,,
N05364,PQC,Phu Quoc International Airport,SH Premium Lounge Phu Quoc 2,,"Airside- Upon entering the security screening area on the first floor, please proceed to the first room on the left-hand side.",DOMESTIC DEPARTURE,,Domestic Terminal,,Domestic,,
N05365,CRK,Clark International Airport,Marhaba Lounge,,"Airside - 3rd Level Departure Area, Lift near Mary Grace Café",INTERNATIONAL DEPARTURE,,Terminal 2,,International,,
N00467,ZAD,Zadar Airport,Zadar Airport Business Lounge,,"Airside - After security checks and passport control, proceed through the duty free shop and the lounge is located on the right hand side, next to the 'Cafe Bar'.",INTERNATIONAL DEPARTURE,,Main Terminal,,International,,
N00350,SPN,Saipan International Airport,Hafa Adai Lounge,,"Airside - After passport control and security check, the lounge is near gate 6.",INTERNATIONAL DEPARTURE,,Main Terminal,,International,,
N00351,GUM,Guam International Airport,Sagan Bisita VIP Lounge,,"Airside - After passport control and security check, the lounge is near gate 7.",INTERNATIONAL DEPARTURE,,Main Terminal,,International,,
N00469,ZAG,Zagreb Airport,Primeclass Lounge,,Airside - After security check and passport control. The lounge is located opposite gate 23.,INTERNATIONAL DEPARTURE,,Main Terminal,,International,,
N01198,DAD,Da Nang International Airport,Vietnam Airlines Domestic Lounge,,"Airside - After passport control and security check, departure area, on level 3",DOMESTIC DEPARTURE,,Domestic Terminal,,Domestic,,
N00354,POZ,Poznan-Lawica Henryk Wieniawski Airport,Business Executive Lounge,,"Airside - Schengen area, after security control on the right hand side of the departure hall. The lounge is also accessible to Non - Schengen passengers but upon leaving the lounge passengers must go through passport control to get to the Non - Schengen departure area.",INTERNATIONAL DEPARTURE,,International Terminal,,International,,
N04864,DLC,Zhoushuizi International Airport,South Airlines First Class and Business Class Pearl Member Lounge (T1 International),,Airside- Near gate 23 after security check.,INTERNATIONAL DEPARTURE,,Main Terminal,,International,,
N00355,DAC,Hazrat Shahjalal International Airport,Balaka Executive Lounge,,"Airside - Terminal 1, After Immigration desk turn right and proceed up to the lift and press 2; after getting down from the lift walk right towards the end of hall",INTERNATIONAL DEPARTURE,,Terminal 1,,International,,
N00358,YIH,Sanxia Airport,VIP Reception Center,,"Please present DragonPass Membership upon arrival at 'VIP service counter' in domestic departure hall, the staff will assist you to handle Boarding Procedures and guide you to VIP Lounge Area (17 lounge rooms included).",DOMESTIC DEPARTURE,,Terminal 2,,Domestic,,
N00691,USM,Samui Airport,Blue Ribbon Club Lounge,,"Airside - After passport control and security check, the Lounge is located on the left hand side between Gates 2and 3.",DOMESTIC DEPARTURE,,Domestic Terminal,,Domestic,,
N05146,HZA,Heze Mudan Airport,First Class Lounge (2F),,"Airside - After security check, next to Gate 4",DOMESTIC DEPARTURE,,Main Terminal,,Domestic,,
N00692,USM,Samui Airport,Blue Ribbon Club Lounge,,"Airside - After passport control and security check, the Lounge is located at Gate 6 on the left hand side. Follow signs.",INTERNATIONAL DEPARTURE,,International Terminal,,International,,
N04869,SYX,Phoenix International Airport,South Airlines First Class and Business Class Pearl Member Lounge (T2 Domestic),,Airside- Opposite gate 217 after security check.,DOMESTIC DEPARTURE,,Terminal 2,,Domestic,,
N05147,DIG,Shangri-La Airport,First Class Lounge (T2 Domestic),,"Airside - After security check, turn left on the second floor departure floor and go to the ""First Class Lounge"" about 50 meters away",DOMESTIC DEPARTURE,,Terminal 2,,Domestic,,
N00242,KWL,Liangjiang International Airport,First Class/Business Class Lounge (Dom),,"Airside - After security, turn right 130 meters to the first class lounge.",DOMESTIC DEPARTURE,,Terminal 2,,Domestic,,
N00693,SJW,Zhengding International Airport,First Class Lounge,,"Airside - After passport control and security check, the lounge is located near the Departure Gate 2.",DOMESTIC DEPARTURE,,Terminal 2,,Domestic,,
N00694,TRN,Turin Airport,Piemonte Lounge,,Airside - The lounge is located on the second floor of the boarding area. Take the stairs or elevator to the upper level of the departure lounge area.  Please follow the signs to the lounge.,"INTERNATIONAL DEPARTURE, DOMESTIC DEPARTURE",,Main Terminal,,International/Domestic,,
N05149,OKA,Naha Airport,Lounge RYURIN,,Airside - Located on the 4th floor inside the international departure gate area after security screening. (Please use the elevator next to the DFS DUTY FREE store.),INTERNATIONAL DEPARTURE,,International Terminal,,International,,
N00244,KWL,Liangjiang International Airport,First Class/Business Class Lounge (Intl),,"Airside - After passport control and security check, walk straight 16 meters.",INTERNATIONAL DEPARTURE,,Terminal 2,,International,,
N00248,HLD,Hailar Airport,First Class Lounge,,"Airside - After passport control and security check, go straight ahead till the end, the lounge is located on the right hand side.",DOMESTIC DEPARTURE,,Main Terminal,,Domestic,,
N04307,LCY,London City Airport,AeroSpa,,"Airside- Terminal 1, International Departures, near gate 4.",INTERNATIONAL DEPARTURE,,Terminal 1,,International,,
N00249,HIA,Lianshui Airport,First Class Lounge,,Take the escalator on the right to the second floor.,DOMESTIC DEPARTURE,,Main Terminal,,Domestic,,
N05371,RMO,Chisinau International Airport,Business Lounge,,"Airside - After passport control and security check, turn left after Duty Free. Take the escalator or stairs to Level 2 and turn left. Pass the ""Golden Jet Restaurant"" and the lounge is located on the right.",INTERNATIONAL DEPARTURE,,Main Terminal,,International,,
N04647,ISB,Islamabad International Airport,Domestic Cip Lounge,,"Airside - After passport control and security check, the lounge is in front of the boarding gates  C3 & C4.",DOMESTIC DEPARTURE,,Main Terminal,,Domestic,,
N05376,CTU,Shuangliu International Airport,First Class Lounge 1(Landside),,"Landside - Departure Hall, directly opposite Gate 11, from the check-in counter at Island P, walk 100 meters towards DE security check, go up the stairs on the left side and enter the lounge.",DOMESTIC DEPARTURE,,Terminal 2,,Domestic,,
N05377,CTU,Shuangliu International Airport,First Class Lounge 2(Landside),,"Landside-Opposite to Gate 11 of the Departure Hall, from the check-in counter of Island N, walk 100 meters towards DE security check, go up the stairs on the right side and enter the lounge.",DOMESTIC DEPARTURE,,Terminal 2,,Domestic,,
N05378,CTU,Shuangliu International Airport,First Class Lounge 3(Airside),,"Airside- After security, proceed to the information desk near DE security checkpoint, take the elevators on either side to the 4th floor, and enter the First Class Lounge.",DOMESTIC DEPARTURE,,Terminal 2,,Domestic,,
N00473,TLL,Lennart Meri Tallinn Airport,LHV Lounge,,Airside - The lounge is located on level 2 of the passenger terminal.,"INTERNATIONAL DEPARTURE, DOMESTIC DEPARTURE",,Main Terminal,,International/Domestic,,
N04983,CTS,New Chitose Airport,CAFÉ SKY LIBRARY,,Landside - Please use the dedicated escalator located next to the immigration area in the International Terminal to go up to the 4th floor. The lounge is located on the 4th floor.,INTERNATIONAL DEPARTURE,,International Terminal,,International,,
N00479,PSA,Pisa International Airport,Galilei VIP Lounge,,"Airside - The lounge is located on the 1st floor, after security checks and before arriving at the Schengen gates.","INTERNATIONAL DEPARTURE, DOMESTIC DEPARTURE",,Main Terminal,,International/Domestic,,
N04871,NNG,Wuxu International Airport,South Airlines First Class and Business Class Lounge (T2 Domestic),,Airside- Near gates 13 and 14 after security check.,DOMESTIC DEPARTURE,,Terminal 2,,Domestic,,
N00362,WNZ,Longwan International Airport,International First Class Lounge,,"Airside - After passport control and security check, turn left and go straight about 10 meters.",INTERNATIONAL DEPARTURE,,Terminal 1,,International,,
N04872,NNG,Wuxu International Airport,South Airlines Pearl Gold and Silver Card VIP Lounge (T2 Domestic),,Airside- Near gates 13 and 14 after security check.,DOMESTIC DEPARTURE,,Terminal 2,,Domestic,,
N00363,ZHA,Potou Airport,First Class Lounge,,"Airside - After passport control and security check, turn right and go straight, takt the elevator to level 2, where the lounge is located.",DOMESTIC DEPARTURE,,Main Terminal,,Domestic,,
N01094,BFN,Bloemfontein International Airport,Bidvest Premier Lounge,,"Airside - After security check, walk to the end of the passage and the lounge is located on the right.",DOMESTIC DEPARTURE,,Domestic Terminal,,Domestic,,
N05154,PQC,Phu Quoc International Airport,The SENS Leisure Lounge,,"Airside - After immigration and securities, turn right and walk for 1 minute to the Lounge.",INTERNATIONAL DEPARTURE,,International Terminal,,International,,
N00253,JNG,Qufu Airport,First Class Lounge,,"Airside - After passport control and security check, proceed to Level 2 and then turn left.",DOMESTIC DEPARTURE,,Main Terminal,,Domestic,,
N04312,DXB,Dubai International Airport,Be Relax D9,,"After security check - After Duty Free, near Gate 9",INTERNATIONAL DEPARTURE,,Terminal 1,,International,,
N04763,KHI,Jinnah International Airport,Marhaba - Premium Lounge,,"Airside - After passport control and security check, straight upstairs right after immigration clearance.",INTERNATIONAL DEPARTURE,,International Terminal,,International,,
N04313,DXB,Dubai International Airport,Be Relax A1,,After security check and customs - go to Concourse A,INTERNATIONAL DEPARTURE,,Terminal 3,,International,,
N04314,DXB,Dubai International Airport,Be Relax A23,,After security check and customs - go to Concourse A,INTERNATIONAL DEPARTURE,,Terminal 3,,International,,
N04315,DXB,Dubai International Airport,Be Relax B10,,After security check and customs - go to Concourse B,INTERNATIONAL DEPARTURE,,Terminal 3,,International,,
N04316,DXB,Dubai International Airport,Be Relax B23,,After security check and customs - go to Concourse B,INTERNATIONAL DEPARTURE,,Terminal 3,,International,,
N00258,TXN,Tunxi International Airport,First Class Lounge,,"After the security check in the domestic departure hall, go straight to the ""First Class Lounge"" on the right on the second floor.",DOMESTIC DEPARTURE,,Main Terminal,,Domestic,,
N04317,DXB,Dubai International Airport,Be Relax B13,,After security check and customs - go to Concourse B,INTERNATIONAL DEPARTURE,,Terminal 3,,International,,
N00141,LHE,Allama Iqbal International Airport,CIP Lounge,,"Airside - After passport control and security check, the lounge is located upstairs on the left hand side above the passport control and security check counter.",INTERNATIONAL DEPARTURE,,Allama Iqbal Terminal,,International,,
N04318,DXB,Dubai International Airport,Be Relax B18,,After security check and customs - go to Concourse B,INTERNATIONAL DEPARTURE,,Terminal 3,,International,,
N05380,PDX,Portland International Airport,Escape Lounge,,"Airside - After passport control and security check, turn right and follow signs to the D gates, the lounge is located between D8 and D10.","INTERNATIONAL DEPARTURE, DOMESTIC DEPARTURE",,Terminal D,,International/Domestic,,
N04201,KCH,Kuching International Airport,Travel Club Lounge,,"After the immigration and security check, please proceed to domestic departure/arrival level. Travel Club Lounge is located near Gate 6.",DOMESTIC DEPARTURE,,Main Terminal,,Domestic,,
N04202,BKI,Kota Kinabalu International Airport,Travel Club Lounge,,Travel Club Lounge located near to Marrybrown Restaurant towards Gate A10.,DOMESTIC DEPARTURE,,Domestic Terminal,,Domestic,,
N00598,NCE,Nice Airport,The Library Lounge,,"Airside - After passport control, take the stairs to level 2. The Lounge is located on the left hand side of the main departure lounge.","INTERNATIONAL DEPARTURE, DOMESTIC DEPARTURE",,Terminal 1,,International/Domestic,,
N04543,WDS,Wudangshan Airport,VIP Business Lounge (Main Terminal),,"After security check, go up to the level 2 and the lounge is located next to gate 5.",DOMESTIC DEPARTURE,,Main Terminal,,Domestic,,
N00485,OHD,Ohrid St. Paul the Apostle Airport,Primeclass Lounge,,"Airside - After check - in, proceed through gates 1 and 2 to customs and passport control, the lounge is located on the right hand side.",INTERNATIONAL DEPARTURE,,International Terminal,,International,,
N00486,SKP,Skopje International Airport,Primeclass Business Lounge,,"Airside - After passport control and security check, the lounge is located next to the Duty Free shop, between gate 203 & 204.","INTERNATIONAL DEPARTURE, DOMESTIC DEPARTURE",,International Terminal,,International/Domestic,,
N04545,GOX,Manohar International Airport,Encalm Lounge  (International),,"Airside - After security check, lounge is located on Level 2.",INTERNATIONAL DEPARTURE,,International Terminal,,International,,
N00487,GDN,Gdansk Lech Walesa Airport,Executive Lounge,,"Airside - After passport control and security check, the lounge is located on the left hand side of the terminal near gates 11 - 18.",INTERNATIONAL DEPARTURE,,Terminal 2,,International,,
N04546,HZA,Heze Mudan Airport,VIP Lounge,,"Facing the terminal, go straight to the right to the lounge on the outside of the terminal.",DOMESTIC DEPARTURE,,Main Terminal,,Domestic,,
N04997,ASW,Aswan International Airport,Pearl Lounge,,"Airside - After passport control and security check, the lounge is located on the right.",DOMESTIC DEPARTURE,,Main Terminal,,Domestic,,
N00488,KTW,Katowice International Airport,Business Lounge,,"Airside - After passport control and security check, the lounge is located on the ground floor.",INTERNATIONAL DEPARTURE,,Terminal A,,International,,
N04998,ASW,Aswan International Airport,Pearl Lounge,,Landside - The lounge is located on the right side after the check-in counters.,INTERNATIONAL DEPARTURE,,Main Terminal,,International,,
N04430,DIN,Dien Bien Phu Airport,SH Premium Lounge Dien Bien,,"After passing through the security check area, please head to the second floor and you will see the name banner of the business lounge.",DOMESTIC DEPARTURE,,Domestic Terminal,,Domestic,,
N04999,KAN,Mallam Aminu Kano International Airport,PTS Lounge,,"Airside - After passport control and security check, the lounge is located on level 3, follow signs for ""Premium Lounge"".",INTERNATIONAL DEPARTURE,,International Terminal,,International,,
N04885,ZFL,Zhaosu Tianma Airport,VIP Business Lounge (Domestic),,"Airside - After passport control and security check, the lounge is located next to gate 1.",DOMESTIC DEPARTURE,,Main Terminal,,Domestic,,
N03707,SJW,Zhengding International Airport,Guest Rest Area before security check (T2 Domestic),,"Enter ""CIP Guest Rest Area"" from Gate 1 on the second floor of T2 Terminal.",DOMESTIC DEPARTURE,,Terminal 2,,Domestic,,
N00378,MLA,Malta International Airport,La Valette Club,,"Airside - After security check, proceed through the Duty Free area, turn left at the exit and take the lift to the 3rd floor.","INTERNATIONAL DEPARTURE, DOMESTIC DEPARTURE",,Main Terminal,,International/Domestic,,
N00379,MLA,Malta International Airport,VIP Lounge (Arrivals),,"Airside - After immigration check, the lounge is located near to the baggage reclaim hall.","INTERNATIONAL ARRIVAL, DOMESTIC ARRIVAL",,Main Terminal,,International/Domestic,,
N04323,MCT,Muscat International Airport,Be Relax,,"Airside - located right after the security point, in the central area.","INTERNATIONAL DEPARTURE, DOMESTIC DEPARTURE",,Main Terminal,,International/Domestic,,
N04324,MCT,Muscat International Airport,Be Relax,,After security check - turn right towards A gates. Take the left lane and you will find Be Relax just before gate A3.,"INTERNATIONAL DEPARTURE, DOMESTIC DEPARTURE",,Main Terminal,,International/Domestic,,
N00267,LJG,Sanyi Airport,Best VIP Reception Counter,,"Landside - Before passport control and security check, the lounge is near the 12th check - in counter.",DOMESTIC DEPARTURE,,Main Terminal,,Domestic,,
N04329,LGW,London Gatwick Airport,AeroSpa,,"Airside- After Security Check, South Terminal, International Departures",INTERNATIONAL DEPARTURE,,South Terminal,,International,,
N04663,BKK,Suvarnabhumi International Airport,Miracle Business Class Lounge,,"Airside - After passport control and security check, the lounge is located on the east side. The lounge is located on the Level 4 at SAT1 Terminal and after the TRAIN from the Main Terminal.",INTERNATIONAL DEPARTURE,,Satellite Terminal,,International,,
N04664,YTW,Yu Tian Wan Fang Airport,VIP Business Lounge,,"After security, “VIP Business Lounge” on the right.",DOMESTIC DEPARTURE,,Main Terminal,,Domestic,,
N04665,RQA,Ruo Qiang LouLan Airport,Gold and Silver Card First Class Lounge,,"After security, “Gold and Silver First Class Lounge” on the right.",DOMESTIC DEPARTURE,,Main Terminal,,Domestic,,
N04666,NLT,Nalati Airport,VIP Lounge (Landside),,"Landside - The lounge is located on the second floor of the departure hall on the right side. Note: Due to the special nature of this location, access control is needed, travelers need to contact 17797513755 to use the service, a member of staff will then open the door.",DOMESTIC DEPARTURE,,Main Terminal,,Domestic,,
N04667,IQM,Qiemo Airport,First class lounge,,"After security check, “First Class Lounge” on the right hand side (no snacks or beverages are available due to airport resource constraints, only a lounge area is available)",DOMESTIC DEPARTURE,,Main Terminal,,Domestic,,
N00492,WAW,Warsaw Chopin Airport,Etiuda Executive Lounge,,"Airside - After passport control and security check, the lounge is located near departure gates 19 to 22.",INTERNATIONAL DEPARTURE,,Terminal A,,International,,
N04219,RIZ,Rizhao-Shanzihe International Airport,Xinghe Guoji VIP Lounge,,"After security check, Star River VIP Reception by Gate 1",DOMESTIC DEPARTURE,,Main Terminal,,Domestic,,
N04553,HAN,Noi Bai International Airport,ACV Lounge,,"Airside - Located in International Terminal Inside Security. After Passport Control and Security Checkpoint, turn left and proceed up the escalators near Gate 36 to the lounge entrance on Level 4.",INTERNATIONAL DEPARTURE,,Terminal 2,,International,,
N00381,LIS,Lisbon Portela Airport,ANA Lounge,,"Airside - After security check, the lounge is located on the 6th floor above the new commercial area.",INTERNATIONAL DEPARTURE,,Terminal 1,,International,,
N00499,UVF,Hewanorra International Airport,Iyanola Executive Lounge,,"Airside - After passport control, turn left and proceed through the brown door. Take the elevator or stairs to level 1 where the lounge is located at the end of the hall.",INTERNATIONAL DEPARTURE,,International Terminal,,International,,
N04441,CGQ,Longjia International Airport,Domestic First Class Lounge (opposite Gate 10),,After security check - opposite gate 10,DOMESTIC DEPARTURE,,Terminal 2,,Domestic,,
N00384,OPO,Francisco Sa Carneiro Airport,Airport Lounge,,"Airside - After security check, the lounge is located on level 3, close to departure gate 31 & 32.",DOMESTIC DEPARTURE,,Main Terminal,,Domestic,,
N03716,DYG,Hehua Airport,First Class Lounge 4 (T2 International),,"After security check, go straight for 100 meters, turn right and go straight for 50 meters to ""First Class Lounge 4"".",INTERNATIONAL DEPARTURE,,Terminal 2,,International,,
N03717,PEK,Beijing Capital International Airport,Beijing Capital V6 Lounge (T2 Domestic),,"After security check, diagonally across from Gate 21.",DOMESTIC DEPARTURE,,Terminal 2,,Domestic,,
N00270,LJG,Sanyi Airport,International First Class Lounge,,"Airside - After passport control and security check, turn right.",INTERNATIONAL DEPARTURE,,Main Terminal,,International,,
N03600,FUK,Fukuoka Airport,Lounge TIME/North,,Landside - Located on the 1st floor of the Domestic Passenger Terminal Building.,DOMESTIC DEPARTURE,,Domestic Terminal,,Domestic,,
N03718,PEK,Beijing Capital International Airport,Airport Club A2 Members Lounge (Dom T3),,"Airside -The lounge is located next to gates C34 and C35, Domestic quarantine area, T3 Terminal",DOMESTIC DEPARTURE,,Terminal 3,,Domestic,,
N03601,FUK,Fukuoka Airport,Lounge TIME/South,,Airside -Located on the 2nd floor of the Domestic Passenger Terminal Building.,DOMESTIC DEPARTURE,,Domestic Terminal,,Domestic,,
N03719,PEK,Beijing Capital International Airport,Airport Club A3 Members Lounge (Dom T3),,"Airside -The lounge is located next to gates C34 and C35, Domestic quarantine area, T3 Terminal",DOMESTIC DEPARTURE,,Terminal 3,,Domestic,,
N04330,LGW,London Gatwick Airport,AeroSpa,,"Airside - After passport control and security check, the lounge is located on the Lower Level opposite Harrods.",INTERNATIONAL DEPARTURE,,North Terminal,,International,,
N03602,FUK,Fukuoka Airport,Lounge TIME International,,"Airside -Located on the 3rd floor of the International Passenger Terminal Building, near Gate 56.",INTERNATIONAL DEPARTURE,,International Terminal,,International,,
N03603,ZNZ,Abeid Amani Karume International Airport,Marhaba Lounge,,"Airside - After passport control and security check proceed to 1st floor. Marhaba lounge is located the end of corridor on the right handside, near gate 1.",INTERNATIONAL DEPARTURE,,Terminal 3,,International,,
N13082,TSA,Songshan Airport,Plaza Premium Lounge,,"Airside - 3 Floor, Departure Floor, Terminal 1 (International Terminal).",INTERNATIONAL DEPARTURE,,Terminal 1,,International,,
N00276,KHN,Changbei International Airport,First Class Lounge,,"Airside - After passport control and security check, turn left and go straight about 50 metres.",DOMESTIC DEPARTURE,,Terminal 2,,Domestic,,
N00161,DAT,Yungang Airport,First Class Lounge,,"Airside - After passport control and security check, turn right and continue straight.",DOMESTIC DEPARTURE,,Main Terminal,,Domestic,,
N00279,NNG,Wuxu International Airport,First Class Lounge 2,,"Airside - After passport control and security check, turn left, the lounge is located opposite the escalator to gate 33 - 39.",DOMESTIC DEPARTURE,,Terminal 2,,Domestic,,
N04220,LYI,Shubuling Airport,Xinghe Guoji VIP Lounge,,"Security turn right up the stairs to the second floor and turn right, opposite Gate 3",DOMESTIC DEPARTURE,,Terminal 2,,Domestic,,
N05069,SAI,Siem Reap-Angkor International Airport,Angkor Lounge,,Airside - West Point (Pass through the Zero Duty Free shopping area ) The Lounge is Located between Gates 01-03,INTERNATIONAL DEPARTURE,,Main Terminal,,International,,
N04116,FUG,Xiguan Airport,First Class/Business Class Lounge V2,,"Airside- on the domestic departure side, 50 meters to the left, opposite gate A3 'First Class/Business Class Lounge V2'",DOMESTIC DEPARTURE,,Main Terminal,,Domestic,,
N00058,ESB,Esenboga International Airport,Primeclass Lounge,,"Airside - After passport control and security check, proceed one floor up by taking the escalator on the right hand side. The lounge is located immediately ahead.",INTERNATIONAL DEPARTURE,,Main Terminal,,International,,
N04002,CSX,Huanghua International Airport,First Class VIP Room No. 18 (T2 International),,"After security check, go straight for 150 meters to the right hand side of ""First Class VIP Room 18"" (to the right hand side of Gate 46).",INTERNATIONAL DEPARTURE,,Terminal 2,,International,,
N00396,GRZ,Graz Airport,VIP Lounge,,"Airside - Before passing security check and passport control, passengers must first register at the information desk, near check-in counter 1. Passengers will be given an access pass with a bar code to enter the VIP lounge. The lounge is located after security, on level 1 to the right.","INTERNATIONAL DEPARTURE, DOMESTIC DEPARTURE",,Main Terminal,,International/Domestic,,
N00280,NNG,Wuxu International Airport,First Class Lounge 3,,"Airside - After passport control and security check, turn left, the lounge is located opposite the escalator to gate 33 - 39.",DOMESTIC DEPARTURE,,Terminal 2,,Domestic,,
N03728,NRT,Narita International Airport,ASPIRE LOUNGE,,"Airside - Located on the 2nd floor of Terminal 2 Satellite, near Gate 82.",INTERNATIONAL DEPARTURE,,Terminal 2,,International,,
N03611,HFE,Xinqiao International Airport,China Eastern No.2 Lounge (Dom),,"After the security check at the departure level on the second floor, turn left 50 meters opposite gate A12.(This Lounge is limited to passengers who are flying with China Eastern Airlines as the actual operating carrier)",DOMESTIC DEPARTURE,,Main Terminal,,Domestic,,
N04008,LZH,Bailian Airport,First Class Lounge (T2 Dom),,"After security check, the lounge next to Gate 6 at the south end of the terminal building.",DOMESTIC DEPARTURE,,Main Terminal,,Domestic,,
N04341,HRB,Taiping International Airport,VIP Lounge,,"After security check, go straight ahead for 20 meters, go down the stairs in the direction of Gate 8-29, go straight ahead for 20 meters and turn left to the ""VIP Lounge"".",DOMESTIC DEPARTURE,,Terminal 2,,Domestic,,
N05074,NRT,Narita International Airport,I.A.S.S SUPERIOR LOUNGE -NOA-,,Airside -Near Gate 26 on the 3rd floor.,INTERNATIONAL DEPARTURE,,Terminal 1,,International,,
N05075,NRT,Narita International Airport,I.A.S.S SUPERIOR LOUNGE -KoCoo-,,Airside -Please take the elevator on the north side (near the North Immigration area) to the 4th floor. The lounge is located right next to the elevator.,INTERNATIONAL DEPARTURE,,Terminal 2,,International,,
N00288,NGB,Lishe International Airport,First Class Lounge,,"Airside - After passport control and security check, the lounge is located opposite departure gate 1/2.",INTERNATIONAL DEPARTURE,,Terminal 2,,International,,
N04680,WUH,Tianhe International Airport,V18 VIP lounge (T2 domestic),,"After the security check, the elevator on the right goes up to level 2 for 50 meters.",DOMESTIC DEPARTURE,,Terminal 2,,Domestic,,
N04681,WUH,Tianhe International Airport,V16 VIP lounge (T2 domestic),,"After the security check, go up to level 2 with the escalator on the left hand side  and walk 50 meters.",DOMESTIC DEPARTURE,,Terminal 2,,Domestic,,
N03502,PBI,Palm Beach International Airport,Escape Lounge,,"Airside - After passport control and security check, the lounge is located near the entrance to A and B concourses. Passengers from concourse C can also access the lounge.",INTERNATIONAL DEPARTURE,,Main Terminal,,International,,
N05079,YYA,Sanhe Airport,VIP Lounge,,"Airside - After security check, turn right to the escalator and go up to the first floor and turn right 50 metres to the VIP Lounge.",DOMESTIC DEPARTURE,,Main Terminal,,Domestic,,
N04684,WUH,Tianhe International Airport,No. 1 VIP Reception  (T2 domestic),,"Before the security check, Departure Hall on level 2, inside Gate 3, left side, “No. 1 VIP Reception ”.",DOMESTIC DEPARTURE,,Terminal 2,,Domestic,,
N04234,KWE,Longdongbao International Airport,First Class Lounge (Dom T3),,"After security check, turn left 20 meters ""First Class Lounge""",INTERNATIONAL DEPARTURE,,Terminal 3,,International,,
N04685,WUH,Tianhe International Airport,No.2 VIP Reception  (T2 domestic),,"Before security, Departure Hall on level 2, inside Gate 3, right side ""No.2 VIP Reception"".",DOMESTIC DEPARTURE,,Terminal 2,,Domestic,,
N04236,SKD,Samarkand International Airport,CIP Lounge,,The lounge is located at the east side of the terminal at Level 4.,INTERNATIONAL DEPARTURE,,International Terminal,,International,,
N00063,HAM,Hamburg Airport,Airport Lounge,,"Airside - After passport control, the lounge is located behind the security checks on level 3.",INTERNATIONAL DEPARTURE,,Airport Plaza,,International,,
N03730,NGS,Nagasaki Airport,Business Lounge AZALEA,,Landside - The lounge is located on 2F.,DOMESTIC DEPARTURE,,Main Terminal,,Domestic,,
N05192,KNO,Kualanamu International Airport,Plaza Premium Lounge Medan (Domestic),,"Airside - From Security Check point then proceed to go down to boarding gate, turn right and the lounge will be in front of gate 9.",DOMESTIC DEPARTURE,,Main Terminal,,Domestic,,
N03735,NGO,Nagoya Central Japan International Airport,Plaza Premium Lounge,,Enter through Passport Control and take the elevator next to Gate 18 down to the 2nd floor.,INTERNATIONAL DEPARTURE,,Terminal 1,,International,,
N03737,GOX,Manohar International Airport,Encalm Lounge  (Domestic),,The lounge is located at the Domestic Departures after SHA level 2 near the food court area.,DOMESTIC DEPARTURE,,Domestic Terminal,,Domestic,,
N05195,TAS,Tashkent International Airport,Anjir Business Lounge,,"Airside - The lounge is situated in the zone designated for passengers traveling on international flights, located in Terminal 2.",INTERNATIONAL DEPARTURE,,Terminal 2,,International,,
N03623,ACF,Alaer Talimu Airport,First Class Lounge(Domestic),,"After securtiy check,turn left.",DOMESTIC DEPARTURE,,Main Terminal,,Domestic,,
N03624,PQC,Phu Quoc International Airport,SH Premium Lounge Phu Quoc 1,,"Air side-Domestic Terminal, 2nd Floor.",DOMESTIC DEPARTURE,,Domestic Terminal,,Domestic,,
N03625,DLI,Lien Khuong Airport,SH Premium Lounge Lien Khuong,,"Airside - After passport control and security check, the lounge is located on level 2.",DOMESTIC DEPARTURE,,Domestic Terminal,,Domestic,,
N03626,VCA,Can Tho International Airport,SH Premium Lounge Can Tho,,"2nd Floor, Airside, Domestic Terminal",DOMESTIC DEPARTURE,,Domestic Terminal,,Domestic,,
N05084,CXR,Cam Ranh International Airport,SH Premium Lounge - Cam Ranh,,"Airside - After passport control and security check, the lounge is located on level 2 near gate 5/6.",DOMESTIC DEPARTURE,,Domestic Terminal,,Domestic,,
N03627,HUI,Phu Bai International Airport,SH Premium Lounge Phu Bai,,"2nd Floor, Airside, Domestic Terminal",DOMESTIC DEPARTURE,,Domestic Terminal,,Domestic,,
N05085,BLR,Kempegowda International Airport,080 International Lounge,,"Airside - Level 4, After Security Hold area, opp Irish House, International Departure",INTERNATIONAL DEPARTURE,,Terminal 2,,International,,
N03628,HPH,Cat Bi International Airport,SH Premium Lounge Cat Bi,,"2nd Floor, Airside, Domestic Terminal.",DOMESTIC DEPARTURE,,Domestic Terminal,,Domestic,,
N03629,UIH,Phu Cat Airport,SH Premium Lounge Phu Cat,,The lounge on the opposite side of the Escalator,DOMESTIC DEPARTURE,,Domestic Terminal,,Domestic,,
N00183,IOM,Ronaldsway Airport,Rendezvous Executive Lounge,,"Airside - After passport control and security check, the lounge is located on the left hand side before the entrance to the main departure lounge.",INTERNATIONAL DEPARTURE,,Main Terminal,,International,,
N04248,PKX,Beijing Daxing International Airport,CHUM Courtesy Lounge,,"Security checkpoint 44, Gate 8, Level 3 (Next to CHUM counter, exclusive channel for First class and business class)",DOMESTIC DEPARTURE,,Main Terminal,,Domestic,,
N04134,ASU,Silvio Pettirossi International Airport,Sala VIP Black,,"Airside -After passport control and security check, the lounge is located next to gate 4.","INTERNATIONAL DEPARTURE, DOMESTIC DEPARTURE",,Terminal 1,,International/Domestic,,
N04471,NTG,Nantong Airport,Deren VIP lounge (T3 domestic),,"After security - on the left hand side, next to gate 10.",DOMESTIC DEPARTURE,,Terminal 3,,Domestic,,
N04472,SHA,Hongqiao International Airport,Juneyao Airlines V6 VIP Lounge (T2 Domestic),,"Airside- opposite gate 38, take the elevator to the second floor",DOMESTIC DEPARTURE,,Terminal 2,,Domestic,,
N04474,VCS,Con Dao Airport,SH Premium Lounge Con Dao,,"After passing through the security check area, please turn left. You will see the nameplate Con Dao Business Lounge",DOMESTIC DEPARTURE,,Domestic Terminal,,Domestic,,
N03630,VII,Vinh Airport,SH Premium Lounge Vinh,,"2nd Floor, Airside, Domestic Terminal",DOMESTIC DEPARTURE,,Domestic Terminal,,Domestic,,
N03631,BMV,Buon Ma Thuot Airport,SH Premium Lounge Buon Ma Thuot,,"1st Floor, Airside, Domestic Terminal",DOMESTIC DEPARTURE,,Domestic Terminal,,Domestic,,
N03632,PXU,Pleiku Airport,SH Premium Lounge Pleiku,,The lounge near by Gate 1,DOMESTIC DEPARTURE,,Domestic Terminal,,Domestic,,
N03633,VCL,Chulai International Airport,SH Premium Lounge Chu Lai,,The Lounge located next to Gate 1,DOMESTIC DEPARTURE,,Domestic Terminal,,Domestic,,
N03634,VDH,Dong Hoi Airport,SH Premium Lounge Dong Hoi,,The lounge located next to Gate 2,DOMESTIC DEPARTURE,,Domestic Terminal,,Domestic,,
N03635,THD,Tho Xuan Airport,SH Premium Lounge Tho Xuan,,The lounge near by Gate 1,DOMESTIC DEPARTURE,,Domestic Terminal,,Domestic,,
N03636,TBB,Dong Tac Airport,SH Premium Lounge Tuy Hoa,,"1st Floor, Airside, Domestic Terminal",DOMESTIC DEPARTURE,,Domestic Terminal,,Domestic,,
N05095,HKG,Hong Kong International Airport,Hong Kong Airlines Lounge (Club Autus),,"Airside - After security check, the lounge is located on the seventh floor of the transfer hall near Gate 212 (you need to take the passenger rapid transit tram to get there),DragonPass Member Exclusive Zone",INTERNATIONAL DEPARTURE,,Terminal 1,,International,,
N00192,TSR,Traian Vuia International Airport,International Business Lounge,,"Airside - After passport control, take the stairs to the 1st floor and turn right. The lounge is located on the right hand side near the stairs.",INTERNATIONAL DEPARTURE,,International Terminal,,International,,
N00194,DLM,Dalaman Airport,CIP Lounge,,"Airside - After passport control and security check, follow the signs to 'CIP Premium Lounge' which is located next to the duty free.",INTERNATIONAL DEPARTURE,,International Terminal,,International,,
N03526,AEP,Aeroparque - Jorge Newbery Airport,AMAE Lounge Aeroparque - Landside,,Landside - The lounge is located before passport control and security check.  It is accessible to both passengers travelling on domestic and international flights and also available to arrival passengers.,"INTERNATIONAL DEPARTURE, INTERNATIONAL ARRIVAL, DOMESTIC DEPARTURE, DOMESTIC ARRIVAL",,Main Terminal,,International/Domestic,,
N00197,DUR,King Shaka International Airport,Umphafa Lounge,,"Airside - After passport control and security check, take the elevator to level 3 where the lounge is located.",INTERNATIONAL DEPARTURE,,International Terminal,,International,,
N03527,BRC,San Carlos de Bariloche Airport,Bariloche by AMAE Lounge,,Landside - The lounge is located before passport control and security check.  It is accessible to both passengers travelling on domestic and international flights and also available to arrival passengers.,"INTERNATIONAL DEPARTURE, INTERNATIONAL ARRIVAL, DOMESTIC DEPARTURE, DOMESTIC ARRIVAL",,Main Terminal,,International/Domestic,,
N03528,MDZ,Governor Francisco Gabrielli International Airport,Mendoza by AMAE Lounge,,"Airside - After passport control and security check, the lounge is located in the domestic departures area and is only accessible to departing passengers with a boarding pass. The lounge is located on level 1.",DOMESTIC DEPARTURE,,Main Terminal,,Domestic,,
N03529,IGR,Cataratas del Iguazu International Airport,Iguazu by AMAE Lounge,,"Airside - After passport control and security check, the lounge is located on level 2.",DOMESTIC DEPARTURE,,Main Terminal,,Domestic,,
N04140,CUZ,Alejandro Velasco Astete International Airport,Hanaq Cusco,,"After security check, on the first floor next to Gate 10.",DOMESTIC DEPARTURE,,Main Terminal,,Domestic,,
N04143,JIB,Djibouti-Ambouli International Airport,Beira Lounge,,"Airside - After passport control and security check, the lounge is located on level 2.",INTERNATIONAL DEPARTURE,,Main Terminal,,International,,
N04144,ABB,Asaba International Airport,Asaba VIP Lounge,,"Airside - After passport control and security check, follow directions to the boarding gates.",DOMESTIC DEPARTURE,,Domestic Terminal,,Domestic,,
N03417,MIG,Nanjiao Airport,First Class lounge(T2),,"After Security check,turn right and walk straight about 20~30 metres,the lounge is at the opposite of No.1 boarding gate.",DOMESTIC DEPARTURE,,Terminal 2,,Domestic,,
N04148,CRD,General Enrique Mosconi International Airport,Comodoro by AMAE Lounge,,"Airside - After passport control and security check, the lounge is located on level 1.",DOMESTIC DEPARTURE,,Main Terminal,,Domestic,,
N03304,HGH,Xiaoshan International Airport,VIP Lounge 16,,"Airside - After security check, the lounge is located on the Departure level, in the direction of Gate 29,  go straight for about 100 meters to the left from after security.",DOMESTIC DEPARTURE,,Terminal 4,,Domestic,,
N03641,HET,Baita International Airport,First Class Lounge No.4 (Domestic),,Turn Right after security check.,DOMESTIC DEPARTURE,,Main Terminal,,Domestic,,
N03645,BPL,Alashankou Airport,VIP Lounge(Before security check),,"Before security inspection, 50 meters behind the security inspection passage.",DOMESTIC DEPARTURE,,Main Terminal,,Domestic,,
N04376,DLC,Zhoushuizi International Airport,Business Lounge,,"After security check, turn right and go straight near gate 14 take the escalator up the stairs and turn left.",DOMESTIC DEPARTURE,,Main Terminal,,Domestic,,
N04264,CAN,Baiyun International Airport,China Southern Airlines Lounge(T2 domestic),,"After security check,turn left.",DOMESTIC DEPARTURE,,Terminal 2,,Domestic,,
N04265,CAN,Baiyun International Airport,China Southern Airlines Pearl VIP Lounge(T2 domestic),,"After security check,turn left and walk 50 meters.",DOMESTIC DEPARTURE,,Terminal 2,,Domestic,,
N03539,LGA,LaGuardia Airport,Air Canada LaGuardia Maple Leaf Lounge,,"Airside - After passport control and security check, the lounge is located in Concourse A, Level 3.","INTERNATIONAL DEPARTURE, DOMESTIC DEPARTURE",,Terminal B,,International/Domestic,,
N04151,KAN,Mallam Aminu Kano International Airport,Lounge One,,"Airside - After passport control and security check, the lounge is located on level 2.",INTERNATIONAL DEPARTURE,,International Terminal,,International,,
N03311,HGH,Xiaoshan International Airport,VIP lounge V26 (T4 domestic),,T4---At the left side of the Gate 29,DOMESTIC DEPARTURE,,Terminal 4,,Domestic,,
N03764,LZY,Nyingchi Mainling Airport,First Class Lounge(T1),,"After security check, turn right on the second escalator and walk forward for about 300 meters to reach the ""first-class lounge"".",DOMESTIC DEPARTURE,,Main Terminal,,Domestic,,
N03314,HGH,Xiaoshan International Airport,VIP Lounge V25 (Int T4),,"Airside - After passport control and security check, the lounge is located on the 2nd floor, left side 20 meters.",INTERNATIONAL DEPARTURE,,Terminal 4,,International,,
N03317,LYG,Baitabu Airport,First class lounge,,"After the security check, turn right and go straight for about 10 meters. The ""first class waiting room"" opposite the No. 4 gate",DOMESTIC DEPARTURE,,Main Terminal,,Domestic,,
N02922,XIY,Xianyang International Airport,Time to Nap Lounge (T3 Domestic),,"Landside - Before passport control and security check, the lounge is located in Gate 312, Domestic Arrival Hall.",DOMESTIC DEPARTURE,,Terminal 3,,Domestic,,
N03651,GOQ,Golmud Airport,First Class Lounge(T2),,"After security check,take the elevator to 2F and walk straight for 50 metres.",DOMESTIC DEPARTURE,,Main Terminal,,Domestic,,
N03202,DOY,Dongying Airport,First Class Lounge,,"Airside - After passport control and security check, the lounge is located across from Gate 3",DOMESTIC DEPARTURE,,Main Terminal,,Domestic,,
N04049,HFE,Xinqiao International Airport,First Class Lounge 1 (T1),,"After Security check,turn right and the lounge is at the opposite of A09 boarding gate.",DOMESTIC DEPARTURE,,Main Terminal,,Domestic,,
N02929,SYX,Phoenix International Airport,V2 First Class Lounge,,"Airside - After passport control and security check, the lounge is located in Terminal 2, after the security check, turn left and go straight on the mezzanine for about 100 meters (the mezzanine opposite to gate 216)",DOMESTIC DEPARTURE,,Terminal 2,,Domestic,,
N02817,LXA,Gonggar Airport,First Class Lounge,,"Airside - After passport control and security check, the lounge is located between gates 18-19 on the west concourse.",DOMESTIC DEPARTURE,,Terminal 3,,Domestic,,
N02702,LJG,Sanyi Airport,First Class Lounge 2 (T2 Dom),,"Airside - After security checks,turn right and go straight for 50 meters.",DOMESTIC DEPARTURE,,Main Terminal,,Domestic,,
N02707,CSX,Huanghua International Airport,No.6 Business Lounge,,Landside: Head towards gate 1 at the departing floor and turn right after 50 meters.,DOMESTIC DEPARTURE,,Terminal 1,,Domestic,,
N03320,YNJ,Chaoyangchuan International Airport,First class lounge,,"After the security check, turn right and go straight for about 50 meters",DOMESTIC DEPARTURE,,Main Terminal,,Domestic,,
N03329,PEW,Bacha Khan International Airport,CIP Lounge (Dom),,"Airside - After passport control and security check, the lounge is located next to gate 5 inside the domestic departure lounge.",DOMESTIC DEPARTURE,,Terminal 1,,Domestic,,
N04059,AHB,Abha Regional Airport,Hayyak Lounge,,"Airside - After passport control and security check, the entrance to the lounge is located on the left.",DOMESTIC DEPARTURE,,Main Terminal,,Domestic,,
N03664,HYD,Rajiv Gandhi International Airport,Encalm Lounge (Domestic),,"The lounge is located at the Domestic Departures beside boarding gate 21, level E.",DOMESTIC DEPARTURE,,Domestic Terminal,,Domestic,,
N04393,AEP,Aeroparque - Jorge Newbery Airport,AMAE Lounge Aeroparque - Domestic,,"Airside - After security check, the lounge is located on level 1.",DOMESTIC DEPARTURE,,Main Terminal,,Domestic,,
N03214,YKH,Yingkou Lanqi Airport,First Class Lounge,,"Airside - After passport control and security check, the lounge is located on the escalator to the second floor, turn right 20 meters.",DOMESTIC DEPARTURE,,Main Terminal,,Domestic,,
N03665,HYD,Rajiv Gandhi International Airport,Encalm Lounge (International),,The lounge is located at the International Departures beside boarding gate no. 23 level E.,INTERNATIONAL DEPARTURE,,International Terminal,,International,,
N04394,SLA,Martin Miguel de Guemes International Airport,Salta by AMAE Lounge,,Landside - The lounge is located before passport control and security check.  It is accessible to both passengers travelling on domestic and international flights and also available to arrival passengers.,"INTERNATIONAL DEPARTURE, INTERNATIONAL ARRIVAL, DOMESTIC DEPARTURE, DOMESTIC ARRIVAL",,Main Terminal,,International/Domestic,,
N04395,KSC,Kosice Airport,Kosice Business Lounge,,"Airside - After security check, turn left and the lounge is located on the first floor.","INTERNATIONAL DEPARTURE, DOMESTIC DEPARTURE",,Terminal 1,,International/Domestic,,
N04396,ANU,V. C. Bird International Airport,Executive Lounge,,"Airside - After security check, turn left and the lounge is located at the end of the concourse.","INTERNATIONAL DEPARTURE, DOMESTIC DEPARTURE",,Main Terminal,,International/Domestic,,
N04397,BOJ,Burgas Airport,VIP/Business Lounge,,"Airside - After security check and passing through the Duty Free area, the lounge is located on the ground level next to Gate 1.","INTERNATIONAL DEPARTURE, DOMESTIC DEPARTURE",,Terminal 2,,International/Domestic,,
N04280,ROB,Roberts International Airport,Sanbra Business & Priority Lounge,,"Airside - After passport control and security check, the lounge is located on level 1.",INTERNATIONAL DEPARTURE,,Terminal A,,International,,
N04285,ZNZ,Abeid Amani Karume International Airport,The Premium Lounge,,"Airside - After passport control and security check, the lounge is located on the first floor next to the Spice Shop.",DOMESTIC DEPARTURE,,Terminal 2,,Domestic,,
N04287,RKT,Ras al Khaimah International Airport,The Lounge,,"Airside - After passport control and security check, the lounge is located on the first floor.",INTERNATIONAL DEPARTURE,,Main Terminal,,International,,
N03330,PEW,Bacha Khan International Airport,CIP Lounge (Int),,"Airside - After passport control and security check, the lounge is located next to gate 2 inside the International Departure lounge.",INTERNATIONAL DEPARTURE,,Terminal 1,,International,,
N03331,HET,Baita International Airport,First Class Lounge,,"Airside - After passport control and security check, the lounge is located across from Gate 16.",DOMESTIC DEPARTURE,,Main Terminal,,Domestic,,
N04060,DWD,Dawadmi Domestic Airport,Hayyak Lounge,,"Airside - After passport control and security check, the lounge is located on the ground level.",DOMESTIC DEPARTURE,,Main Terminal,,Domestic,,
N04062,RAE,Arar Domestic Airport,Hayyak Lounge,,"Airside - After passport control and security check, the lounge is located before the main departure area.",DOMESTIC DEPARTURE,,Main Terminal,,Domestic,,
N04063,BHH,Bisha Domestic Airport,Hayyak Lounge,,"Airside - After passport control and security check, the lounge is located on the left of the main departure hall.",DOMESTIC DEPARTURE,,Main Terminal,,Domestic,,
N04064,ELQ,Gassim Regional Airport,Hayyak Lounge Domestic,,"Airside - After passport control and security check, the lounge is located near the Absher service machine.",DOMESTIC DEPARTURE,,Main Terminal,,Domestic,,
N04065,ELQ,Gassim Regional Airport,Hayyak Lounge International,,"Airside - After passport control and security check, the lounge is located next to Arabica Star.",INTERNATIONAL DEPARTURE,,Main Terminal,,International,,
N04066,URY,Gurayat Domestic Airport,Hayyak Lounge,,"Airside - After passport control and security check, the lounge is located on the right of the departure hall.",DOMESTIC DEPARTURE,,Main Terminal,,Domestic,,
N03338,YIW,Yiwu Airport,First Class Lounge,,"Airside - After passport control and security check, the lounge is located on the International terminal, turn left inside security, left side of Gate 2.",INTERNATIONAL DEPARTURE,,Main Terminal,,International,,
N04067,HAS,Ha'il Regional Airport,Hayyak Lounge,,"Airside - After passport control and security check, the lounge is located on the first floor.",DOMESTIC DEPARTURE,,Main Terminal,,Domestic,,
N02945,SYX,Phoenix International Airport,V3 First Class Lounge,,"Airside - After passport control and security check, the lounge is located in Terminal 1, turn right and go straight for about 50 meters, opposite to boarding gate 207",DOMESTIC DEPARTURE,,Terminal 1,,Domestic,,
N02949,HAK,Meilan International Airport,Hainan Airlines Lounge,,"Airside - After passport control and security check from the 3rd floor, go forward for about 3 minutes and take the elevator to the lounge on the 4th  floor.",DOMESTIC DEPARTURE,,Terminal 2,,Domestic,,
N04290,SPX,Sphinx International Airport,Pearl Lounge,,Airside - After Security check and x-ray the lounge is located on the right.,INTERNATIONAL DEPARTURE,,Main Terminal,,International,,
N02834,BDA,L.F. Wade International Airport,Primeclass Lounge,,"Airside - After passport control and security check, the lounge is located at the end of the US departure hall.",DOMESTIC DEPARTURE,,U.S. preclearance,,Domestic,,
N02835,BDA,L.F. Wade International Airport,Primeclass Lounge,,"Airside - After passport control and security check, the lounge is located at the end of the international departure hall.",INTERNATIONAL DEPARTURE,,International Terminal,,International,,
N04293,ULH,Alula International Airport,Al Ula Lounge,,"Airside - After passport control and security check, the lounge is located on the ground level.","INTERNATIONAL DEPARTURE, DOMESTIC DEPARTURE",,Terminal 1,,International/Domestic,,
N02836,LUN,Kenneth Kaunda International Airport,Pearl Lounge,,"Airside - After passport control and security check, the lounge is located on level 2 near gate 4.","DOMESTIC DEPARTURE, DOMESTIC ARRIVAL",,Terminal 2,,Domestic,,
N02838,LUZ,Lublin Airport,Business Executive Lounge Schengen,,"Airside - After passport control and security check, the lounge is located near 'Lokal +48 bar' in the Schengen area. The lounge is also available to non-Schengen passengers after passing through the security check.","INTERNATIONAL DEPARTURE, DOMESTIC DEPARTURE",,Main Terminal,,International/Domestic,,
N03001,LOH,Loja Airport,Sala VIP Catamayo,,"Airside - After passport control and security check, the lounge is located on the right.",DOMESTIC DEPARTURE,,Main Terminal,,Domestic,,
N04184,KOJ,Kagoshima Airport,Sky Lounge Nanohana,,Landside - Located on the 2nd floor of Domestic terminal.,DOMESTIC DEPARTURE,,Domestic Terminal,,Domestic,,
N03457,CGK,Soekarno-Hatta International Airport,Saphire Plaza Premium Lounge,,"Airside - After passport control and security check, the lounge is located on Terminal 3, Level 2, near Gate 6.",INTERNATIONAL DEPARTURE,,Terminal 3,,International,,
N03458,SYX,Phoenix International Airport,V1 First class lounge(T1 Domestic),,"After security check,the lounge is at the opposite side of Gate 211.",DOMESTIC DEPARTURE,,Terminal 1,,Domestic,,
N04187,KHI,Jinnah International Airport,Sky Majestic Lounge,,Inside International Departure Satellite Area (After Final ASF Security Check).,INTERNATIONAL DEPARTURE,,International Terminal,,International,,
N04070,GIZ,Jizan Regional Airport,Hayyak Lounge,,"Airside - After passport control and security check, the lounge is located next to the boarding area.","INTERNATIONAL DEPARTURE, DOMESTIC DEPARTURE",,Main Terminal,,International/Domestic,,
N04188,KHI,Jinnah International Airport,The Prestige Lounge,,Inside Domestic Departure Satellite Area (After Final ASF Security Check).,DOMESTIC DEPARTURE,,Domestic Terminal,,Domestic,,
N04071,EAM,Najran Domestic Airport,Hayyak Lounge,,"Airside - After passport control and security check, the lounge is located on level 2, on the left.","INTERNATIONAL DEPARTURE, DOMESTIC DEPARTURE",,Main Terminal,,International/Domestic,,
N04072,TUU,Tabuk Regional Airport,Hayyak Lounge,,"Airside - After passport control and security check, the lounge is located on level 1.",DOMESTIC DEPARTURE,,Main Terminal,,Domestic,,
N04073,TIF,Ta’if Regional Airport,Hayyak Lounge Domestic,,"Airside - After passport control and security check, the lounge is located on the right.",DOMESTIC DEPARTURE,,Main Terminal,,Domestic,,
N04074,TIF,Ta’if Regional Airport,Hayyak Lounge International,,"Airside - After passport control and security check, the lounge is located on the right.",INTERNATIONAL DEPARTURE,,Main Terminal,,International,,
N02617,AAL,Aalborg Airport,Aalborg Airport Lounge,,"Airside - After passport control and security check, proceed through the shopping area and take the stairs or lift to level 1.","INTERNATIONAL DEPARTURE, DOMESTIC DEPARTURE",,Main Terminal,,International/Domestic,,
N04075,WAE,Wadi al-Dawasir Domestic Airport,Hayyak Lounge,,"Airside - After passport control and security check, the lounge is located on the right.",DOMESTIC DEPARTURE,,Main Terminal,,Domestic,,
N03680,LYP,Faisalabad International Airport,Prestigio Lounge,,After obtaining Boarding pass from briefing counter then upstairs for Security search counter. CIP Lounge situated behind passengers Lounge.,DOMESTIC DEPARTURE,,Domestic Terminal,,Domestic,,
N04076,YNB,Yanbu Airport,Hayyak Lounge,,"Airside - After passport control and security check, the lounge is located on the right.",DOMESTIC DEPARTURE,,Main Terminal,,Domestic,,
N02619,SAN,San Diego International Airport,Aspire Lounge,,"Airside - After the Terminal 2 east security checkpoint, take an immediate left and head towards gate 33.","INTERNATIONAL DEPARTURE, DOMESTIC DEPARTURE",,Terminal 2,,International/Domestic,,
N03681,LYP,Faisalabad International Airport,Prestigio Lounge,,After obtaining Boarding pass from briefing counter then upstairs for Immigration and Security search counter. CIP Lounge situated behind passengers Lounge.,INTERNATIONAL DEPARTURE,,International Terminal,,International,,
N03234,HDG,Handan Airport,VIP Lounge(Dom),,"Airside - After passport control and security check, the lounge is located on the left, opposite gate 12.",DOMESTIC DEPARTURE,,Main Terminal,,Domestic,,
N02506,UYN,Yuyang Airport,First Class Lounge,,"Airside - After passport control and security check, the lounge is located on the 2nd floor, south side.",DOMESTIC DEPARTURE,,Terminal 2,,Domestic,,
N02957,KWE,Longdongbao International Airport,VIP Lounge (T3 Dom),,"Airside - After passport control and security check, the lounge is located at the domestic first-class lounge on the third floor.",DOMESTIC DEPARTURE,,Terminal 3,,Domestic,,
N02508,ACX,Xingyi Airport,First Class Lounge,,"Airside - After passport control and security check, the lounge is located on 1st floor, near the gate No.3.",DOMESTIC DEPARTURE,,Terminal 2,,Domestic,,
N02509,ACX,Xingyi Airport,First Class Lounge 02,,"Airside - After passport control and security check, the lounge is located next to gate 7 on the second floor",DOMESTIC DEPARTURE,,Terminal 2,,Domestic,,
N03238,KRY,Karamay Airport,Passenger Lounge(Dom),,"Airside - After passport control and security check, the lounge is located on the second floor.",DOMESTIC DEPARTURE,,Main Terminal,,Domestic,,
N03239,FUG,Xiguan Airport,First Class Lounge (Dom),,"Airside - After passport control and security check, the lounge is located 100 meters to the left.",DOMESTIC DEPARTURE,,Main Terminal,,Domestic,,
N02844,BGO,Bergen Airport Flesland,Bergen Lounge,,"Airside - After passport control and security check, the lounge is located near gate E26 between Upper Crust and the mini bank area..",INTERNATIONAL DEPARTURE,,Main Terminal,,International,,
N02846,GVA,Geneva Airport,Crystal Lounge by Aspire,,"Airside - After passport control and security check, the lounge is located near gates C53.",INTERNATIONAL DEPARTURE,,Terminal 1,,International,,
N02848,XPL,Palmerola International Airport,Sala VIP PIA,,"Airside - After passport control and security check, the lounge is located near gate 12.",INTERNATIONAL DEPARTURE,,Main Terminal,,International,,
N02732,CLO,Alfonso B. Aragon Airport,Avianca VIP Lounge,,"Airside - After passport control and security check, the lounge is located on level 2 at the end of the hallway.",DOMESTIC DEPARTURE,,Domestic Terminal,,Domestic,,
N02733,BAQ,E Cortissoz Airport,Avianca VIP Lounge,,"Airside - After passport control and security check, the lounge is located in front of gate 11 in the national departure area.",DOMESTIC DEPARTURE,,Main Terminal,,Domestic,,
N03011,TNA,Yaoqiang International Airport,VIP area C,,"Landside - Before passport control and security check, the lounge is located on the left side of the waiting area of security inspection area 2 of gate 6 on the second floor",DOMESTIC DEPARTURE,,Main Terminal,,Domestic,,
N02734,BGA,Palo Negro Airport,Avianca VIP Lounge,,"Airside - After passport control and security check, the lounge is located in front of gate 5.",DOMESTIC DEPARTURE,,Main Terminal,,Domestic,,
N02735,MDE,Jose Maria Cordova International Airport,Avianca VIP Lounge,,"Airside - After passport control and security check, the lounge is located near gate 3.",DOMESTIC DEPARTURE,,Main Terminal,,Domestic,,
N02737,SAL,El Salvador International Airport,Avianca VIP Lounge,,"Airside - After passport control and security check, the lounge is located near gate 8.","DOMESTIC DEPARTURE, DOMESTIC ARRIVAL",,Main Terminal,,Domestic,,
N02738,HRG,Hurghada Airport,Pearl Lounge,,"Airside - After passport control and security check, the lounge is located near gate 30.",INTERNATIONAL DEPARTURE,,Terminal 1,,International,,
N02739,HRG,Hurghada Airport,CIP Pearl Lounge,,Landside - The lounge is located next to the check-in area after the first security area.,DOMESTIC DEPARTURE,,Terminal 2,,Domestic,,
N04082,COR,Taravella International Airport,Cordoba by AMAE Lounge,,Landside - The lounge is located before passport control and security check.  It is accessible to both passengers travelling on domestic and international flights and also available to arrival passengers.,"INTERNATIONAL DEPARTURE, INTERNATIONAL ARRIVAL, DOMESTIC DEPARTURE, DOMESTIC ARRIVAL",,Main Terminal,,International/Domestic,,
N04083,CFU,Ioannis Kapodistrias Airport,Goldair Handling Lounge,,"Airside - After passport control and security check, the lounge is located on level 1, near boarding gate 5.",INTERNATIONAL DEPARTURE,,Terminal 1,,International,,
N02626,ZZY,Domestic Airport,Domestic Airport General,,"1 trip to a global airport lounge, no refunds for active products, please make sure to fill in your name correctly.",DOMESTIC DEPARTURE,,All terminal,,Domestic,,
N02510,KHI,Jinnah International Airport,Majestic Lounge,,"Airside - After passport control and security check, the lounge is located near the Duty Free.",INTERNATIONAL DEPARTURE,,International Terminal,,International,,
N03690,YTZ,Billy Bishop City Airport,Aspire Lounge,,"Airside - After passport control and security check, the lounge is located near gate A.",DOMESTIC DEPARTURE,,Main Terminal,,Domestic,,
N03358,PHX,Phoenix Sky Harbor International Airport,Escape Lounge,,"Airside - After passport control and security check, the lounge is located on the mezzanine level.",DOMESTIC DEPARTURE,,Terminal 3,,Domestic,,
N03691,JIB,Djibouti-Ambouli International Airport,Beira Lounge,,"Airside - After passport control and security check, follow signs for 'Air Djibouti Beira VIP Lounge'.",INTERNATIONAL DEPARTURE,,Main Terminal,,International,,
N04087,HET,Baita International Airport,First Class Lounge No.6 (T2 Dom),,"After security check, go straight to the right and take the escalator down the stairs near gate 13, near gate 106.",DOMESTIC DEPARTURE,,Main Terminal,,Domestic,,
N03242,QSZ,Shache Airport,First Class Lounge(Dom),,"Airside - After passport control and security check, the lounge is located on the escalator to the second floor, opposite gate 4.",DOMESTIC DEPARTURE,,Main Terminal,,Domestic,,
N03693,ROS,Islas Malvinas Airport,AMAE Lounge (Domestic),,"Airside - After passport control and security check, the lounge is located in the domestic departures area.",DOMESTIC DEPARTURE,,Main Terminal,,Domestic,,
N03694,ROS,Islas Malvinas Airport,AMAE Lounge (International),,"Airside - After passport control and security check, the lounge is located in the international departures area.",INTERNATIONAL DEPARTURE,,Main Terminal,,International,,
N03695,SJJ,Sarajevo International Airport,Business Lounge,,"Airside - After passport control and security, the Business Lounge is located on the first floor of the terminal building, in the departure gate area.","INTERNATIONAL DEPARTURE, DOMESTIC DEPARTURE",,Terminal B,,International/Domestic,,
N03698,MEC,Eloy Alfaro International Airport,Sala Vip Manta by Layoverstay,,Airside - After security next to the boarding area,DOMESTIC DEPARTURE,,Main Terminal,,Domestic,,
N02519,NNG,Wuxu International Airport,Concept Library Reception Counter,,"At the end of the E check-in island, at security channel 30, the ""Terminal 2 F1 First Class"" counter on the left",DOMESTIC DEPARTURE,,Terminal 2,,Domestic,,
N03581,ADL,Adelaide Airport,Plaza Premium Lounge Departures,,"Airside - After passport control and security check, the lounge is located at the Level 1 International Departures. Entry via stairs Northern end of Airport near Penforlds Retail outlet.",INTERNATIONAL DEPARTURE,,Terminal 1,,International,,
N03249,KCA,Kuqa Airport,Two Cabins Gold and Silver Card Lounge (Domestic),,"After security check, 15 meters to the left.",DOMESTIC DEPARTURE,,Main Terminal,,Domestic,,
N01900,ENY,Ershilipu Airport,First Class Lounge 2,,"Airside - After passport control and security check, the lounge is next to Gate 2.",DOMESTIC DEPARTURE,,Main Terminal,,Domestic,,
N03360,CVG,Cincinnati/Northern Kentucky International Airport,Escape Lounge,,"Airside - After passport control and security check, the lounge is located in concourse B, next to gate 21.",INTERNATIONAL DEPARTURE,,Terminal 1,,International,,
N02632,PPS,Puerto Princesa Airport,PAGSS Lounge,,"Airside - After passport control and security check, the lounge is located on mezzanine floor, passenger terminal building.","INTERNATIONAL DEPARTURE, DOMESTIC DEPARTURE",,Main Terminal,,International/Domestic,,
N03028,ADD,Bole Airport,Plaza Premium Lounge,,"Airside - After passport control and security check, the lounge is located next to gate A7.",INTERNATIONAL DEPARTURE,,Terminal 2,,International,,
N03361,PVD,Theodore Francis Green State Airport,Escape Lounge,,"Airside - After passport control and security check, the lounge is located next to gate 18.",DOMESTIC DEPARTURE,,Terminal 1,,Domestic,,
N03362,MSP,Minneapolis - Saint Paul International Airport,Escape Lounge,,"Airside - After passport control and security check, the lounge is located on level 3.",INTERNATIONAL DEPARTURE,,Terminal 1,,International,,
N03363,RNO,Reno/Tahoe International Airport,Escape Lounge,,"Airside - After passport control and security check, the lounge is located on level 2.",INTERNATIONAL DEPARTURE,,Main Terminal,,International,,
N03364,GSP,Greenville-Spartanburg Airport,Escape Lounge,,"Airside - After passport control and security check, the lounge is located on level 2.",DOMESTIC DEPARTURE,,Terminal B,,Domestic,,
N02529,TNR,Ivato International Airport,Primeclass Lounge,,"Airside - After passport control and security, walk through Duty Free and the entrance is located on the left.",INTERNATIONAL DEPARTURE,,Terminal C,,International,,
N03142,PER,Perth International Airport,Aspire Lounge,,"Airside - After passport control and security check, the lounge is located on level 3 opposite Haymarket, near gates 53 and 54.",INTERNATIONAL DEPARTURE,,Terminal 1,,International,,
N02752,JMK,Mykonos Airport,Your Mykonian Luxury Lounge,,"Airside - After passport control and security check, the lounge is located near gate 4.","INTERNATIONAL DEPARTURE, DOMESTIC DEPARTURE",,Main Terminal,,International/Domestic,,
N02754,MHH,Marsh Harbour International Airport,Skyview Airport Lounge,,"Airside - After passport control and security check, the lounge is located on the upper level.","DOMESTIC DEPARTURE, DOMESTIC ARRIVAL",,Main Terminal,,Domestic,,
N03484,OAK,Oakland International Airport,Escape Lounge,,"Airside - After passport control and security check,  the lounge is located next to gate 8.",INTERNATIONAL DEPARTURE,,Terminal 1,,International,,
N03485,BDL,Bradley International Airport,Escape Lounge,,"Airside - After passport control and security check,  the lounge is located next to gate 1.",DOMESTIC DEPARTURE,,Terminal 1,,Domestic,,
N03035,HAK,Meilan International Airport,Business Lounge 1(T2 - Intl),,"Airside - After passport control and security check, the lounge is located across from gate 43 on the left side of the security check",DOMESTIC DEPARTURE,,Terminal 2,,Domestic,,
N01911,ISB,Islamabad International Airport,Airline Lounge,,"Airside - After passport control and security check, International Departures. After Immigration Control and ASF Search Area, the lounge is located upstairs next to the stairs in the main departure lounge.",INTERNATIONAL DEPARTURE,,Main Terminal,,International,,
N03487,BSB,Brasilia International Airport,VIP Express Club Pier Norte,,"Airside - After passport control and security check, the lounge is located on level 2.",DOMESTIC DEPARTURE,,Terminal 1,,Domestic,,
N03037,HYN,Luqiao Airport,First Class Lounge,,"Airside - After passport control and security check, turn left and go straight for about 100 meters.",DOMESTIC DEPARTURE,,Main Terminal,,Domestic,,
N03488,BSB,Brasilia International Airport,VIP Express Club Pier Sul,,"Airside - After passport control and security check, the lounge is located on level 2.",DOMESTIC DEPARTURE,,Terminal 1,,Domestic,,
N03038,YIW,Yiwu Airport,First Class Lounge,,"Airside - After passport control and security check, the lounge is located on the left, straight for about 100 meters.",DOMESTIC DEPARTURE,,Main Terminal,,Domestic,,
N03371,MEL,Melbourne Airport,Marhaba Lounge,,"Airside - After passport control and security check, the lounge is located on the departure gates 9 & 11 there is an elevator and escalator which take you directly to the lounge entrance on level 3.",INTERNATIONAL DEPARTURE,,Terminal 2,,International,,
N02646,BAH,Bahrain International Airport,The Pearl Lounge,,"Airside - After passport control and security check, the lounge is located in the west departure area near gate 15.",INTERNATIONAL DEPARTURE,,Main Terminal,,International,,
N01918,PEK,Beijing Capital International Airport,Hainan Airlines VIP Lounge,,"Airside - After passport control and security check, turn west and go straight ahead, the lounge is located in the end of the road.",DOMESTIC DEPARTURE,,Terminal 2,,Domestic,,
N02647,DYG,Hehua Airport,First Class Lounge No.1,,"Landside - Before passport control and security check, the lounge is located on the right side of the domestic departure hall.",DOMESTIC DEPARTURE,,Terminal 2,,Domestic,,
N03376,PEK,Beijing Capital International Airport,SiChuan Two Cabins Lounge(T2 Domestic),,"After security check,the lounge is beside Gate 33.",DOMESTIC DEPARTURE,,Terminal 2,,Domestic,,
N02648,KMG,Changshui International Airport,First Class Counter F01,,"Landside - Before security checks, check-in desk F.",DOMESTIC DEPARTURE,,Main Terminal,,Domestic,,
N03377,TFU,Chengdu Tianfu International Airport,Si Chuan Airline Lounge(T2 Domestic),,"After securtiy check,the lounge is at the opposite side of Gate 214",DOMESTIC DEPARTURE,,Terminal 2,,Domestic,,
N02649,KMG,Changshui International Airport,First Class Counter F02,,"Landside-Before security checks, check-in desk F.",DOMESTIC DEPARTURE,,Main Terminal,,Domestic,,
N02871,HAK,Meilan International Airport,Business Lounge 3 (T2 - Intl),,"Landside - Before passport control and security check, the lounge is located near gate 6 on the departure floor",DOMESTIC DEPARTURE,,Terminal 2,,Domestic,,
N02872,HAK,Meilan International Airport,Northeast high class lounge,,"Airside - After passport control and security check, the lounge is located in the isolation area on the third floor.",INTERNATIONAL DEPARTURE,,Terminal 2,,International,,
N03151,MQP,Kruger Mpumalanga International Airport,Bidvest Premier Lounge,,"Landside - Before passport control and security check, the lounge is located in front of the check - in desks.","INTERNATIONAL DEPARTURE, INTERNATIONAL ARRIVAL, DOMESTIC DEPARTURE, DOMESTIC ARRIVAL",,Main Terminal,,International/Domestic,,
N03152,CPT,Cape Town International Airport,Bidvest Premier Lounge Cape Town International 2,,"Airside - After passport control and security check, turn left and proceed down the passage past Gate A3, the lounge is located close to the escalator for Gate B.",INTERNATIONAL DEPARTURE,,International Terminal,,International,,
N02425,HNY,Hengyang Airport,First Class Lounge,,"Airside - After passport control and security check, turn left and the lounge is located opposite to gate No.5.",DOMESTIC DEPARTURE,,Main Terminal,,Domestic,,
N03154,DIY,Diyarbakir Airport,CIP Lounge,,"Airside - After passport control and security check, the lounge is located on level 1.",DOMESTIC DEPARTURE,,Domestic Terminal,,Domestic,,
N03155,MCO,Orlando International Airport,Plaza Premium Lounge,,"Airside - After passport control and security check, the lounge is located on level 2, near gate 240.",INTERNATIONAL DEPARTURE,,Terminal C,,International,,
N03156,BJL,Banjul International Airport,Roumieh Business Lounge,,"Airside - After passport control and security check, the lounge is located in front of the elevator.","INTERNATIONAL DEPARTURE, DOMESTIC DEPARTURE",,Main Terminal,,International/Domestic,,
N03491,MWZ,Mwanza Airport,Serengeti Lounge,,Airside - The lounge is located after passport control and security check.,"INTERNATIONAL DEPARTURE, DOMESTIC DEPARTURE",,Main Terminal,,International/Domestic,,
N02317,ZNZ,Abeid Amani Karume International Airport,Paradise Arrival Lounge,,Airside - The lounge is located on the left hand side of the immigration and passport control.,"INTERNATIONAL ARRIVAL, DOMESTIC ARRIVAL",,Terminal 2,,International/Domestic,,
N02650,HSN,Putuoshan Airport,First Class Lounge,,"Airside - After passport control and security check, turn right and the lounge is located near gate No.3.",DOMESTIC DEPARTURE,,Main Terminal,,Domestic,,
N02651,HSN,Putuoshan Airport,Service Reception Counter,,Acess the departure hall from Gate No.2 and ask the service counter near the right side.,DOMESTIC DEPARTURE,,Main Terminal,,Domestic,,
N02201,CNN,Kannur International Airport,Pearl Lounge*,,"Airside - After passport control and security check, the lounge is located next to gate 6.",INTERNATIONAL DEPARTURE,,Terminal 1,,International,,
N02202,CNN,Kannur International Airport,Pearl Lounge,,"Airside - After passport control and security check, the lounge is located next to gate 7.",DOMESTIC DEPARTURE,,Terminal 1,,Domestic,,
N02204,AQJ,King Hussein International Airport,Pearl Lounge,,"Airside - After passport control and security check, follow signs for ""Pearl Lounge"".","INTERNATIONAL DEPARTURE, DOMESTIC DEPARTURE",,Main Terminal,,International/Domestic,,
N02656,BEG,Belgrade Nikola Tesla Airport,Airport Business Lounge,,"Airside - After passport control and security, the lounge is located near boarding gate A4.",INTERNATIONAL DEPARTURE,,Terminal 2,,International,,
N01810,SNN,Shannon Airport,Boru Lounge,,"Airside -  After passport control and security check, exit the Duty Free and turn left, follow signs to Gate 7.","INTERNATIONAL DEPARTURE, DOMESTIC DEPARTURE",,Main Terminal,,International/Domestic,,
N02207,FAO,Faro Airport,CIP Lounge,,"Airside - After security check, follow the directions towards ""Gates A - Other Destinations"". The lounge is located immediately ahead.",INTERNATIONAL DEPARTURE,,Main Terminal,,International,,
N01816,GYE,Jose Joaquin De Olmedo International Airport,Aeropuertos VIP Club,,Airside - The lounge is located between the Aerogal and Icaro Lounges.,DOMESTIC DEPARTURE,,Domestic Terminal,,Domestic,,
N01817,GYE,Jose Joaquin De Olmedo International Airport,Aeropuertos VIP Club,,"Airside - After immigration, security checks and duty free, the lounge is near gate 8.",INTERNATIONAL DEPARTURE,,International Terminal,,International,,
N01700,CAN,Baiyun International Airport,Lounge for Airport Pass Members,,"Landside - Before passport control and security check, from Gate 41 of Departure Hall Terminal 2, head toward Checkpoint Island Area C, and on the left side, identify ""Airport Connection Member Domestic Reception Area"" (opposite to Baggage Check Area C18).",DOMESTIC DEPARTURE,,Terminal 2,,Domestic,,
N02883,JGS,Ji’An/Jing Gang Shan Airport,First Class Lounge,,"Airside - After passport control and security check, the lounge is located at the isolation waiting area, go upstairs on the second floor of Departure Hall and turn right for 50 meters.",DOMESTIC DEPARTURE,,Main Terminal,,Domestic,,
N01704,PUQ,Presidente Carlos Ibanez del Campo International Airport,Salon Pacific Club Punta Arenas,,"Airside - After security check, turn right and find the Pacific Club VIP Lounge on the 2nd floor of the departures lounge.",DOMESTIC DEPARTURE,,Main Terminal,,Domestic,,
N01708,LSC,La Florida Airport,Salon Pacific Club La Serena,,"Airside - After passport control and security check, the lounge is located on level 2, near gate 2.",DOMESTIC DEPARTURE,,Main Terminal,,Domestic,,
N02320,VGO,Vigo-Peinador Airport,Sala VIP Illas Cies,,"Airside - After passport control and security check, proceed to level 1 in the departures area.","INTERNATIONAL DEPARTURE, INTERNATIONAL ARRIVAL, DOMESTIC DEPARTURE, DOMESTIC ARRIVAL",,Main Terminal,,International/Domestic,,
N02325,NGB,Lishe International Airport,Business Easy Boarding,,"Landside - Before passport control and security check, the business easy check - in counter in the departure hall (gate 23 or 25).",DOMESTIC DEPARTURE,,Terminal 2,,Domestic,,
N02326,YBP,Yibin Airport,First Class Lounge,,"Airside - After passport control and security check, turn left and proceed to gates 1 - 6.",DOMESTIC DEPARTURE,,Main Terminal,,Domestic,,
N01934,TVS,Tangshan Sannuhe Airport,First Class Lounge,,"Airside - After passport control and security check, the lounge is located near gates 1 - 3.",DOMESTIC DEPARTURE,,Main Terminal,,Domestic,,
N02663,DLA,Douala International Airport,Air France Lounge,,"Landside - Before passport control and security check, the lounge is located in the main public area.","INTERNATIONAL DEPARTURE, INTERNATIONAL ARRIVAL",,Main Terminal,,International,,
N01937,DSS,Dakar Blaise Diagne International Airport,Top Kapi Lounge*,,"Airside - After passport control and security check, the lounge is located near gate 6.","INTERNATIONAL DEPARTURE, INTERNATIONAL TRANSIT, DOMESTIC DEPARTURE, DOMESTIC TRANSIT",,Main Terminal,,International/Domestic,,
N02550,HBE,Borg El Arab Airport,Pearl Lounge,,"Airside - After passport control and security check, the lounge is located near boarding gates 3 and 4.",INTERNATIONAL DEPARTURE,,Main Terminal,,International,,
N02552,DLC,Zhoushuizi International Airport,Business Lounge Reception Counter,,,DOMESTIC DEPARTURE,,Main Terminal,,Domestic,,
N02103,DAD,Da Nang International Airport,CIP Orchid Lounge,,"Airside - After passport control and security check, turn right and go ahead 100m. The lounge is located on the right on the mezzanine floor.",INTERNATIONAL DEPARTURE,,International Terminal,,International,,
N01711,NWI,Norwich Airport,Norwich Airport Executive Lounge,,"Airside - After passport control and security check, in the departure hall the lounge is located on the left hand side next to gate 1.","INTERNATIONAL DEPARTURE, DOMESTIC DEPARTURE",,Main Terminal,,International/Domestic,,
N01712,MME,Durham Tees Valley Airport,The Rockliffe Lounge,,"Airside - After passport control and security check, proceed through Duty Free. Follow the departure corridor to the left. The Rockcliffe Lounge is located at the end of the main departures area.","INTERNATIONAL DEPARTURE, INTERNATIONAL ARRIVAL",,Main Terminal,,International,,
N01715,PMC,El Tepual Airport,Salon Pacific Club Puerto Montt,,"Airside - After passport control and security check, proceed southward on level 2.",DOMESTIC DEPARTURE,,Main Terminal,,Domestic,,
N02896,HAK,Meilan International Airport,Sleeping in Airport Hotel,,"Arrival area - the lounge is located opposite Gate 1, Arrival Hall, Terminal 1.",DOMESTIC DEPARTURE,,Terminal 1,,Domestic,,
N03060,ONT,Ontario International Airport,Aspire Lounge,,"Airside - After passport control and security check, turn left and proceed towards gates 411 - 413.",DOMESTIC DEPARTURE,,Terminal 4,,Domestic,,
N03061,ONT,Ontario International Airport,Aspire Lounge,,"Airside - After passport control and security check, turn left and proceed towards gates 210 - 213.","INTERNATIONAL DEPARTURE, DOMESTIC DEPARTURE",,Terminal 2,,International/Domestic,,
N02333,KWL,Liangjiang International Airport,VIP Reception Counter,,"Landside - Before passport control and security check, VIP reception counter is on the third floor of B island in the terminal building.",DOMESTIC DEPARTURE,,Terminal 2,,Domestic,,
N01945,CXR,Cam Ranh International Airport,Sun Coast,,"Airside - After passport control and security check, turn left and proceed straight ahead. The entrance to the lounge is located opposite Gates 1 - 3",INTERNATIONAL DEPARTURE,,Terminal 2,,International,,
N01948,LGK,Langkawi International Airport,Plaza Premium Lounge (PPL) Langkawi,,"Landside - Lot No. L1L16,L1L20 &L1L21, Level 1, Arrival Hall, Public Concourse (Landside),","INTERNATIONAL DEPARTURE, INTERNATIONAL ARRIVAL, DOMESTIC DEPARTURE, DOMESTIC ARRIVAL",,International Terminal,,International/Domestic,,
N03293,TCG,Tacheng Airport,First Class Lounge,,"Airside - After passport control and security check, the lounge is located opposite gate 1,  the elevator on the second floor.",DOMESTIC DEPARTURE,,Main Terminal,,Domestic,,
N02115,AYT,Antalya Airport,CIP Lounge,,"Airside - After passing through airport security, the lounge is located in the main hall next to departure gate 7.",DOMESTIC DEPARTURE,,Domestic Terminal,,Domestic,,
N03181,FOC,Changle International Airport,Sea Cloud Business Lounge,,"Airside- Fuzhou Changle Airport International Airport, after security check, next to Gate 8, Magical Tea.",DOMESTIC DEPARTURE,,Main Terminal,,Domestic,,
N01613,PVG,Pudong International Airport,Juneyao Air No.86 VIP Lounge,,"Airside - After passport control and security check, turn right and walk straight 360 meters, the lounge is next to the No.C80 Departure Gate.",DOMESTIC DEPARTURE,,Terminal 2,,Domestic,,
N02344,YOW,Ottawa/Macdonald-Cartier International Airport,Aspire Lounge,,"Airside - After passport control & security, turn left and follow signs for gate 20. The entrance is located to the left immediately after gate 18.","INTERNATIONAL DEPARTURE, DOMESTIC DEPARTURE",,Main Terminal,,International/Domestic,,
N01952,SJO,Juan Santamaria International Airport,BAC Credomatic,,"Airside - After security check, the lounge is located near boarding gate 17.",INTERNATIONAL DEPARTURE,,Main Terminal,,International,,
N02230,LIN,Linate Airport,Piranesi Classic Lounge,,Landside - The lounge is located near the Alitalia check - in area.,"INTERNATIONAL DEPARTURE, DOMESTIC DEPARTURE",,Main Terminal,,International/Domestic,,
N01953,BEY,Beirut-Rafic Hariri International Airport,Beirut Lounge,,"Airside - After passport control and security check, the lounge is located on the floor above passport control and duty free area.","INTERNATIONAL DEPARTURE, INTERNATIONAL ARRIVAL",,Main Terminal,,International,,
N02349,TIV,Tivat Airport,Business Lounge,,"Airside - After passport control & security check, the lounge is located immediately on the left.",INTERNATIONAL DEPARTURE,,Terminal 1,,International,,
N02686,CGQ,Longjia International Airport,First Class Lounge,,"Airside - turn right, the lounge is located near Gate 27.",DOMESTIC DEPARTURE,,Terminal 2,,Domestic,,
N02687,HUZ,Huizhou Pingtan Airport,Business Lounge,,"After security check,turn left to the second floor mezzanine then go straight to this Business Lounge.",DOMESTIC DEPARTURE,,Terminal 2,,Domestic,,
N01843,SCQ,Santiago de Compostela Airport,Sala VIP Santiago,,"Airside - After security check, pass through the duty free shop and turn right. The lounge is located near gates 6 and 7.",DOMESTIC DEPARTURE,,Terminal 1,,Domestic,,
N02239,MAH,Menorca Airport,Sala VIP Tramuntana,,"Airside - After security check, the gate is located on level 3.","INTERNATIONAL DEPARTURE, DOMESTIC DEPARTURE",,Main Terminal,,International/Domestic,,
N02122,CAG,Cagliari - Elmas Airport,Prima Vista Lounge,,"Airside - The lounge is located after the security checks, on the first floor on the left hand side.","INTERNATIONAL DEPARTURE, DOMESTIC DEPARTURE",,Main Terminal,,International/Domestic,,
N01730,MVD,Carrasco International Airport,Aeropuertos VIP Club,,"Airside - After passport control and security check, the lounge is located on the east side of the terminal.",INTERNATIONAL DEPARTURE,,Main Terminal,,International,,
N01731,PDP,Punta Del Este Airport,Aeropuertos VIP Club,,"Airside - After passport control and security check, the lounge is located in the boarding area.",INTERNATIONAL DEPARTURE,,Main Terminal,,International,,
N01732,DUS,Dusseldorf International Airport,DUS Sky Lounge,,Airside - After security and passport control. Pass through the duty free shop and follow signs to the lounge located in pier C.,"INTERNATIONAL DEPARTURE, INTERNATIONAL ARRIVAL, DOMESTIC DEPARTURE, DOMESTIC ARRIVAL",,Terminal C,,International/Domestic,,
N02464,GVA,Geneva Airport,Air France Lounge,,"Airside - After passport control and security, the lounge is located on the mezzanine level in the international area. The lounge can also be accessed from the French sector on level 1.","INTERNATIONAL DEPARTURE, DOMESTIC DEPARTURE",,Terminal 1,,International/Domestic,,
N02468,BER,Berlin Brandenburg Airport,Lounge Tempelhof,,"Airside- After security check, the lounge is located on level E1 near boarding gate A20","INTERNATIONAL DEPARTURE, DOMESTIC DEPARTURE",,Terminal 1,,International/Domestic,,
N03197,WHA,Wuhu xuancheng Airport,Business VIP Lounge,,"Airside - After passport control and security check, the lounge is located on the first floor at gates 1-6, next to the escalators.",DOMESTIC DEPARTURE,,Main Terminal,,Domestic,,
N02469,BER,Berlin Brandenburg Airport,Lounge Tegel,,"Airside - After security, the lounge entrance is located on level E1 near boarding gate B17.","INTERNATIONAL DEPARTURE, DOMESTIC DEPARTURE",,Terminal 1,,International/Domestic,,
N03084,OKA,Naha Airport,LOUNGE HANA,,"Landside- Domestic departure area, 4th floor, right side facing the runway",DOMESTIC DEPARTURE,,Domestic Terminal,,Domestic,,
N02357,CGK,Soekarno-Hatta International Airport,Saphire  Lounge(International),,"Airside - After security check, the lounge is located on the 2nd floor near Gate F",INTERNATIONAL DEPARTURE,,Terminal 2F,,International,,
N03086,KIX,Kansai International Airport,SOUTH LOUNGE,,"Airside- Located on the 3rd floor at the center of the international departure gate area. Please use the elevator between Gates 22 and 23 to go up to the 3rd floor.""",INTERNATIONAL DEPARTURE,,Terminal 1,,International,,
N02240,FUE,Fuerteventura Airport,Sala VIP Jable,,"Airside - After security check, the lounge is located near boarding gates 5 and 6.","INTERNATIONAL DEPARTURE, DOMESTIC DEPARTURE",,Terminal 1,,International/Domestic,,
N01963,TEN,Tongren Airport,First Class Lounge,,"Airside - After passport control and security check, turn right and go to the 2nd floor, and then turn left, follow the sign to the lounge.",DOMESTIC DEPARTURE,,Main Terminal,,Domestic,,
N02241,VFA,Victoria Falls Airport,Makuwa Lounge,,"Airside - After passport control and security check, go up the escalators and turn left. You will see signs for 'Business Lounges' and the lounge is located down the corridor to your left.",INTERNATIONAL DEPARTURE,,Main Terminal,,International,,
N02692,NGB,Lishe International Airport,YONGYI Business Lounge,,"After security checks,turn right and go straight to the end.",DOMESTIC DEPARTURE,,Terminal 2,,Domestic,,
N02242,VFA,Victoria Falls Airport,Makuwa Lounge,,"Airside - After passport control and security check, go up the escalator and turn left. Follow signs for 'Business Lounges' and the lounge will be located down a corridor on your right.",INTERNATIONAL DEPARTURE,,Main Terminal,,International,,
N02696,PEK,Beijing Capital International Airport,Business Lounge V2 of China Eastern Airlines(T2 Dom),,"Airside - After security checks, take the escalator which opposite to the Acasia Food to third floor.(This Lounge is limited to passengers who are flying with China Eastern Airlines as the actual operating carrier)",DOMESTIC DEPARTURE,,Terminal 2,,Domestic,,
N02584,AKU,Aksu Airport,First Class Lounge,,"Airside - After passport control and security check, turn right and take the escalator to the lounge.",DOMESTIC DEPARTURE,,Main Terminal,,Domestic,,
N02134,CSX,Huanghua International Airport,No.1-2 First Class Lounge,,"Airside - After passport control and security check, turn right and then walk about 20 meters.",DOMESTIC DEPARTURE,,Terminal 1,,Domestic,,
N02135,CSX,Huanghua International Airport,Book Bar,,"Airside - After passport control and security check, the lounge is located near gate 23-24.",DOMESTIC DEPARTURE,,Terminal 2,,Domestic,,
N01742,WNZ,Longwan International Airport,First Class VIP Lounge No.1,,"Airside - After passport control and security check, turn left to the No. 1 first class lounge",DOMESTIC DEPARTURE,,Terminal 2,,Domestic,,
N01743,BFJ,Bijie Airport,First Class Lounge,,"Airside - After passport control and security check,  the ""first class lounge"" on the first floor.",DOMESTIC DEPARTURE,,Main Terminal,,Domestic,,
N02472,PEK,Beijing Capital International Airport,CIP Reception Counter,,"Landside - Before passport control and security check, the counter is on the left side, next to the first-class security check channel.",DOMESTIC DEPARTURE,,Terminal 3,,Domestic,,
N02023,UCB,Ulanqab Tsining Airport,VIP Lounge,,"Landside - Before passport control and security check, the Lounge is located on the 1st floor, east side.",DOMESTIC DEPARTURE,,Main Terminal,,Domestic,,
N01634,RMF,Marsa Alam Airport,Pearl Lounge (Landside),,"Landside - Before passport control and security check, the lounge is located in front of the check - in desks.","DOMESTIC DEPARTURE, DOMESTIC ARRIVAL",,Terminal 1,,Domestic,,
N00906,LRM,La Romana International Airport,Salon Premier,,Airside - The lounge is located on the left after passing through airport security.,INTERNATIONAL DEPARTURE,,Main Terminal,,International,,
N01635,RMF,Marsa Alam Airport,Pearl Lounge (Airside),,"Airside - After passport control and security check, the lounge is located at the end of the hall after the duty free shops.",INTERNATIONAL DEPARTURE,,Terminal 1,,International,,
N02365,OLB,Olbia Costa Smeralda Airport,Club Lounge,,"Airside - After passport control and security, the lounge is located immediately on the right.","INTERNATIONAL DEPARTURE, DOMESTIC DEPARTURE",,Terminal 1,,International/Domestic,,
N02366,ALC,Alicante-Elche Airport,Sala VIP Costa Blanca,,Airside - The lounge is located after security check on level 1 of the Passenger terminal.,"INTERNATIONAL DEPARTURE, DOMESTIC DEPARTURE",,Main Terminal,,International/Domestic,,
N01638,KRL,Korla Airport,First & Business Class Lounge,,"Airside - After passport control and security check, the right hand elevator is on the second floor, and the front sign is clearly visible on the side.",DOMESTIC DEPARTURE,,Main Terminal,,Domestic,,
N03096,KWE,Longdongbao International Airport,Skypearl Lounge(T3-Intl),,"Airside - After passport control and security check, the lounge is located on the lower escalator on the left front of gate 407.",DOMESTIC DEPARTURE,,Terminal 3,,Domestic,,
N03099,LHE,Allama Iqbal International Airport,CIP Lounge,,"Airside - After passport control and security check, the lounge is located on upstairs, left side.",DOMESTIC DEPARTURE,,Allama Iqbal Terminal,,Domestic,,
N01415,NBS,Changbaishan Airport,First Class Lounge,,"Airside - After passport control and security check, the lounge is located at 2nd floor. Turn left after security and go straight for 100 meters, and then take escalator to 2nd floor and walk 100 meters. """,DOMESTIC DEPARTURE,,Main Terminal,,Domestic,,
N01416,ABZ,Aberdeen Airport,Northern Lights Executive Lounge,,"Airside - After passport control and security check, please proceed through the retail area and take the stairs or lift down to the lower level, near gate 1.","INTERNATIONAL DEPARTURE, DOMESTIC DEPARTURE",,Main Terminal,,International/Domestic,,
N01869,BLL,Billund Airport,King Amlet Lounge,,"Airside - After passing the duty free shop, turn right and take the stairs or escalator to the upper floor. The lounge is located on the right hand side.","INTERNATIONAL DEPARTURE, DOMESTIC DEPARTURE",,Main Terminal,,International/Domestic,,
N01758,GMP,Gimpo International Airport,Sky Hub Lounge,,"Airside - After passport control and security check, Level 2, the lounge is located near gate 35",INTERNATIONAL DEPARTURE,,International Terminal,,International,,
N02370,ZUH,Jinwan Airport,First Class Lounge (East Gallery),,"Airside - After passport control and security check, the lounge is located opposite to Gate 11.",DOMESTIC DEPARTURE,,Main Terminal,,Domestic,,
N02371,ZUH,Jinwan Airport,First Class Lounge (West Gallery),,"Airside - After passport control and security check, the lounge is located on the second floor of west gallery.",DOMESTIC DEPARTURE,,Main Terminal,,Domestic,,
N01980,DLM,Dalaman Airport,DLM Lounge,,"Airside - After security check, the lounge is located on level 3.","DOMESTIC DEPARTURE, DOMESTIC ARRIVAL",,Domestic Terminal,,Domestic,,
N00801,DNH,Dunhuang Airport,First Class Lounge No.2,,"Airside - After passport control and security check, the lounge is located near the Departure Gate 303.",DOMESTIC DEPARTURE,,Terminal 3,,Domestic,,
N02264,XIY,Xianyang International Airport,Take a Nap Hourly Charged Lounge,,"Landside - Before passport control and security check, take the elevator near the Gate 332 to the next floor.",DOMESTIC DEPARTURE,,Terminal 2,,Domestic,,
N00808,LUM,Mangshi Airport,Best Business VIP Lounge,,"Please present DragonPass Membership upon arrival at 'Best VIP Reception Desk' in domestic departure hall, the staff will assist you to handle Boarding Procedures and guide you to the Best Mangshi VIP Lounge 1. In addition, the Express security check is also available.",DOMESTIC DEPARTURE,,Main Terminal,,Domestic,,
N02266,CNX,Chiang Mai International Airport,Coral Executive Lounge,,"Airside - After passport control and security check, the lounge is located on the 2nd floor, next to gate 8.",DOMESTIC DEPARTURE,,Domestic Terminal,,Domestic,,
N01871,LUX,Luxembourg Findel Airport,The Lounge,,"Airside - After security check, the lounge is located in terminal A.",INTERNATIONAL DEPARTURE,,Terminal A,,International,,
N01763,WUS,Wuyishan Airport,International First Class Lounge,,"Airside - After passport control and security check, International Terminal, level 2, next to the gate 6.",INTERNATIONAL DEPARTURE,,Main Terminal,,International,,
N01315,UTH,Udon Thani International Airport,Coral Executive Lounge,,"Airside - After passport control and security check, 2nd Floor, left side of the Departure Hall.","DOMESTIC DEPARTURE, DOMESTIC ARRIVAL",,Terminal 2,,Domestic,,
N01768,RGN,Yangon International Airport,Mingalar Sky Business Class Lounge Domestic,,"Airside - After passport control and security check, the lounge is located on 2 floor.",DOMESTIC DEPARTURE,,Terminal 3,,Domestic,,
N00922,LBV,Libreville International Airport,Salon Samba,,"Airside - After passport control and security check, turn right and the lounge is located at the start of the corridor.",INTERNATIONAL DEPARTURE,,Terminal 1,,International,,
N01200,WEH,Dashuibo Airport,International First Class Lounge,,"Airside - After passport control and security check, near boarding gate 1",INTERNATIONAL DEPARTURE,,Main Terminal,,International,,
N02272,HTN,Hotan Airport,First and Business Class Lounge,,"Airside - After passport control and security check, departure building, Isolation Area Level 2 Gate 4.",DOMESTIC DEPARTURE,,Main Terminal,,Domestic,,
N02273,AAT,Altay Airport,Two Classes Lounge,,Airside - Two-cabin lounge 50 meters to the left after security.,DOMESTIC DEPARTURE,,Main Terminal,,Domestic,,
N02274,KJI,Kanasi Airport,First and Business Class Lounge,,"Airside - After passport control and security check, Terminal Isolation Area, through security check and enter the lounge.",DOMESTIC DEPARTURE,,Main Terminal,,Domestic,,
N01997,TSR,Traian Vuia International Airport,Domestic Business Lounge,,"Airside - After security check, take the stairs to the 1st floor and turn left. The lounge is located on the right across the corridor.",DOMESTIC DEPARTURE,,Domestic Terminal,,Domestic,,
N02275,FYN,Fuyun Airport,First and Business Class Lounge,,"Airside - After passport control and security check, the lounge is located near the terminal building boarding gate.",DOMESTIC DEPARTURE,,Main Terminal,,Domestic,,
N02276,HMI,Hami Airport,First and Business Class Lounge,,"Airside - After passport control and security check, terminal building right side, follow the sign through to the VIP resting area and enter the lounge.",DOMESTIC DEPARTURE,,Main Terminal,,Domestic,,
N01881,HDY,Hat Yai International Airport,Coral Executive Lounge,,"Airside - After passport control and security check, level 2, the lounge is on the right hand site and near the gate 4.",DOMESTIC DEPARTURE,,Terminal 1,,Domestic,,
N02277,TWC,Tumushuke (Tangwangcheng) Airport,First and Business Class Lounge,,"Airside - After passport control and security check, enter through the Isolation Area and turn left.",DOMESTIC DEPARTURE,,Main Terminal,,Domestic,,
N00703,SZB,Sultan Abdul Aziz Shah Airport,Sky Lounge,,"Landside - Before passport control and security check, proceed towards the Information Counter which is located near the main exit of the Airport where the Arrival and Departure points are situated. Take the stairs or escalator to Level 1 where the Lounge is located.",INTERNATIONAL DEPARTURE,,Skypark Terminal,,International,,
N00708,PFO,Paphos International Airport,Premium Lounge,,"Airside - After passport control and security check, the lounge is located across from gate 7.",INTERNATIONAL DEPARTURE,,Main Terminal,,International,,
N01320,CTU,Shuangliu International Airport,Take a Nap Business Lounge,,"Landside - Before passport control and security check, gate 12 of the departure hall (the lounge is directly opposite the check - in island).",DOMESTIC DEPARTURE,,Terminal 2,,Domestic,,
N01321,LCG,A Coruna Airport,Sala VIP A Coruna,,"Airside - After security check, the lounge is located in front of gate 4.",DOMESTIC DEPARTURE,,Terminal 1,,Domestic,,
N01324,HLP,Halim Perdanakusuma International Airport,Saphire Lounge,,Landside - Near to check in area,DOMESTIC DEPARTURE,,Main Terminal,,Domestic,,
N01325,KNO,Kualanamu International Airport,Saphire lounge(lnternational),,"Airside - After passport control and security check, the lounge is located near No.5 Boarding Gate, Level 2.",INTERNATIONAL DEPARTURE,,International Terminal,,International,,
N00931,LDY,City of Derry Airport,Amelia Earhart Lounge,,"Airside - Before passing through passport control and security check, first register as a customer at the 'Airport Information' desk situated on the left to obtain a door code. This will later be required to access the lounge. After doing this, pass through security and follow signs.",DOMESTIC DEPARTURE,,Main Terminal,,Domestic,,
N01328,DJB,Sultan Thaha Airport,Saphire Lounge(Domestic),,"Landside - Before security check, the lounge is located on the 2nd floor.",DOMESTIC DEPARTURE,,Domestic Terminal,,Domestic,,
N01661,BWN,Brunei International Airport,Royal Brunei's Sky Lounge,,"Airside - After passport control and security check, please take the spiral staircase to the mezzanine floor.","INTERNATIONAL DEPARTURE, INTERNATIONAL ARRIVAL",,Main Terminal,,International,,
N02057,RGN,Yangon International Airport,Mingalar Sky Business Class Lounge International,,"Airside - After passport control and security check, the lounge is located near boarding gate 2 and duty free area.",INTERNATIONAL DEPARTURE,,Terminal 1,,International,,
N00934,CLJ,Cluj International Airport,Business Lounge,,"Airside - After passport control and security check, the lounge is on the main departure terminal, opposite gates B1 and B2.",INTERNATIONAL DEPARTURE,,Main Terminal,,International,,
N01668,KMG,Changshui International Airport,First Class Lounge  V17,,"Airside - After passport control and security check, the slope will be upstairs, and the gate number 64 will be upstairs (next to the real Kung Fu restaurant).",DOMESTIC DEPARTURE,,Main Terminal,,Domestic,,
N01100,TSN,Binhai International Airport,No.10 VIP Lounge,,"Airside - After passport control and security check, the lounge is located opposite to Departure Gate 117 - 118.",DOMESTIC DEPARTURE,,Terminal 2,,Domestic,,
N02280,YIN,Yining Airport,First and Business Class Lounge,,"Airside - After passport control and security check, airport passenger channel 2, turn right and walk 20m and then you can see the lounge.",DOMESTIC DEPARTURE,,Main Terminal,,Domestic,,
N01101,CZX,Benniu Airport,VIP Reception Counter,,"Landside - Before Security Check, go straight to No.18 VIP Reception Counter",DOMESTIC DEPARTURE,,Main Terminal,,Domestic,,
N01102,CZX,Benniu Airport,International First Class Lounge,,"Airside - After passport control and security check, turn left, the lounge is located opposite to Gate 1, in the International Departure Hall.",INTERNATIONAL DEPARTURE,,Main Terminal,,International,,
N12904,NGB,Lishe International Airport,Business VIP Lounge (T2 International),,"Airside - After security check, go straight to the ""Business Lounge""",INTERNATIONAL DEPARTURE,,Terminal 2,,International,,
N01105,TSN,Binhai International Airport,No. 5 International First Class Lounge,,"Airside - After the Passport Control and Security Check, the lounge is located between Gate 105 and Duty free store.",INTERNATIONAL DEPARTURE,,Terminal 1,,International,,
N00712,EVN,Zvartnots International Airport,Converse Bank Business Lounge,,"Airside - After passport control and security check, proceed towards the Duty Free Shop. Take the elevator up to Level 4 where the Lounge is located.",INTERNATIONAL DEPARTURE,,Terminal 2,,International,,
N12908,CCU,Netaji Subhas Chandra Bose International Airport,Travel Club Lounge Domestic Annex,,"Airside -   Mezzanine floor, after security frisking zone,Turn right  opposite of Departure Gate No. 25.",DOMESTIC DEPARTURE,,Terminal 1,,Domestic,,
N01109,SVG,"Stavanger Airport, Sola",Sola North Sea Lounge,,"Airside - After passport control and security check, the lounge is in the international departure area on level 1.",INTERNATIONAL DEPARTURE,,Main Terminal,,International,,
N12909,GOI,Goa Dabolim International Airport,Travel club lounge,,"Airside -  Post Security check in 2nd Floor, At Security holding area Near gate B",DOMESTIC DEPARTURE,,Domestic Terminal,,Domestic,,
N01894,MRS,Marseille Provence Airport,VIP European Union Flights Lounge,,"Airside - After security check go thru the duty free shop and then turn on your left, heading to gate 40.",DOMESTIC DEPARTURE,,Terminal 1,,Domestic,,
N00715,SHJ,Sharjah International Airport,The Lounge,,"Airside - After passport control and security check, turn left after the Dufry Shop. The Lounge is located near the information help desk.",INTERNATIONAL DEPARTURE,,Terminal 1,,International,,
N00600,NCE,Nice Airport,The Infinity Lounge,,"Airside - After passport control, the lounge is located on the left hand side near the 'Saveurs de Provence' shop.",DOMESTIC DEPARTURE,,Terminal 2,,Domestic,,
N00718,MAA,Chennai International Airport,Travel Club Lounge 1 (Domestic Terminal),,"Airside - After passport control and security check, the lounge is located on level 3 (lounge level), opp to Gate No-6",DOMESTIC DEPARTURE,,Terminal 1,,Domestic,,
N01780,XNN,Caojiabu Airport,First Class Lounge,,"Airside - After passport control and security check, go straight for 150 meters, take the straight ladder up to the second floor.",DOMESTIC DEPARTURE,,Terminal 3,,Domestic,,
N00602,BGY,Bergamo Orio Al Serio International Airport,HelloSky VIP Lounge,,"Airside - Before passport control and after security check, the lounge is located near boarding area A15.",INTERNATIONAL DEPARTURE,,Main Terminal,,International,,
N00603,BGY,Bergamo Orio Al Serio International Airport,VIP Lounge and Fast Track,,"Landside - Before security checks, opposite the ticket desk. The lounge is located next to security control. Airport security fast track and private check-in are included with entry.",INTERNATIONAL DEPARTURE,,Main Terminal,,International,,
N00608,LIN,Linate Airport,Leonardo Exclusive Lounge,,Airside - The lounge is located in front of gate 18 and can be reached by stairs or by elevator.,"INTERNATIONAL DEPARTURE, DOMESTIC DEPARTURE",,Main Terminal,,International/Domestic,,
N00942,FAO,Faro Airport,CIP Lounge,,"Airside - After security check, follow directions for gates B, go through the duty free shop and the lounge will be located on your left.","INTERNATIONAL DEPARTURE, DOMESTIC DEPARTURE",,Main Terminal,,International/Domestic,,
N00830,HET,Baita International Airport,First Class Lounge No.3,,"Airside - After passport control and security check, proceed 200 meters towards the 'East Side'. The lounge is opposite gate 6.",DOMESTIC DEPARTURE,,Main Terminal,,Domestic,,
N12910,CCU,Netaji Subhas Chandra Bose International Airport,Travel Club Lounge Extension,,"Airside -  Departure Lavel, after the immigration and security frisking zone. Turn right and then take another right near Departure Gate No. 10.",INTERNATIONAL DEPARTURE,,Terminal 2,,International,,
N01111,WAW,Warsaw Chopin Airport,Preludium Executive Lounge,,"Airside - After passport control and security check, the lounge is located near departure gates 33 - 35, on Level 0 in the Schengen Area.","INTERNATIONAL DEPARTURE, DOMESTIC DEPARTURE",,Terminal A,,International/Domestic,,
N12911,GOI,Goa Dabolim International Airport,Travel club lounge,,"Airside -  Post Security check in 2nd Floor, At Security holding area Near gate  B",INTERNATIONAL DEPARTURE,,International Terminal,,International,,
N00834,BRQ,Brno-Turany Airport,Business Lounge,,"Airside - After security check, proceed to level 1 where the lounge is located next to the 'Aviette Bar'.","INTERNATIONAL DEPARTURE, DOMESTIC DEPARTURE",,Terminal 1,,International/Domestic,,
N12912,LHW,Zhongchuan Airport,T3 VIP Lounge (Domestic),,"Airside - After security check, take the elevator to Concourse D on the second floor, opposite Gate D60",DOMESTIC DEPARTURE,,Terminal 3,,Domestic,,
N00835,CUR,Curacao/Hato International Airport,VIP Lounge,,"Airside - After passport and security check, turn left and walk through the duty free to the west side of the terminal. The lounge is located opposite gate 4.","INTERNATIONAL DEPARTURE, DOMESTIC DEPARTURE",,Main Terminal,,International/Domestic,,
N00836,LJU,Ljubljana Joze Pucnik Airport,Business Lounge,,"Airside - Please register at the information desk. Once registered, proceed to the 1st floor where the lounge is located.","INTERNATIONAL DEPARTURE, DOMESTIC DEPARTURE",,Terminal 1,,International/Domestic,,
N00720,MAA,Chennai International Airport,Travel Club Lounge,,"Airside - After Immigration  and security check, crossing SHA, take right towards Elevator  Lounge located on 3rd Floor.",INTERNATIONAL DEPARTURE,,Terminal 2,,International,,
N00838,GIB,Gibraltar Airport,Calpe Lounge,,"Airside - After passport control and security check, proceed straight to the departure seating area. The lounge is located on the right hand side.",INTERNATIONAL DEPARTURE,,Main Terminal,,International,,
N01116,BSB,Brasilia International Airport,Aeroportos VIP Club (International),,"Airside - After passport control and security check, turn left at the Duty Free Shop.",INTERNATIONAL DEPARTURE,,Terminal 1,,International,,
N01117,MUX,Multan International Airport,CIP Lounge,,"Airside - After passport control and security check, CIP Lounge is located opposite to Immigration Counter, near Boarding Gate 4.",INTERNATIONAL DEPARTURE,,Terminal 1,,International,,
N01118,MUX,Multan International Airport,CIP Lounge,,"Airside - After passport control and security check, take the elevator upstairs and the VIP room is located opposite the ASF security check - in counter.",DOMESTIC DEPARTURE,,Terminal 1,,Domestic,,
N01569,CSX,Huanghua International Airport,Lexiang Hall 4,,"Airside - Outside the quarantine area, behind the check-in D",DOMESTIC DEPARTURE,,Terminal 2,,Domestic,,
N12918,SQJ,Shaxian Airport,First Class Lounge 02,,"Airside - After security check, take the escalator up to the second floor and you will find the ""First Class Lounge"" about 50 meters in front of you on the right.",DOMESTIC DEPARTURE,,Main Terminal,,Domestic,,
N01119,CNX,Chiang Mai International Airport,The Coral Executive Lounge,,"Airside - After passport control and security check, go straight after immigration at the end of the walk, the lounge is located near Gate 7 - 8, on Level 2.",INTERNATIONAL DEPARTURE,,International Terminal,,International,,
N12919,PUS,Gimhae International Airport,N Sky Hub Lounge,,"Airside - 2nd Floor, Oppposite of Gate 2,3",INTERNATIONAL DEPARTURE,,International Terminal,,International,,
N00728,LLW,Lilongwe International Airport,Ndege Business Class Lounge,,"Airside - After passport control and security check, follow signs to the 'Ndege Business Class Lounge' located on level 1.",INTERNATIONAL DEPARTURE,,Main Terminal,,International,,
N01007,HAN,Noi Bai International Airport,Vietnam Airlines Lotus Lounge - International,,"Airside - After passport control and security check, the lounge is located near the east side of terminal 2, turn right and go upstairs to level 3, near gate 22.",INTERNATIONAL DEPARTURE,,Terminal 2,,International,,
N01345,PGK,Depati Amir Airport,Saphire Lounge(Domestic),,"Airside - After passport control and security check, turn right and go upstairs, the lounge will be on the right after escalator or stairs.  """,DOMESTIC DEPARTURE,,Domestic Terminal,,Domestic,,
N02075,CGO,Xinzheng International Airport,First Class Lounge (3rd Floor Northeast),,"Airside - After security check, go straight to the left to the end of the elevator, the lounge is located opposite gate 242.",DOMESTIC DEPARTURE,,Terminal 2,,Domestic,,
N00500,BSL,Euro Airport Bâle Mulhouse Fribourg,Skyview Lounge,,"Airside - After security check, the lounge is located in the center of the terminal next to the duty free shop on the departures level.",INTERNATIONAL DEPARTURE,,Terminal Y,,International,,
N01347,BSZ,Manas International Airport,Business Lounge,,"Airside - After passport control and security check, the lounge is located on the right hand side of the third floor.",INTERNATIONAL DEPARTURE,,Main Terminal,,International,,
N02076,CGO,Xinzheng International Airport,First Class Lounge (3rd floor Southeast),,Airside - The lounge is located opposite gate 234.,DOMESTIC DEPARTURE,,Terminal 2,,Domestic,,
N00501,GVA,Geneva Airport,Horizon Lounge,,"Airside - After passport control, take the stairs on the right hand side of the transit area to the mezzanine level where the lounge is located.",INTERNATIONAL DEPARTURE,,Terminal 1,,International,,
N00953,LUZ,Lublin Airport,Business Executive Lounge Non-Schengen,,"Airside - After security checks and passport control, the lounge is located near gate 1 on the left hand side.","DOMESTIC DEPARTURE, DOMESTIC ARRIVAL",,Main Terminal,,Domestic,,
N01682,CNX,Chiang Mai International Airport,Bangkok Airways Boutique Lounge Domestic,,"Landside - Before passport control and security check, Domestic Terminal, Domestic Departure, Level 2, before entering the security area",DOMESTIC DEPARTURE,,Domestic Terminal,,Domestic,,
N00503,CWL,Cardiff Airport,51 Degrees Executive Lounge,,"Airside - After security check and Duty-Free, walk left around Costa. The lounge is opposite WHSmith.",INTERNATIONAL DEPARTURE,,Main Terminal,,International,,
N05409,ZAT,Zhaotong Airport,Best First Class Lounge (T1 Domestic),,"Landside - Departure Hall, ""First Class Lounge"" next to the security checkpoint",DOMESTIC DEPARTURE,,Main Terminal,,Domestic,,
N01233,BJV,Milas-Bodrum Airport,Primeclass Lounge,,"Airside - After passport control and security check, turn right, proceed towards the fast track X-ray security check and turn right again. Take the elevator or escalator to the mezzanine level. Follow signs to the lounge.",INTERNATIONAL DEPARTURE,,International Terminal,,International,,
N01576,WUH,Tianhe International Airport,First Class Lounge No. 1,,"Airside - Terminal 3, up to Level 4 and turn right after Security Check.",INTERNATIONAL DEPARTURE,,Terminal 3,,International,,
N01013,IBZ,Ibiza Airport,Sala VIP Cap des Falco,,"Airside - After security check, the lounge is located next to boarding gate 1.","INTERNATIONAL DEPARTURE, DOMESTIC DEPARTURE",,Main Terminal,,International/Domestic,,
N02193,CEI,Chiang Rai International Airport,Coral Executive Lounge,,"Airside - After passport control and security check, walk straight to the Gate No. 1 & 2.  Lounge located in between Gate 1 - 2.",DOMESTIC DEPARTURE,,Terminal 1,,Domestic,,
N01466,INC,Hedong International Airport,International First Class Lounge,,"Airside - After passport control and security check, the lounge is located on the second floor of Terminal T1.",INTERNATIONAL DEPARTURE,,Terminal 2,,International,,
N00620,AYT,Antalya Airport,FTA Comfort Lounge,,"Airside - After passport control, the lounge is located on the 3rd floor.",INTERNATIONAL DEPARTURE,,Terminal 2,,International,,
N01016,SEN,London Southend Airport,Skylife Lounge,,"Airside - After passport control and security check, proceed to the Pilot Cafe where a staff member will greet you. Customers will have access to a range of food and beverage options.","INTERNATIONAL DEPARTURE, DOMESTIC DEPARTURE",,Main Terminal,,International/Domestic,,
N00739,SVQ,Seville Airport,Sala VIP Azahar,,"Airside - After security check, the lounge is located near Gate B14.",INTERNATIONAL DEPARTURE,,Main Terminal,,International,,
N05410,JHG,Gasa Airport,Best Business Lounge (Landside),,"Landside - Departure Level, Gate 2, right-hand side, ""Business Lounge"" verification.",DOMESTIC DEPARTURE,,Main Terminal,,Domestic,,
N05411,JHG,Gasa Airport,Business Lounge (Airside),,Airside- Right hand side of the 1st floor after security check.,DOMESTIC DEPARTURE,,Main Terminal,,Domestic,,
N00511,DRV,Dharavandhoo Airport,Kashimaa Lounge,,"Landside - Before passport control and security check, lounge is located before the departure check - in area.",DOMESTIC DEPARTURE,,Domestic Terminal,,Domestic,,
N01691,GIG,Galeao-Antonio Carlos Jobim International Airport,Lounge GOL Smiles,,Airside - The lounge is located on the 2nd floor opposite gates B36 and B37.,DOMESTIC DEPARTURE,,Terminal 2,,Domestic,,
N05417,CTU,Shuangliu International Airport,Airlines Lounge（Before T1 security check）,,"Landside - Enter the departure hall, take the escalator or elevator on the far left to the 3rd floor mezzanine, then follow the sign for ""First Class/Business Class Lounge"" to the counter to verify your use of the service",DOMESTIC DEPARTURE,,Terminal 1,,Domestic,,
N01692,GIG,Galeao-Antonio Carlos Jobim International Airport,Lounge GOL Smiles,,"Airside - The lounge is located in the south pier. After security control, proceed through the duty free shop, take the stairs or elevator to the 3rd floor.",INTERNATIONAL DEPARTURE,,Terminal 2,,International,,
N02088,PEK,Beijing Capital International Airport,CIP International Lounge,,"Airside - After passport control and security check, the lounge is located near the gate 12.",INTERNATIONAL DEPARTURE,,Terminal 2,,International,,
N05418,CTU,Shuangliu International Airport,Airlines Lounger（After T1 security check）,,"Airside - After passing security check in Area B, turn left when you see the LELECHA store, follow the sign for ""First Class/Business Class Lounge"" and go straight for about 100 meters. Then take the escalator or elevator to the 3rd floor to reach the ""First Class/Business Class Lounge""",DOMESTIC DEPARTURE,,Terminal 1,,Domestic,,
N01694,CSX,Huanghua International Airport,Joy Flight VIP Lounge 5,,Airside: The lounge is located near boarding gates 18 and 19.,DOMESTIC DEPARTURE,,Terminal 2,,Domestic,,
N00966,NUE,Albrecht Durer Airport Nurnberg,Durer Lounge,,"Airside - After security check, take the escalator upstairs the lounge is located next to the Duty Free shop.",DOMESTIC DEPARTURE,,Main Terminal,,Domestic,,
N00403,HGH,Xiaoshan International Airport,Yi Xing VIP Lounge No.6,,"Airside - After passport control and security check, the lounge is opposite to the boarding gate B23.",DOMESTIC DEPARTURE,,Terminal 3,,Domestic,,
N01470,JNZ,Jinzhouwan Airport,First Class Lounge,,"Airside - After passport control and security check, take the right escalator to the second floor.",DOMESTIC DEPARTURE,,Main Terminal,,Domestic,,
N00747,AZS,Samana El Catey International Airport,Sala Jade,,"Airside - After passport control and security check, the lounge is located opposite the duty free area.",INTERNATIONAL DEPARTURE,,Terminal A,,International,,
N01027,HAN,Noi Bai International Airport,Vietnam Airlines Lotus Lounge,,"Airside - After passport control and security check, on second floor at lobby C, go straight to lobby D and upstairs to level 3.",DOMESTIC DEPARTURE,,Terminal 1,,Domestic,,
N05420,ITM,Osaka-Itami International Airport,Lounge Osaka,,Landside -Located on the 3rd floor of the Central Terminal.,DOMESTIC DEPARTURE,,Central Terminal,,Domestic,,
N05421,RIZ,Rizhao-Shanzihe International Airport,First Class Lounge,,"Airside - After security check, go to the ""First Class Lounge"" on the second floor of the terminal building's isolation area, opposite Gate 7.",DOMESTIC DEPARTURE,,Main Terminal,,Domestic,,
N00522,GOA,Genoa Cristoforo Colombo Airport,Sala Genova,,"Landside - Before passport control and security check, the lounge is located in the main departure hall, on the right hand side of the check - in counters.","DOMESTIC DEPARTURE, DOMESTIC ARRIVAL",,Main Terminal,,Domestic,,
N05310,BAR,Qionghai Boao Airport,First Class Lounge (T1 Domestic),,"Airside-Two floors up, next to gate two",DOMESTIC DEPARTURE,,Main Terminal,,Domestic,,
N05428,SGN,Tan Son Nhat International Airport,The SENS Business Lounge,,"Airside -  After securities (level 3), proceed to level 4. The lounge is located at the  left end of the terminal.",DOMESTIC DEPARTURE,,Terminal 3,,Domestic,,
N00528,ZUH,Jinwan Airport,VIP Lounge,,"Before security check, turn right and go straight through the left passage of ""Café Restaurant"" to ""Zhuhai Airport VIP Lounge"".",DOMESTIC DEPARTURE,,Main Terminal,,Domestic,,
N00861,SOU,Southampton Airport,The Spitfire Lounge,,"Airside - After security check on Level 1, follow signage for the Spitfire Lounge.","INTERNATIONAL DEPARTURE, DOMESTIC DEPARTURE",,Main Terminal,,International/Domestic,,
N00863,KGL,Kigali International Airport,Pearl Lounge (Departures),,"Airside - Located after Passport Control but before the final Security Checkpoint. Next to Gate 1, after the Duty Free Shops.","INTERNATIONAL DEPARTURE, DOMESTIC DEPARTURE",,Main Terminal,,International/Domestic,,